cn_code,description,product_group,benchmark_column,production_route,bm_tco2e_per_ton
25070080,Kaolinic clays (other than kaolin),Cement,Column A,,0.66600000000000004
25070080,Kaolinic clays (other than kaolin),Cement,Column B,,0.66600000000000004
25231000,Cement clinkers,Cement,Column A,(A),0.66600000000000004
25231000,Cement clinkers,Cement,Column B,(A),0.66600000000000004
25231000,Cement clinkers,Cement,Column A,(B),0.85899999999999999
25231000,Cement clinkers,Cement,Column B,(B),0.85899999999999999
25232100,"White portland cement, whether or not artificially coloured",Cement,Column A,,0
25232100,"White portland cement, whether or not artificially coloured",Cement,Column B,,0.85899999999999999
25232900,"Portland cement (excl. white, whether or not artificially coloured)",Cement,Column A,,0
25232900,"Portland cement (excl. white, whether or not artificially coloured)",Cement,Column B,,0.66600000000000004
25233000,Aluminous cement,Cement,Column A,(1),0.71699999999999997
25233000,Aluminous cement,Cement,Column B,(1),0.71699999999999997
25233000,Aluminous cement,Cement,Column A,(2),0.68600000000000005
25233000,Aluminous cement,Cement,Column B,(2),0.68600000000000005
25239000,"Cement, whether or not coloured (excl. portland cement and aluminous cement)",Cement,Column A,(A),0
25239000,"Cement, whether or not coloured (excl. portland cement and aluminous cement)",Cement,Column B,(A),0.66600000000000004
25239000,"Cement, whether or not coloured (excl. portland cement and aluminous cement)",Cement,Column A,(B),0
25239000,"Cement, whether or not coloured (excl. portland cement and aluminous cement)",Cement,Column B,(B),0.84699999999999998
28041000,Hydrogen,Hydrogen,Column A,,5.0890000000000004
28041000,Hydrogen,Hydrogen,Column B,,5.0890000000000004
28080000,Nitric acid; sulphonitric acids,Fertilisers,Column A,,0.151
28080000,Nitric acid; sulphonitric acids,Fertilisers,Column B,,0.58199999999999996
28141000,Anhydrous ammonia,Fertilisers,Column A,,1.522
28141000,Anhydrous ammonia,Fertilisers,Column B,,1.522
28142000,Ammonia in aqueous solution,Fertilisers,Column A,,0.45700000000000002
28142000,Ammonia in aqueous solution,Fertilisers,Column B,,0.45700000000000002
28342100,Nitrate of potassium,Fertilisers,Column A,,0.019
28342100,Nitrate of potassium,Fertilisers,Column B,,0.626
31021012,"Urea in aqueous solution, containing >45% nitrogen in relation to the weight of the dry product and containing =>31,8% but <=33,2 % by weight of urea (excl. that in packages with a gross weight of <= 10 kg)",Fertilisers,Column A,,0.017999999999999999
31021012,"Urea in aqueous solution, containing >45% nitrogen in relation to the weight of the dry product and containing =>31,8% but <=33,2 % by weight of urea (excl. that in packages with a gross weight of <= 10 kg)",Fertilisers,Column B,,0.30399999999999999
31021015,"Urea in aqueous solution, containing >45% nitrogen in relation to the weight of the dry product and containing >33,2% but <=55% by weight of urea (excl. that in packages with a gross weight of <= 10 kg)",Fertilisers,Column A,,0.029000000000000001
31021015,"Urea in aqueous solution, containing >45% nitrogen in relation to the weight of the dry product and containing >33,2% but <=55% by weight of urea (excl. that in packages with a gross weight of <= 10 kg)",Fertilisers,Column B,,0.503
31021019,"Urea, whether or not in aqueous solution, containing >45% nitrogen in relation to the weight of the dry product (excl. that in tablets or similar forms, or in packages with a gross weight of <= 10 kg, or in aqueous solution containing =>31,8% but <=55% by weight of urea)",Fertilisers,Column A,,0.052999999999999999
31021019,"Urea, whether or not in aqueous solution, containing >45% nitrogen in relation to the weight of the dry product (excl. that in tablets or similar forms, or in packages with a gross weight of <= 10 kg, or in aqueous solution containing =>31,8% but <=55% by weight of urea)",Fertilisers,Column B,,0.90200000000000002
31021090,"Urea, whether or not in aqueous solution, containing <= 45% by weight of nitrogen on the dry anhydrous product (excl. goods of this chapter in tablets or similar forms or in packages of a gross weight of <= 10 kg)",Fertilisers,Column A,,0.050999999999999997
31021090,"Urea, whether or not in aqueous solution, containing <= 45% by weight of nitrogen on the dry anhydrous product (excl. goods of this chapter in tablets or similar forms or in packages of a gross weight of <= 10 kg)",Fertilisers,Column B,,0.88200000000000001
31022100,"Ammonium sulphate (excl. that in tablets or similar forms, or in packages with a gross weight of <= 10 kg)",Fertilisers,Column A,,0.021999999999999999
31022100,"Ammonium sulphate (excl. that in tablets or similar forms, or in packages with a gross weight of <= 10 kg)",Fertilisers,Column B,,0.41399999999999998
31022900,Double salts and mixtures of ammonium sulphate and ammonium nitrate (excl. goods of this chapter in tablets or similar forms or in packages of a gross weight of <= 10 kg),Fertilisers,Column A,,0.019
31022900,Double salts and mixtures of ammonium sulphate and ammonium nitrate (excl. goods of this chapter in tablets or similar forms or in packages of a gross weight of <= 10 kg),Fertilisers,Column B,,0.56599999999999995
31023010,Ammonium nitrate in aqueous solution (excl. that in packages with a gross weight of <= 10 kg),Fertilisers,Column A,,0
31023010,Ammonium nitrate in aqueous solution (excl. that in packages with a gross weight of <= 10 kg),Fertilisers,Column B,,0.50800000000000001
31023090,"Ammonium nitrate (excl. that in aqueous solution, in tablets or similar forms, or in packages with a gross weight of <= 10 kg)",Fertilisers,Column A,,0.019
31023090,"Ammonium nitrate (excl. that in aqueous solution, in tablets or similar forms, or in packages with a gross weight of <= 10 kg)",Fertilisers,Column B,,0.76700000000000002
31024010,"Mixtures of ammonium nitrate with calcium carbonate or other inorganic non-fertilising substances, for use as fertilisers, containing <= 28% nitrogen by weight (excl. those in tablets or similar forms, or in packages with a gross weight of <= 10 kg)",Fertilisers,Column A,,0.019
31024010,"Mixtures of ammonium nitrate with calcium carbonate or other inorganic non-fertilising substances, for use as fertilisers, containing <= 28% nitrogen by weight (excl. those in tablets or similar forms, or in packages with a gross weight of <= 10 kg)",Fertilisers,Column B,,0.68799999999999994
31024090,"Mixtures of ammonium nitrate with calcium carbonate or other inorganic non-fertilising substances, for use as fertilisers, containing > 28% nitrogen by weight (excl. those in tablets or similar forms, or in packages with a gross weight of <= 10 kg)",Fertilisers,Column A,,0.019
31024090,"Mixtures of ammonium nitrate with calcium carbonate or other inorganic non-fertilising substances, for use as fertilisers, containing > 28% nitrogen by weight (excl. those in tablets or similar forms, or in packages with a gross weight of <= 10 kg)",Fertilisers,Column B,,0.68799999999999994
31025000,"Sodium nitrate (excl. that in tablets or similar forms, or in packages with a gross weight of <= 10 kg)",Fertilisers,Column A,(1),0.27
31025000,"Sodium nitrate (excl. that in tablets or similar forms, or in packages with a gross weight of <= 10 kg)",Fertilisers,Column B,(1),0.70099999999999996
31025000,"Sodium nitrate (excl. that in tablets or similar forms, or in packages with a gross weight of <= 10 kg)",Fertilisers,Column A,(2),0.254
31025000,"Sodium nitrate (excl. that in tablets or similar forms, or in packages with a gross weight of <= 10 kg)",Fertilisers,Column B,(2),0.68500000000000005
31026000,"Double salts and mixtures of calcium nitrate and ammonium nitrate (excl. those in tablets or similar forms, or in packages with a gross weight of <= 10 kg)",Fertilisers,Column A,,0.042000000000000003
31026000,"Double salts and mixtures of calcium nitrate and ammonium nitrate (excl. those in tablets or similar forms, or in packages with a gross weight of <= 10 kg)",Fertilisers,Column B,,0.63300000000000001
31028000,Mixtures of urea and ammonium nitrate in aqueous or ammoniacal solution (excl. those in packages with a gross weight of <= 10 kg),Fertilisers,Column A,,0
31028000,Mixtures of urea and ammonium nitrate in aqueous or ammoniacal solution (excl. those in packages with a gross weight of <= 10 kg),Fertilisers,Column B,,0.625
31029000,Mineral or chemical nitrogen fertilisers (excl. urea; ammonium sulphate; ammonium nitrate; sodium nitrate; double salts and mixtures of ammonium nitrate with ammonium sulphate or calcium; mixtures of urea and ammonium nitrate in aqueous or ammoniacal solution; mixtures of ammonium nitrate and calcium carbonate or other non-fertilising inorganic elements; in tablets or similar in packages <= 10 kg),Fertilisers,Column A,,0.052999999999999999
31029000,Mineral or chemical nitrogen fertilisers (excl. urea; ammonium sulphate; ammonium nitrate; sodium nitrate; double salts and mixtures of ammonium nitrate with ammonium sulphate or calcium; mixtures of urea and ammonium nitrate in aqueous or ammoniacal solution; mixtures of ammonium nitrate and calcium carbonate or other non-fertilising inorganic elements; in tablets or similar in packages <= 10 kg),Fertilisers,Column B,,0.84699999999999998
31051000,"Mineral or chemical fertilisers of animal or vegetable origin, in tablets or similar forms, or in packages with a gross weight of <= 10 kg",Fertilisers,Column A,,0.019
31051000,"Mineral or chemical fertilisers of animal or vegetable origin, in tablets or similar forms, or in packages with a gross weight of <= 10 kg",Fertilisers,Column B,,0.376
31052010,"Mineral or chemical fertilisers containing phosphorus and potassium, with a nitrogen content > 10 % by weight on the dry anhydrous product (excl. those in tablets or similar forms, or in packages with a gross weight of <= 10 kg)",Fertilisers,Column A,,0.09
31052010,"Mineral or chemical fertilisers containing phosphorus and potassium, with a nitrogen content > 10 % by weight on the dry anhydrous product (excl. those in tablets or similar forms, or in packages with a gross weight of <= 10 kg)",Fertilisers,Column B,,0.434
31052090,"Mineral or chemical fertilisers containing nitrogen, phosphorus and potassium, with a nitrogen content <= 10 % by weight on the dry anhydrous product (excl. those in tablets or similar forms, or in packages with a gross weight of <= 10 kg)",Fertilisers,Column A,,0.09
31052090,"Mineral or chemical fertilisers containing nitrogen, phosphorus and potassium, with a nitrogen content <= 10 % by weight on the dry anhydrous product (excl. those in tablets or similar forms, or in packages with a gross weight of <= 10 kg)",Fertilisers,Column B,,0.31900000000000001
31053000,"Diammonium hydrogenorthophosphate ""diammonium phosphate"" (excl. that in tablets or similar forms, or in packages with a gross weight of <= 10 kg)",Fertilisers,Column A,,0.0060000000000000001
31053000,"Diammonium hydrogenorthophosphate ""diammonium phosphate"" (excl. that in tablets or similar forms, or in packages with a gross weight of <= 10 kg)",Fertilisers,Column B,,0.33900000000000002
31054000,"Ammonium dihydrogenorthophosphate ""monoammonium phosphate"", whether or not mixed with diammonium hydrogenorthophosphate ""diammonium phosphate"" (excl. that in tablets or similar forms, or in packages with a gross weight of <= 10 kg)",Fertilisers,Column A,,0.0060000000000000001
31054000,"Ammonium dihydrogenorthophosphate ""monoammonium phosphate"", whether or not mixed with diammonium hydrogenorthophosphate ""diammonium phosphate"" (excl. that in tablets or similar forms, or in packages with a gross weight of <= 10 kg)",Fertilisers,Column B,,0.17299999999999999
31055100,"Mineral or chemical fertilisers containing nitrates and phosphates (excl. ammonium dihydrogenorthophosphate ""Monoammonium phosphate"", diammonium hydrogenorthophosphate ""Diammonium phosphate"", and those in tablets or similar forms, or in packages with a gross weight of <= 10 kg)",Fertilisers,Column A,,0.09
31055100,"Mineral or chemical fertilisers containing nitrates and phosphates (excl. ammonium dihydrogenorthophosphate ""Monoammonium phosphate"", diammonium hydrogenorthophosphate ""Diammonium phosphate"", and those in tablets or similar forms, or in packages with a gross weight of <= 10 kg)",Fertilisers,Column B,,0.54800000000000004
31055900,"Mineral or chemical fertilisers containing the two fertilising elements nitrogen (excl. nitrate) and phosphorus but not nitrates (excl. ammonium dihydrogenorthophosphate ""monoammonium phosphate"", diammonium hydrogenorthophosphate ""diammonium phosphate"" in tablets or similar forms, or in packages with a gross weight of <= 10 kg)",Fertilisers,Column A,,0.0060000000000000001
31055900,"Mineral or chemical fertilisers containing the two fertilising elements nitrogen (excl. nitrate) and phosphorus but not nitrates (excl. ammonium dihydrogenorthophosphate ""monoammonium phosphate"", diammonium hydrogenorthophosphate ""diammonium phosphate"" in tablets or similar forms, or in packages with a gross weight of <= 10 kg)",Fertilisers,Column B,,0.39100000000000001
31059020,"Mineral or chemical fertilisers containing the two fertilising elements nitrogen and potassium, or one principal fertilising substance only, incl. mixtures of animal or vegetable fertilisers with chemical or mineral fertilisers, containing > 10% nitrogen by weight (excl. in tablets or similar forms, or in packages with a gross weight of <= 10 kg)",Fertilisers,Column A,,0.019
31059020,"Mineral or chemical fertilisers containing the two fertilising elements nitrogen and potassium, or one principal fertilising substance only, incl. mixtures of animal or vegetable fertilisers with chemical or mineral fertilisers, containing > 10% nitrogen by weight (excl. in tablets or similar forms, or in packages with a gross weight of <= 10 kg)",Fertilisers,Column B,,0.47599999999999998
31059080,"Mineral or chemical fertilisers containing the two fertilising elements nitrogen and potassium, or one main fertilising element, incl. mixtures of animal or vegetable fertilisers with chemical or mineral fertilisers, not containing nitrogen or with a nitrogen content, by weight, of <= 10% (excl. in tablets or similar forms or in packages of a gross weight of <= 10 kg)",Fertilisers,Column A,,0.019
31059080,"Mineral or chemical fertilisers containing the two fertilising elements nitrogen and potassium, or one main fertilising element, incl. mixtures of animal or vegetable fertilisers with chemical or mineral fertilisers, not containing nitrogen or with a nitrogen content, by weight, of <= 10% (excl. in tablets or similar forms or in packages of a gross weight of <= 10 kg)",Fertilisers,Column B,,0.248
26011200,Agglomerated iron ores and concentrates (excl. roasted iron pyrites),Iron & Steel,Column A,,0.085999999999999993
26011200,Agglomerated iron ores and concentrates (excl. roasted iron pyrites),Iron & Steel,Column B,,0.085999999999999993
72011011,"Non-alloy pig iron in pigs, blocks or other primary forms, containing by weight <= 0,5% phosphorus, >= 0,4% manganese and <= 1% silicon",Iron & Steel,Column A,,1.089
72011011,"Non-alloy pig iron in pigs, blocks or other primary forms, containing by weight <= 0,5% phosphorus, >= 0,4% manganese and <= 1% silicon",Iron & Steel,Column B,,1.21
72011019,"Non-alloy pig iron in pigs, blocks or other primary forms, containing by weight <= 0,5% phosphorus, >= 0,4% manganese and > 1% silicon",Iron & Steel,Column A,,1.089
72011019,"Non-alloy pig iron in pigs, blocks or other primary forms, containing by weight <= 0,5% phosphorus, >= 0,4% manganese and > 1% silicon",Iron & Steel,Column B,,1.21
72011030,"Non-alloy pig iron in pigs, blocks or other primary forms, containing by weight <= 0,5% phosphorus, and >= 0,1% but < 0,4% manganese",Iron & Steel,Column A,,1.089
72011030,"Non-alloy pig iron in pigs, blocks or other primary forms, containing by weight <= 0,5% phosphorus, and >= 0,1% but < 0,4% manganese",Iron & Steel,Column B,,1.21
72011090,"Non-alloy pig iron in pigs, blocks or other primary forms, containing by weight <= 0,5% phosphorus, and <= 0,1% manganese",Iron & Steel,Column A,,1.089
72011090,"Non-alloy pig iron in pigs, blocks or other primary forms, containing by weight <= 0,5% phosphorus, and <= 0,1% manganese",Iron & Steel,Column B,,1.21
72012000,"Non-alloy pig iron in pigs, blocks or other primary forms, containing by weight >= 0,5% phosphorus",Iron & Steel,Column A,,1.089
72012000,"Non-alloy pig iron in pigs, blocks or other primary forms, containing by weight >= 0,5% phosphorus",Iron & Steel,Column B,,1.21
72015010,"Alloy pig iron in pigs, blocks or other primary forms, containing by weight >= 0,3% but <= 1% titanium and >= 0,5% but <= 1% vanadium",Iron & Steel,Column A,,1.089
72015010,"Alloy pig iron in pigs, blocks or other primary forms, containing by weight >= 0,3% but <= 1% titanium and >= 0,5% but <= 1% vanadium",Iron & Steel,Column B,,1.21
72015090,"Alloy pig iron and spiegeleisen, in pigs, blocks or other primary forms (excl. alloy iron containing, by weight, >= 0,3% but <= 1% titanium and >= 0,5% but <= 1% vanadium)",Iron & Steel,Column A,,1.089
72015090,"Alloy pig iron and spiegeleisen, in pigs, blocks or other primary forms (excl. alloy iron containing, by weight, >= 0,3% but <= 1% titanium and >= 0,5% but <= 1% vanadium)",Iron & Steel,Column B,,1.21
72021120,"Ferro-manganese, containing by weight > 2% carbon, with a granulometry <= 5 mm and a manganese content by weight > 65%",Iron & Steel,Column A,(1),1.361
72021120,"Ferro-manganese, containing by weight > 2% carbon, with a granulometry <= 5 mm and a manganese content by weight > 65%",Iron & Steel,Column B,(1),1.361
72021120,"Ferro-manganese, containing by weight > 2% carbon, with a granulometry <= 5 mm and a manganese content by weight > 65%",Iron & Steel,Column A,(2),1.2769999999999999
72021120,"Ferro-manganese, containing by weight > 2% carbon, with a granulometry <= 5 mm and a manganese content by weight > 65%",Iron & Steel,Column B,(2),1.2769999999999999
72021180,"Ferro-manganese, containing by weight > 2% carbon (excl. ferro-manganese with a granulometry of <= 5 mm and containing by weight > 65% manganese)",Iron & Steel,Column A,(1),1.361
72021180,"Ferro-manganese, containing by weight > 2% carbon (excl. ferro-manganese with a granulometry of <= 5 mm and containing by weight > 65% manganese)",Iron & Steel,Column B,(1),1.361
72021180,"Ferro-manganese, containing by weight > 2% carbon (excl. ferro-manganese with a granulometry of <= 5 mm and containing by weight > 65% manganese)",Iron & Steel,Column A,(2),1.2769999999999999
72021180,"Ferro-manganese, containing by weight > 2% carbon (excl. ferro-manganese with a granulometry of <= 5 mm and containing by weight > 65% manganese)",Iron & Steel,Column B,(2),1.2769999999999999
72021900,"Ferro-manganese, containing by weight <= 2% carbon",Iron & Steel,Column A,(1),1.361
72021900,"Ferro-manganese, containing by weight <= 2% carbon",Iron & Steel,Column B,(1),1.361
72021900,"Ferro-manganese, containing by weight <= 2% carbon",Iron & Steel,Column A,(2),1.2769999999999999
72021900,"Ferro-manganese, containing by weight <= 2% carbon",Iron & Steel,Column B,(2),1.2769999999999999
72024110,"Ferro-chromium, containing by weight > 4% but <= 6% carbon",Iron & Steel,Column A,(1),1.1419999999999999
72024110,"Ferro-chromium, containing by weight > 4% but <= 6% carbon",Iron & Steel,Column B,(1),1.1419999999999999
72024110,"Ferro-chromium, containing by weight > 4% but <= 6% carbon",Iron & Steel,Column A,(2),1.1060000000000001
72024110,"Ferro-chromium, containing by weight > 4% but <= 6% carbon",Iron & Steel,Column B,(2),1.1060000000000001
72024190,"Ferro-chromium, containing by weight > 6% carbon",Iron & Steel,Column A,(1),1.1419999999999999
72024190,"Ferro-chromium, containing by weight > 6% carbon",Iron & Steel,Column B,(1),1.1419999999999999
72024190,"Ferro-chromium, containing by weight > 6% carbon",Iron & Steel,Column A,(2),1.1060000000000001
72024190,"Ferro-chromium, containing by weight > 6% carbon",Iron & Steel,Column B,(2),1.1060000000000001
72024910,"Ferro-chromium, containing by weight <= 0,05% carbon",Iron & Steel,Column A,(1),1.1419999999999999
72024910,"Ferro-chromium, containing by weight <= 0,05% carbon",Iron & Steel,Column B,(1),1.1419999999999999
72024910,"Ferro-chromium, containing by weight <= 0,05% carbon",Iron & Steel,Column A,(2),1.1060000000000001
72024910,"Ferro-chromium, containing by weight <= 0,05% carbon",Iron & Steel,Column B,(2),1.1060000000000001
72024950,"Ferro-chromium, containing by weight > 0,05% but <= 0,5% carbon",Iron & Steel,Column A,(1),1.1419999999999999
72024950,"Ferro-chromium, containing by weight > 0,05% but <= 0,5% carbon",Iron & Steel,Column B,(1),1.1419999999999999
72024950,"Ferro-chromium, containing by weight > 0,05% but <= 0,5% carbon",Iron & Steel,Column A,(2),1.1060000000000001
72024950,"Ferro-chromium, containing by weight > 0,05% but <= 0,5% carbon",Iron & Steel,Column B,(2),1.1060000000000001
72024990,"Ferro-chromium, containing by weight > 0,5% but <= 4% carbon",Iron & Steel,Column A,(1),1.1419999999999999
72024990,"Ferro-chromium, containing by weight > 0,5% but <= 4% carbon",Iron & Steel,Column B,(1),1.1419999999999999
72024990,"Ferro-chromium, containing by weight > 0,5% but <= 4% carbon",Iron & Steel,Column A,(2),1.1060000000000001
72024990,"Ferro-chromium, containing by weight > 0,5% but <= 4% carbon",Iron & Steel,Column B,(2),1.1060000000000001
72026000,Ferro-nickel,Iron & Steel,Column A,(1),2.39
72026000,Ferro-nickel,Iron & Steel,Column B,(1),2.39
72026000,Ferro-nickel,Iron & Steel,Column A,(2),2.2949999999999999
72026000,Ferro-nickel,Iron & Steel,Column B,(2),2.2949999999999999
72031000,"Ferrous products obtained by direct reduction of iron ore, in lumps, pellets or similar forms",Iron & Steel,Column A,,0.29499999999999998
72031000,"Ferrous products obtained by direct reduction of iron ore, in lumps, pellets or similar forms",Iron & Steel,Column B,,0.39700000000000002
72039000,"Spongy ferrous products, obtained from molten pig iron by atomisation, iron of a purity of >= 99,94%, in lumps, pellets or similar forms",Iron & Steel,Column A,,0.29499999999999998
72039000,"Spongy ferrous products, obtained from molten pig iron by atomisation, iron of a purity of >= 99,94%, in lumps, pellets or similar forms",Iron & Steel,Column B,,0.39700000000000002
72051000,"Granules, of pig iron, spiegeleisen, iron or steel (excl. granules of ferro-alloys, turnings and filings of iron or steel, certain small calibre items, defective balls for ball-bearings)",Iron & Steel,Column A,,0
72051000,"Granules, of pig iron, spiegeleisen, iron or steel (excl. granules of ferro-alloys, turnings and filings of iron or steel, certain small calibre items, defective balls for ball-bearings)",Iron & Steel,Column B,(C),1.288
72051000,"Granules, of pig iron, spiegeleisen, iron or steel (excl. granules of ferro-alloys, turnings and filings of iron or steel, certain small calibre items, defective balls for ball-bearings)",Iron & Steel,Column B,(D),0.42399999999999999
72051000,"Granules, of pig iron, spiegeleisen, iron or steel (excl. granules of ferro-alloys, turnings and filings of iron or steel, certain small calibre items, defective balls for ball-bearings)",Iron & Steel,Column B,(E),0.027
72052100,"Powders, of alloy steel (excl. powders of ferro-alloys and radioactive iron powders ""isotopes"")",Iron & Steel,Column A,,0
72052100,"Powders, of alloy steel (excl. powders of ferro-alloys and radioactive iron powders ""isotopes"")",Iron & Steel,Column B,(F)(1),1.46
72052100,"Powders, of alloy steel (excl. powders of ferro-alloys and radioactive iron powders ""isotopes"")",Iron & Steel,Column B,(G)(1),0.65900000000000003
72052100,"Powders, of alloy steel (excl. powders of ferro-alloys and radioactive iron powders ""isotopes"")",Iron & Steel,Column B,(H)(1),0.32800000000000001
72052100,"Powders, of alloy steel (excl. powders of ferro-alloys and radioactive iron powders ""isotopes"")",Iron & Steel,Column B,(J)(1),0.85199999999999998
72052100,"Powders, of alloy steel (excl. powders of ferro-alloys and radioactive iron powders ""isotopes"")",Iron & Steel,Column B,(F)(2),1.298
72052100,"Powders, of alloy steel (excl. powders of ferro-alloys and radioactive iron powders ""isotopes"")",Iron & Steel,Column B,(G)(2),0.64700000000000002
72052100,"Powders, of alloy steel (excl. powders of ferro-alloys and radioactive iron powders ""isotopes"")",Iron & Steel,Column B,(H)(2),0.315
72052100,"Powders, of alloy steel (excl. powders of ferro-alloys and radioactive iron powders ""isotopes"")",Iron & Steel,Column B,(J)(2),0.82
72052900,"Powders, of pig iron, spiegeleisen, iron or non-alloy steel (excl. powders of ferro-alloys and radioactive iron powders ""isotopes"")",Iron & Steel,Column A,,0
72052900,"Powders, of pig iron, spiegeleisen, iron or non-alloy steel (excl. powders of ferro-alloys and radioactive iron powders ""isotopes"")",Iron & Steel,Column B,(C),1.288
72052900,"Powders, of pig iron, spiegeleisen, iron or non-alloy steel (excl. powders of ferro-alloys and radioactive iron powders ""isotopes"")",Iron & Steel,Column B,(D),0.42399999999999999
72052900,"Powders, of pig iron, spiegeleisen, iron or non-alloy steel (excl. powders of ferro-alloys and radioactive iron powders ""isotopes"")",Iron & Steel,Column B,(E),0.027
72061000,"Ingots, of iron and non-alloy steel (excl. remelted scrap ingots, continuous cast products, iron of heading 7203)",Iron & Steel,Column A,(C),0.15
72061000,"Ingots, of iron and non-alloy steel (excl. remelted scrap ingots, continuous cast products, iron of heading 7203)",Iron & Steel,Column B,(C),1.288
72061000,"Ingots, of iron and non-alloy steel (excl. remelted scrap ingots, continuous cast products, iron of heading 7203)",Iron & Steel,Column A,(D),0.027
72061000,"Ingots, of iron and non-alloy steel (excl. remelted scrap ingots, continuous cast products, iron of heading 7203)",Iron & Steel,Column B,(D),0.42399999999999999
72061000,"Ingots, of iron and non-alloy steel (excl. remelted scrap ingots, continuous cast products, iron of heading 7203)",Iron & Steel,Column A,(E),0.027
72061000,"Ingots, of iron and non-alloy steel (excl. remelted scrap ingots, continuous cast products, iron of heading 7203)",Iron & Steel,Column B,(E),0.027
72069000,"Iron and non-alloy steel, in puddled bars or other primary forms (excl. ingots, remelted scrap ingots, continuous cast products, iron of heading 7203)",Iron & Steel,Column A,(C),0.15
72069000,"Iron and non-alloy steel, in puddled bars or other primary forms (excl. ingots, remelted scrap ingots, continuous cast products, iron of heading 7203)",Iron & Steel,Column B,(C),1.288
72069000,"Iron and non-alloy steel, in puddled bars or other primary forms (excl. ingots, remelted scrap ingots, continuous cast products, iron of heading 7203)",Iron & Steel,Column A,(D),0.027
72069000,"Iron and non-alloy steel, in puddled bars or other primary forms (excl. ingots, remelted scrap ingots, continuous cast products, iron of heading 7203)",Iron & Steel,Column B,(D),0.42399999999999999
72069000,"Iron and non-alloy steel, in puddled bars or other primary forms (excl. ingots, remelted scrap ingots, continuous cast products, iron of heading 7203)",Iron & Steel,Column A,(E),0.027
72069000,"Iron and non-alloy steel, in puddled bars or other primary forms (excl. ingots, remelted scrap ingots, continuous cast products, iron of heading 7203)",Iron & Steel,Column B,(E),0.027
72071111,"Semi-finished products, of non-alloy free-cutting steel, containing by weight < 0,25% carbon, of square or rectangular cross-section, the width < twice the thickness, rolled or obtained by continuous casting",Iron & Steel,Column A,(C),0.188
72071111,"Semi-finished products, of non-alloy free-cutting steel, containing by weight < 0,25% carbon, of square or rectangular cross-section, the width < twice the thickness, rolled or obtained by continuous casting",Iron & Steel,Column B,(C),1.3640000000000001
72071111,"Semi-finished products, of non-alloy free-cutting steel, containing by weight < 0,25% carbon, of square or rectangular cross-section, the width < twice the thickness, rolled or obtained by continuous casting",Iron & Steel,Column A,(D),0.065000000000000002
72071111,"Semi-finished products, of non-alloy free-cutting steel, containing by weight < 0,25% carbon, of square or rectangular cross-section, the width < twice the thickness, rolled or obtained by continuous casting",Iron & Steel,Column B,(D),0.47499999999999998
72071111,"Semi-finished products, of non-alloy free-cutting steel, containing by weight < 0,25% carbon, of square or rectangular cross-section, the width < twice the thickness, rolled or obtained by continuous casting",Iron & Steel,Column A,(E),0.065000000000000002
72071111,"Semi-finished products, of non-alloy free-cutting steel, containing by weight < 0,25% carbon, of square or rectangular cross-section, the width < twice the thickness, rolled or obtained by continuous casting",Iron & Steel,Column B,(E),0.066000000000000003
72071114,"Semi-finished products, of iron or non-alloy steel, containing by weight < 0,25% carbon, of square or rectangular cross-section, the width < twice the thickness of <= 130 mm, rolled or obtained by continuous casting (excl. free-cutting steel)",Iron & Steel,Column A,(C),0.188
72071114,"Semi-finished products, of iron or non-alloy steel, containing by weight < 0,25% carbon, of square or rectangular cross-section, the width < twice the thickness of <= 130 mm, rolled or obtained by continuous casting (excl. free-cutting steel)",Iron & Steel,Column B,(C),1.3640000000000001
72071114,"Semi-finished products, of iron or non-alloy steel, containing by weight < 0,25% carbon, of square or rectangular cross-section, the width < twice the thickness of <= 130 mm, rolled or obtained by continuous casting (excl. free-cutting steel)",Iron & Steel,Column A,(D),0.065000000000000002
72071114,"Semi-finished products, of iron or non-alloy steel, containing by weight < 0,25% carbon, of square or rectangular cross-section, the width < twice the thickness of <= 130 mm, rolled or obtained by continuous casting (excl. free-cutting steel)",Iron & Steel,Column B,(D),0.47499999999999998
72071114,"Semi-finished products, of iron or non-alloy steel, containing by weight < 0,25% carbon, of square or rectangular cross-section, the width < twice the thickness of <= 130 mm, rolled or obtained by continuous casting (excl. free-cutting steel)",Iron & Steel,Column A,(E),0.065000000000000002
72071114,"Semi-finished products, of iron or non-alloy steel, containing by weight < 0,25% carbon, of square or rectangular cross-section, the width < twice the thickness of <= 130 mm, rolled or obtained by continuous casting (excl. free-cutting steel)",Iron & Steel,Column B,(E),0.066000000000000003
72071116,"Semi-finished products, of iron or non-alloy steel, containing by weight < 0,25% carbon, of square or rectangular cross-section, the width < twice the thickness of > 130 mm, rolled or obtained by continuous casting (excl. free-cutting steel)",Iron & Steel,Column A,(C),0.188
72071116,"Semi-finished products, of iron or non-alloy steel, containing by weight < 0,25% carbon, of square or rectangular cross-section, the width < twice the thickness of > 130 mm, rolled or obtained by continuous casting (excl. free-cutting steel)",Iron & Steel,Column B,(C),1.3640000000000001
72071116,"Semi-finished products, of iron or non-alloy steel, containing by weight < 0,25% carbon, of square or rectangular cross-section, the width < twice the thickness of > 130 mm, rolled or obtained by continuous casting (excl. free-cutting steel)",Iron & Steel,Column A,(D),0.065000000000000002
72071116,"Semi-finished products, of iron or non-alloy steel, containing by weight < 0,25% carbon, of square or rectangular cross-section, the width < twice the thickness of > 130 mm, rolled or obtained by continuous casting (excl. free-cutting steel)",Iron & Steel,Column B,(D),0.47499999999999998
72071116,"Semi-finished products, of iron or non-alloy steel, containing by weight < 0,25% carbon, of square or rectangular cross-section, the width < twice the thickness of > 130 mm, rolled or obtained by continuous casting (excl. free-cutting steel)",Iron & Steel,Column A,(E),0.065000000000000002
72071116,"Semi-finished products, of iron or non-alloy steel, containing by weight < 0,25% carbon, of square or rectangular cross-section, the width < twice the thickness of > 130 mm, rolled or obtained by continuous casting (excl. free-cutting steel)",Iron & Steel,Column B,(E),0.066000000000000003
72071190,"Semi-finished products of iron or non-alloy steel, containing by weight < 0,25% carbon, of rectangular cross-section, the width < twice the thickness, forged",Iron & Steel,Column A,(C),0.45300000000000001
72071190,"Semi-finished products of iron or non-alloy steel, containing by weight < 0,25% carbon, of rectangular cross-section, the width < twice the thickness, forged",Iron & Steel,Column B,(C),1.629
72071190,"Semi-finished products of iron or non-alloy steel, containing by weight < 0,25% carbon, of rectangular cross-section, the width < twice the thickness, forged",Iron & Steel,Column A,(D),0.33
72071190,"Semi-finished products of iron or non-alloy steel, containing by weight < 0,25% carbon, of rectangular cross-section, the width < twice the thickness, forged",Iron & Steel,Column B,(D),0.74
72071190,"Semi-finished products of iron or non-alloy steel, containing by weight < 0,25% carbon, of rectangular cross-section, the width < twice the thickness, forged",Iron & Steel,Column A,(E),0.33
72071190,"Semi-finished products of iron or non-alloy steel, containing by weight < 0,25% carbon, of rectangular cross-section, the width < twice the thickness, forged",Iron & Steel,Column B,(E),0.33100000000000002
72071210,"Semi-finished products of iron or non-alloy steel, containing by weight < 0,25 of carbon, of rectangular ""other than square"" cross-section, the width measuring >= twice the thickness, rolled or obtained by continuous casting",Iron & Steel,Column A,(C),0.188
72071210,"Semi-finished products of iron or non-alloy steel, containing by weight < 0,25 of carbon, of rectangular ""other than square"" cross-section, the width measuring >= twice the thickness, rolled or obtained by continuous casting",Iron & Steel,Column B,(C),1.3640000000000001
72071210,"Semi-finished products of iron or non-alloy steel, containing by weight < 0,25 of carbon, of rectangular ""other than square"" cross-section, the width measuring >= twice the thickness, rolled or obtained by continuous casting",Iron & Steel,Column A,(D),0.065000000000000002
72071210,"Semi-finished products of iron or non-alloy steel, containing by weight < 0,25 of carbon, of rectangular ""other than square"" cross-section, the width measuring >= twice the thickness, rolled or obtained by continuous casting",Iron & Steel,Column B,(D),0.47499999999999998
72071210,"Semi-finished products of iron or non-alloy steel, containing by weight < 0,25 of carbon, of rectangular ""other than square"" cross-section, the width measuring >= twice the thickness, rolled or obtained by continuous casting",Iron & Steel,Column A,(E),0.065000000000000002
72071210,"Semi-finished products of iron or non-alloy steel, containing by weight < 0,25 of carbon, of rectangular ""other than square"" cross-section, the width measuring >= twice the thickness, rolled or obtained by continuous casting",Iron & Steel,Column B,(E),0.066000000000000003
72071290,"Semi-finished products of iron or non-alloy steel, containing by weight < 0,25% carbon, of rectangular ""other than square"" cross-section, the width >= twice the thickness, forged",Iron & Steel,Column A,(C),0.45300000000000001
72071290,"Semi-finished products of iron or non-alloy steel, containing by weight < 0,25% carbon, of rectangular ""other than square"" cross-section, the width >= twice the thickness, forged",Iron & Steel,Column B,(C),1.629
72071290,"Semi-finished products of iron or non-alloy steel, containing by weight < 0,25% carbon, of rectangular ""other than square"" cross-section, the width >= twice the thickness, forged",Iron & Steel,Column A,(D),0.33
72071290,"Semi-finished products of iron or non-alloy steel, containing by weight < 0,25% carbon, of rectangular ""other than square"" cross-section, the width >= twice the thickness, forged",Iron & Steel,Column B,(D),0.74
72071290,"Semi-finished products of iron or non-alloy steel, containing by weight < 0,25% carbon, of rectangular ""other than square"" cross-section, the width >= twice the thickness, forged",Iron & Steel,Column A,(E),0.33
72071290,"Semi-finished products of iron or non-alloy steel, containing by weight < 0,25% carbon, of rectangular ""other than square"" cross-section, the width >= twice the thickness, forged",Iron & Steel,Column B,(E),0.33100000000000002
72071912,"Semi-finished products, of iron or non-alloy steel, containing by weight < 0,25% carbon, of circular or polygonal cross-section, rolled or obtained by continuous casting",Iron & Steel,Column A,(C),0.188
72071912,"Semi-finished products, of iron or non-alloy steel, containing by weight < 0,25% carbon, of circular or polygonal cross-section, rolled or obtained by continuous casting",Iron & Steel,Column B,(C),1.3640000000000001
72071912,"Semi-finished products, of iron or non-alloy steel, containing by weight < 0,25% carbon, of circular or polygonal cross-section, rolled or obtained by continuous casting",Iron & Steel,Column A,(D),0.065000000000000002
72071912,"Semi-finished products, of iron or non-alloy steel, containing by weight < 0,25% carbon, of circular or polygonal cross-section, rolled or obtained by continuous casting",Iron & Steel,Column B,(D),0.47499999999999998
72071912,"Semi-finished products, of iron or non-alloy steel, containing by weight < 0,25% carbon, of circular or polygonal cross-section, rolled or obtained by continuous casting",Iron & Steel,Column A,(E),0.065000000000000002
72071912,"Semi-finished products, of iron or non-alloy steel, containing by weight < 0,25% carbon, of circular or polygonal cross-section, rolled or obtained by continuous casting",Iron & Steel,Column B,(E),0.066000000000000003
72071919,"Semi-finished products of iron or non-alloy steel, containing by weight < 0,25% carbon, of circular or polygonal cross-section, forged",Iron & Steel,Column A,(C),0.45300000000000001
72071919,"Semi-finished products of iron or non-alloy steel, containing by weight < 0,25% carbon, of circular or polygonal cross-section, forged",Iron & Steel,Column B,(C),1.629
72071919,"Semi-finished products of iron or non-alloy steel, containing by weight < 0,25% carbon, of circular or polygonal cross-section, forged",Iron & Steel,Column A,(D),0.33
72071919,"Semi-finished products of iron or non-alloy steel, containing by weight < 0,25% carbon, of circular or polygonal cross-section, forged",Iron & Steel,Column B,(D),0.74
72071919,"Semi-finished products of iron or non-alloy steel, containing by weight < 0,25% carbon, of circular or polygonal cross-section, forged",Iron & Steel,Column A,(E),0.33
72071919,"Semi-finished products of iron or non-alloy steel, containing by weight < 0,25% carbon, of circular or polygonal cross-section, forged",Iron & Steel,Column B,(E),0.33100000000000002
72071980,"Semi-finished products of iron or non-alloy steel, containing by weight < 0,25% carbon (excl. semi-products, of square, rectangular, circular or polygonal cross-section)",Iron & Steel,Column A,(C),0.188
72071980,"Semi-finished products of iron or non-alloy steel, containing by weight < 0,25% carbon (excl. semi-products, of square, rectangular, circular or polygonal cross-section)",Iron & Steel,Column B,(C),1.3640000000000001
72071980,"Semi-finished products of iron or non-alloy steel, containing by weight < 0,25% carbon (excl. semi-products, of square, rectangular, circular or polygonal cross-section)",Iron & Steel,Column A,(D),0.065000000000000002
72071980,"Semi-finished products of iron or non-alloy steel, containing by weight < 0,25% carbon (excl. semi-products, of square, rectangular, circular or polygonal cross-section)",Iron & Steel,Column B,(D),0.47499999999999998
72071980,"Semi-finished products of iron or non-alloy steel, containing by weight < 0,25% carbon (excl. semi-products, of square, rectangular, circular or polygonal cross-section)",Iron & Steel,Column A,(E),0.065000000000000002
72071980,"Semi-finished products of iron or non-alloy steel, containing by weight < 0,25% carbon (excl. semi-products, of square, rectangular, circular or polygonal cross-section)",Iron & Steel,Column B,(E),0.066000000000000003
72072011,"Semi-finished products, of non-alloy free-cutting steel, containing by weight >= 0,25% carbon, of square or rectangular cross-section, the width < twice the thickness, rolled or obtained by continuous casting",Iron & Steel,Column A,(C),0.188
72072011,"Semi-finished products, of non-alloy free-cutting steel, containing by weight >= 0,25% carbon, of square or rectangular cross-section, the width < twice the thickness, rolled or obtained by continuous casting",Iron & Steel,Column B,(C),1.3640000000000001
72072011,"Semi-finished products, of non-alloy free-cutting steel, containing by weight >= 0,25% carbon, of square or rectangular cross-section, the width < twice the thickness, rolled or obtained by continuous casting",Iron & Steel,Column A,(D),0.065000000000000002
72072011,"Semi-finished products, of non-alloy free-cutting steel, containing by weight >= 0,25% carbon, of square or rectangular cross-section, the width < twice the thickness, rolled or obtained by continuous casting",Iron & Steel,Column B,(D),0.47499999999999998
72072011,"Semi-finished products, of non-alloy free-cutting steel, containing by weight >= 0,25% carbon, of square or rectangular cross-section, the width < twice the thickness, rolled or obtained by continuous casting",Iron & Steel,Column A,(E),0.065000000000000002
72072011,"Semi-finished products, of non-alloy free-cutting steel, containing by weight >= 0,25% carbon, of square or rectangular cross-section, the width < twice the thickness, rolled or obtained by continuous casting",Iron & Steel,Column B,(E),0.066000000000000003
72072015,"Semi-finished products of iron or non-alloy steel, containing by weight >= 0,25% but < 0,6% carbon, of square or rectangular cross-section, the width < twice the thickness, rolled or obtained by continuous casting (excl. free-cutting steel)",Iron & Steel,Column A,(C),0.188
72072015,"Semi-finished products of iron or non-alloy steel, containing by weight >= 0,25% but < 0,6% carbon, of square or rectangular cross-section, the width < twice the thickness, rolled or obtained by continuous casting (excl. free-cutting steel)",Iron & Steel,Column B,(C),1.3640000000000001
72072015,"Semi-finished products of iron or non-alloy steel, containing by weight >= 0,25% but < 0,6% carbon, of square or rectangular cross-section, the width < twice the thickness, rolled or obtained by continuous casting (excl. free-cutting steel)",Iron & Steel,Column A,(D),0.065000000000000002
72072015,"Semi-finished products of iron or non-alloy steel, containing by weight >= 0,25% but < 0,6% carbon, of square or rectangular cross-section, the width < twice the thickness, rolled or obtained by continuous casting (excl. free-cutting steel)",Iron & Steel,Column B,(D),0.47499999999999998
72072015,"Semi-finished products of iron or non-alloy steel, containing by weight >= 0,25% but < 0,6% carbon, of square or rectangular cross-section, the width < twice the thickness, rolled or obtained by continuous casting (excl. free-cutting steel)",Iron & Steel,Column A,(E),0.065000000000000002
72072015,"Semi-finished products of iron or non-alloy steel, containing by weight >= 0,25% but < 0,6% carbon, of square or rectangular cross-section, the width < twice the thickness, rolled or obtained by continuous casting (excl. free-cutting steel)",Iron & Steel,Column B,(E),0.066000000000000003
72072017,"Semi-finished products of iron or non-alloy steel, containing by weight >= 0,6% carbon, of square or rectangular cross-section, the width < twice the thickness, rolled or obtained by continuous casting (excl. free-cutting steel)",Iron & Steel,Column A,(C),0.188
72072017,"Semi-finished products of iron or non-alloy steel, containing by weight >= 0,6% carbon, of square or rectangular cross-section, the width < twice the thickness, rolled or obtained by continuous casting (excl. free-cutting steel)",Iron & Steel,Column B,(C),1.3640000000000001
72072017,"Semi-finished products of iron or non-alloy steel, containing by weight >= 0,6% carbon, of square or rectangular cross-section, the width < twice the thickness, rolled or obtained by continuous casting (excl. free-cutting steel)",Iron & Steel,Column A,(D),0.065000000000000002
72072017,"Semi-finished products of iron or non-alloy steel, containing by weight >= 0,6% carbon, of square or rectangular cross-section, the width < twice the thickness, rolled or obtained by continuous casting (excl. free-cutting steel)",Iron & Steel,Column B,(D),0.47499999999999998
72072017,"Semi-finished products of iron or non-alloy steel, containing by weight >= 0,6% carbon, of square or rectangular cross-section, the width < twice the thickness, rolled or obtained by continuous casting (excl. free-cutting steel)",Iron & Steel,Column A,(E),0.065000000000000002
72072017,"Semi-finished products of iron or non-alloy steel, containing by weight >= 0,6% carbon, of square or rectangular cross-section, the width < twice the thickness, rolled or obtained by continuous casting (excl. free-cutting steel)",Iron & Steel,Column B,(E),0.066000000000000003
72072019,"Semi-finished products of iron or non-alloy steel, containing by weight >= 0,25% carbon, of square or rectangular cross-section, the width < twice the thickness, forged",Iron & Steel,Column A,(C),0.45300000000000001
72072019,"Semi-finished products of iron or non-alloy steel, containing by weight >= 0,25% carbon, of square or rectangular cross-section, the width < twice the thickness, forged",Iron & Steel,Column B,(C),1.629
72072019,"Semi-finished products of iron or non-alloy steel, containing by weight >= 0,25% carbon, of square or rectangular cross-section, the width < twice the thickness, forged",Iron & Steel,Column A,(D),0.33
72072019,"Semi-finished products of iron or non-alloy steel, containing by weight >= 0,25% carbon, of square or rectangular cross-section, the width < twice the thickness, forged",Iron & Steel,Column B,(D),0.74
72072019,"Semi-finished products of iron or non-alloy steel, containing by weight >= 0,25% carbon, of square or rectangular cross-section, the width < twice the thickness, forged",Iron & Steel,Column A,(E),0.33
72072019,"Semi-finished products of iron or non-alloy steel, containing by weight >= 0,25% carbon, of square or rectangular cross-section, the width < twice the thickness, forged",Iron & Steel,Column B,(E),0.33100000000000002
72072032,"Semi-finished products of iron or non-alloy steel, containing by weight >= 0,25 of carbon, of rectangular ""other than square"" cross-section, the width measuring >= twice the thickness, rolled or obtained by continuous casting",Iron & Steel,Column A,(C),0.188
72072032,"Semi-finished products of iron or non-alloy steel, containing by weight >= 0,25 of carbon, of rectangular ""other than square"" cross-section, the width measuring >= twice the thickness, rolled or obtained by continuous casting",Iron & Steel,Column B,(C),1.3640000000000001
72072032,"Semi-finished products of iron or non-alloy steel, containing by weight >= 0,25 of carbon, of rectangular ""other than square"" cross-section, the width measuring >= twice the thickness, rolled or obtained by continuous casting",Iron & Steel,Column A,(D),0.065000000000000002
72072032,"Semi-finished products of iron or non-alloy steel, containing by weight >= 0,25 of carbon, of rectangular ""other than square"" cross-section, the width measuring >= twice the thickness, rolled or obtained by continuous casting",Iron & Steel,Column B,(D),0.47499999999999998
72072032,"Semi-finished products of iron or non-alloy steel, containing by weight >= 0,25 of carbon, of rectangular ""other than square"" cross-section, the width measuring >= twice the thickness, rolled or obtained by continuous casting",Iron & Steel,Column A,(E),0.065000000000000002
72072032,"Semi-finished products of iron or non-alloy steel, containing by weight >= 0,25 of carbon, of rectangular ""other than square"" cross-section, the width measuring >= twice the thickness, rolled or obtained by continuous casting",Iron & Steel,Column B,(E),0.066000000000000003
72072039,"Semi-finished products of iron or non-alloy steel, containing by weight >= 0,25% carbon, of rectangular ""other than square"" cross-section and the width >= twice the thickness, forged",Iron & Steel,Column A,(C),0.45300000000000001
72072039,"Semi-finished products of iron or non-alloy steel, containing by weight >= 0,25% carbon, of rectangular ""other than square"" cross-section and the width >= twice the thickness, forged",Iron & Steel,Column B,(C),1.629
72072039,"Semi-finished products of iron or non-alloy steel, containing by weight >= 0,25% carbon, of rectangular ""other than square"" cross-section and the width >= twice the thickness, forged",Iron & Steel,Column A,(D),0.33
72072039,"Semi-finished products of iron or non-alloy steel, containing by weight >= 0,25% carbon, of rectangular ""other than square"" cross-section and the width >= twice the thickness, forged",Iron & Steel,Column B,(D),0.74
72072039,"Semi-finished products of iron or non-alloy steel, containing by weight >= 0,25% carbon, of rectangular ""other than square"" cross-section and the width >= twice the thickness, forged",Iron & Steel,Column A,(E),0.33
72072039,"Semi-finished products of iron or non-alloy steel, containing by weight >= 0,25% carbon, of rectangular ""other than square"" cross-section and the width >= twice the thickness, forged",Iron & Steel,Column B,(E),0.33100000000000002
72072052,"Semi-finished products of iron or non-alloy steel, containing by weight >= 0,25% carbon, of circular or polygonal cross-section, rolled or obtained by continuous casting",Iron & Steel,Column A,(C),0.188
72072052,"Semi-finished products of iron or non-alloy steel, containing by weight >= 0,25% carbon, of circular or polygonal cross-section, rolled or obtained by continuous casting",Iron & Steel,Column B,(C),1.3640000000000001
72072052,"Semi-finished products of iron or non-alloy steel, containing by weight >= 0,25% carbon, of circular or polygonal cross-section, rolled or obtained by continuous casting",Iron & Steel,Column A,(D),0.065000000000000002
72072052,"Semi-finished products of iron or non-alloy steel, containing by weight >= 0,25% carbon, of circular or polygonal cross-section, rolled or obtained by continuous casting",Iron & Steel,Column B,(D),0.47499999999999998
72072052,"Semi-finished products of iron or non-alloy steel, containing by weight >= 0,25% carbon, of circular or polygonal cross-section, rolled or obtained by continuous casting",Iron & Steel,Column A,(E),0.065000000000000002
72072052,"Semi-finished products of iron or non-alloy steel, containing by weight >= 0,25% carbon, of circular or polygonal cross-section, rolled or obtained by continuous casting",Iron & Steel,Column B,(E),0.066000000000000003
72072059,"Semi-finished products of iron or non-alloy steel, containing by weight >= 0,6% carbon, of circular or polygonal cross-section, forged",Iron & Steel,Column A,(C),0.45300000000000001
72072059,"Semi-finished products of iron or non-alloy steel, containing by weight >= 0,6% carbon, of circular or polygonal cross-section, forged",Iron & Steel,Column B,(C),1.629
72072059,"Semi-finished products of iron or non-alloy steel, containing by weight >= 0,6% carbon, of circular or polygonal cross-section, forged",Iron & Steel,Column A,(D),0.33
72072059,"Semi-finished products of iron or non-alloy steel, containing by weight >= 0,6% carbon, of circular or polygonal cross-section, forged",Iron & Steel,Column B,(D),0.74
72072059,"Semi-finished products of iron or non-alloy steel, containing by weight >= 0,6% carbon, of circular or polygonal cross-section, forged",Iron & Steel,Column A,(E),0.33
72072059,"Semi-finished products of iron or non-alloy steel, containing by weight >= 0,6% carbon, of circular or polygonal cross-section, forged",Iron & Steel,Column B,(E),0.33100000000000002
72072080,"Semi-finished products of iron or non-alloy steel, containing by weight >= 0,25% carbon (excl. those of square, rectangular, circular or polygonal cross-section)",Iron & Steel,Column A,(C),0.188
72072080,"Semi-finished products of iron or non-alloy steel, containing by weight >= 0,25% carbon (excl. those of square, rectangular, circular or polygonal cross-section)",Iron & Steel,Column B,(C),1.3640000000000001
72072080,"Semi-finished products of iron or non-alloy steel, containing by weight >= 0,25% carbon (excl. those of square, rectangular, circular or polygonal cross-section)",Iron & Steel,Column A,(D),0.065000000000000002
72072080,"Semi-finished products of iron or non-alloy steel, containing by weight >= 0,25% carbon (excl. those of square, rectangular, circular or polygonal cross-section)",Iron & Steel,Column B,(D),0.47499999999999998
72072080,"Semi-finished products of iron or non-alloy steel, containing by weight >= 0,25% carbon (excl. those of square, rectangular, circular or polygonal cross-section)",Iron & Steel,Column A,(E),0.065000000000000002
72072080,"Semi-finished products of iron or non-alloy steel, containing by weight >= 0,25% carbon (excl. those of square, rectangular, circular or polygonal cross-section)",Iron & Steel,Column B,(E),0.066000000000000003
72081000,"Flat-rolled products of iron or non-alloy steel, of a width of >= 600 mm, in coils, simply hot-rolled, not clad, plated or coated, with patterns in relief directly due to the rolling process",Iron & Steel,Column A,,0.043999999999999997
72081000,"Flat-rolled products of iron or non-alloy steel, of a width of >= 600 mm, in coils, simply hot-rolled, not clad, plated or coated, with patterns in relief directly due to the rolling process",Iron & Steel,Column B,(C),1.37
72081000,"Flat-rolled products of iron or non-alloy steel, of a width of >= 600 mm, in coils, simply hot-rolled, not clad, plated or coated, with patterns in relief directly due to the rolling process",Iron & Steel,Column B,(D),0.48099999999999998
72081000,"Flat-rolled products of iron or non-alloy steel, of a width of >= 600 mm, in coils, simply hot-rolled, not clad, plated or coated, with patterns in relief directly due to the rolling process",Iron & Steel,Column B,(E),0.071999999999999995
72082500,"Flat-rolled products of iron or non-alloy steel, of a width of >= 600 mm, in coils, simply hot-rolled, not clad, plated or coated, of a thickness of >= 4,75 mm, pickled, without patterns in relief",Iron & Steel,Column A,,0.043999999999999997
72082500,"Flat-rolled products of iron or non-alloy steel, of a width of >= 600 mm, in coils, simply hot-rolled, not clad, plated or coated, of a thickness of >= 4,75 mm, pickled, without patterns in relief",Iron & Steel,Column B,(C),1.37
72082500,"Flat-rolled products of iron or non-alloy steel, of a width of >= 600 mm, in coils, simply hot-rolled, not clad, plated or coated, of a thickness of >= 4,75 mm, pickled, without patterns in relief",Iron & Steel,Column B,(D),0.48099999999999998
72082500,"Flat-rolled products of iron or non-alloy steel, of a width of >= 600 mm, in coils, simply hot-rolled, not clad, plated or coated, of a thickness of >= 4,75 mm, pickled, without patterns in relief",Iron & Steel,Column B,(E),0.071999999999999995
72082600,"Flat-rolled products of iron or non-alloy steel, of a width of >= 600 mm, in coils, simply hot-rolled, not clad, plated or coated, of a thickness of >= 3 mm but < 4,75 mm, pickled, without patterns in relief",Iron & Steel,Column A,,0.043999999999999997
72082600,"Flat-rolled products of iron or non-alloy steel, of a width of >= 600 mm, in coils, simply hot-rolled, not clad, plated or coated, of a thickness of >= 3 mm but < 4,75 mm, pickled, without patterns in relief",Iron & Steel,Column B,(C),1.37
72082600,"Flat-rolled products of iron or non-alloy steel, of a width of >= 600 mm, in coils, simply hot-rolled, not clad, plated or coated, of a thickness of >= 3 mm but < 4,75 mm, pickled, without patterns in relief",Iron & Steel,Column B,(D),0.48099999999999998
72082600,"Flat-rolled products of iron or non-alloy steel, of a width of >= 600 mm, in coils, simply hot-rolled, not clad, plated or coated, of a thickness of >= 3 mm but < 4,75 mm, pickled, without patterns in relief",Iron & Steel,Column B,(E),0.071999999999999995
72082700,"Flat-rolled products of iron or non-alloy steel, of a width of >= 600 mm, in coils, simply hot-rolled, not clad, plated or coated, of a thickness of < 3 mm, pickled, without patterns in relief",Iron & Steel,Column A,,0.043999999999999997
72082700,"Flat-rolled products of iron or non-alloy steel, of a width of >= 600 mm, in coils, simply hot-rolled, not clad, plated or coated, of a thickness of < 3 mm, pickled, without patterns in relief",Iron & Steel,Column B,(C),1.37
72082700,"Flat-rolled products of iron or non-alloy steel, of a width of >= 600 mm, in coils, simply hot-rolled, not clad, plated or coated, of a thickness of < 3 mm, pickled, without patterns in relief",Iron & Steel,Column B,(D),0.48099999999999998
72082700,"Flat-rolled products of iron or non-alloy steel, of a width of >= 600 mm, in coils, simply hot-rolled, not clad, plated or coated, of a thickness of < 3 mm, pickled, without patterns in relief",Iron & Steel,Column B,(E),0.071999999999999995
72083600,"Flat-rolled products of iron or non-alloy steel, of a width of >= 600 mm, in coils, simply hot-rolled, not clad, plated or coated, of a thickness of >= 10 mm, not pickled, without patterns in relief",Iron & Steel,Column A,,0.043999999999999997
72083600,"Flat-rolled products of iron or non-alloy steel, of a width of >= 600 mm, in coils, simply hot-rolled, not clad, plated or coated, of a thickness of >= 10 mm, not pickled, without patterns in relief",Iron & Steel,Column B,(C),1.37
72083600,"Flat-rolled products of iron or non-alloy steel, of a width of >= 600 mm, in coils, simply hot-rolled, not clad, plated or coated, of a thickness of >= 10 mm, not pickled, without patterns in relief",Iron & Steel,Column B,(D),0.48099999999999998
72083600,"Flat-rolled products of iron or non-alloy steel, of a width of >= 600 mm, in coils, simply hot-rolled, not clad, plated or coated, of a thickness of >= 10 mm, not pickled, without patterns in relief",Iron & Steel,Column B,(E),0.071999999999999995
72083700,"Flat-rolled products of iron or non-alloy steel, of a width of >= 600 mm, in coils, simply hot-rolled, not clad, plated or coated, of a thickness of >= 4,75 mm but < 10 mm, not pickled, without patterns in relief",Iron & Steel,Column A,,0.043999999999999997
72083700,"Flat-rolled products of iron or non-alloy steel, of a width of >= 600 mm, in coils, simply hot-rolled, not clad, plated or coated, of a thickness of >= 4,75 mm but < 10 mm, not pickled, without patterns in relief",Iron & Steel,Column B,(C),1.37
72083700,"Flat-rolled products of iron or non-alloy steel, of a width of >= 600 mm, in coils, simply hot-rolled, not clad, plated or coated, of a thickness of >= 4,75 mm but < 10 mm, not pickled, without patterns in relief",Iron & Steel,Column B,(D),0.48099999999999998
72083700,"Flat-rolled products of iron or non-alloy steel, of a width of >= 600 mm, in coils, simply hot-rolled, not clad, plated or coated, of a thickness of >= 4,75 mm but < 10 mm, not pickled, without patterns in relief",Iron & Steel,Column B,(E),0.071999999999999995
72083800,"Flat-rolled products of iron or non-alloy steel, of a width of >= 600 mm, in coils, simply hot-rolled, not clad, plated or coated, of a thickness of >= 3 mm but < 4,75 mm, not pickled, without patterns in relief",Iron & Steel,Column A,,0.043999999999999997
72083800,"Flat-rolled products of iron or non-alloy steel, of a width of >= 600 mm, in coils, simply hot-rolled, not clad, plated or coated, of a thickness of >= 3 mm but < 4,75 mm, not pickled, without patterns in relief",Iron & Steel,Column B,(C),1.37
72083800,"Flat-rolled products of iron or non-alloy steel, of a width of >= 600 mm, in coils, simply hot-rolled, not clad, plated or coated, of a thickness of >= 3 mm but < 4,75 mm, not pickled, without patterns in relief",Iron & Steel,Column B,(D),0.48099999999999998
72083800,"Flat-rolled products of iron or non-alloy steel, of a width of >= 600 mm, in coils, simply hot-rolled, not clad, plated or coated, of a thickness of >= 3 mm but < 4,75 mm, not pickled, without patterns in relief",Iron & Steel,Column B,(E),0.071999999999999995
72083900,"Flat-rolled products of iron or non-alloy steel, of a width of >= 600 mm, in coils, simply hot-rolled, not clad, plated or coated, of a thickness of < 3 mm, not pickled, without patterns in relief",Iron & Steel,Column A,,0.043999999999999997
72083900,"Flat-rolled products of iron or non-alloy steel, of a width of >= 600 mm, in coils, simply hot-rolled, not clad, plated or coated, of a thickness of < 3 mm, not pickled, without patterns in relief",Iron & Steel,Column B,(C),1.37
72083900,"Flat-rolled products of iron or non-alloy steel, of a width of >= 600 mm, in coils, simply hot-rolled, not clad, plated or coated, of a thickness of < 3 mm, not pickled, without patterns in relief",Iron & Steel,Column B,(D),0.48099999999999998
72083900,"Flat-rolled products of iron or non-alloy steel, of a width of >= 600 mm, in coils, simply hot-rolled, not clad, plated or coated, of a thickness of < 3 mm, not pickled, without patterns in relief",Iron & Steel,Column B,(E),0.071999999999999995
72084000,"Flat-rolled products of iron or non-alloy steel, of a width of >= 600 mm, not in coils, simply hot-rolled, not clad, plated or coated, with patterns in relief directly due to the rolling process",Iron & Steel,Column A,,0.043999999999999997
72084000,"Flat-rolled products of iron or non-alloy steel, of a width of >= 600 mm, not in coils, simply hot-rolled, not clad, plated or coated, with patterns in relief directly due to the rolling process",Iron & Steel,Column B,(C),1.37
72084000,"Flat-rolled products of iron or non-alloy steel, of a width of >= 600 mm, not in coils, simply hot-rolled, not clad, plated or coated, with patterns in relief directly due to the rolling process",Iron & Steel,Column B,(D),0.48099999999999998
72084000,"Flat-rolled products of iron or non-alloy steel, of a width of >= 600 mm, not in coils, simply hot-rolled, not clad, plated or coated, with patterns in relief directly due to the rolling process",Iron & Steel,Column B,(E),0.071999999999999995
72085120,"Flat-rolled products of iron or non-alloy steel, of a width of >= 600 mm, not in coils, simply hot-rolled, not clad, plated or coated, of a thickness of > 15 mm, without patterns in relief",Iron & Steel,Column A,,0.043999999999999997
72085120,"Flat-rolled products of iron or non-alloy steel, of a width of >= 600 mm, not in coils, simply hot-rolled, not clad, plated or coated, of a thickness of > 15 mm, without patterns in relief",Iron & Steel,Column B,(C),1.37
72085120,"Flat-rolled products of iron or non-alloy steel, of a width of >= 600 mm, not in coils, simply hot-rolled, not clad, plated or coated, of a thickness of > 15 mm, without patterns in relief",Iron & Steel,Column B,(D),0.48099999999999998
72085120,"Flat-rolled products of iron or non-alloy steel, of a width of >= 600 mm, not in coils, simply hot-rolled, not clad, plated or coated, of a thickness of > 15 mm, without patterns in relief",Iron & Steel,Column B,(E),0.071999999999999995
72085191,"Flat-rolled products of iron or non-alloy steel, of a width of >= 2.050 mm, not in coils, simply hot-rolled, not clad, plated or coated, of a thickness of > 10 mm but <= 15 mm, without patterns in relief (excl. ""wide flats"")",Iron & Steel,Column A,,0.043999999999999997
72085191,"Flat-rolled products of iron or non-alloy steel, of a width of >= 2.050 mm, not in coils, simply hot-rolled, not clad, plated or coated, of a thickness of > 10 mm but <= 15 mm, without patterns in relief (excl. ""wide flats"")",Iron & Steel,Column B,(C),1.37
72085191,"Flat-rolled products of iron or non-alloy steel, of a width of >= 2.050 mm, not in coils, simply hot-rolled, not clad, plated or coated, of a thickness of > 10 mm but <= 15 mm, without patterns in relief (excl. ""wide flats"")",Iron & Steel,Column B,(D),0.48099999999999998
72085191,"Flat-rolled products of iron or non-alloy steel, of a width of >= 2.050 mm, not in coils, simply hot-rolled, not clad, plated or coated, of a thickness of > 10 mm but <= 15 mm, without patterns in relief (excl. ""wide flats"")",Iron & Steel,Column B,(E),0.071999999999999995
72085198,"Flat-rolled products of iron or non-alloy steel, of a width of < 2.050 mm but >= 600 mm, not in coils, simply hot-rolled, not clad, plated or coated, of a thickness of > 10 mm but <= 15 mm, without patterns in relief",Iron & Steel,Column A,,0.043999999999999997
72085198,"Flat-rolled products of iron or non-alloy steel, of a width of < 2.050 mm but >= 600 mm, not in coils, simply hot-rolled, not clad, plated or coated, of a thickness of > 10 mm but <= 15 mm, without patterns in relief",Iron & Steel,Column B,(C),1.37
72085198,"Flat-rolled products of iron or non-alloy steel, of a width of < 2.050 mm but >= 600 mm, not in coils, simply hot-rolled, not clad, plated or coated, of a thickness of > 10 mm but <= 15 mm, without patterns in relief",Iron & Steel,Column B,(D),0.48099999999999998
72085198,"Flat-rolled products of iron or non-alloy steel, of a width of < 2.050 mm but >= 600 mm, not in coils, simply hot-rolled, not clad, plated or coated, of a thickness of > 10 mm but <= 15 mm, without patterns in relief",Iron & Steel,Column B,(E),0.071999999999999995
72085210,"Flat-rolled products of iron or non-alloy steel, of a width of <= 1.250 mm, not in coils, simply hot-rolled on four faces or in a closed box pass, not clad, plated or coated, of a thickness of >= 4,75 mm but <= 10 mm, without patterns in relief",Iron & Steel,Column A,,0.043999999999999997
72085210,"Flat-rolled products of iron or non-alloy steel, of a width of <= 1.250 mm, not in coils, simply hot-rolled on four faces or in a closed box pass, not clad, plated or coated, of a thickness of >= 4,75 mm but <= 10 mm, without patterns in relief",Iron & Steel,Column B,(C),1.37
72085210,"Flat-rolled products of iron or non-alloy steel, of a width of <= 1.250 mm, not in coils, simply hot-rolled on four faces or in a closed box pass, not clad, plated or coated, of a thickness of >= 4,75 mm but <= 10 mm, without patterns in relief",Iron & Steel,Column B,(D),0.48099999999999998
72085210,"Flat-rolled products of iron or non-alloy steel, of a width of <= 1.250 mm, not in coils, simply hot-rolled on four faces or in a closed box pass, not clad, plated or coated, of a thickness of >= 4,75 mm but <= 10 mm, without patterns in relief",Iron & Steel,Column B,(E),0.071999999999999995
72085291,"Flat-rolled products of iron or non-alloy steel, of a width of >= 2.050 mm, not in coils, simply hot-rolled, not clad, plated or coated, of a thickness of >= 4,75 mm but <= 10 mm, without patterns in relief",Iron & Steel,Column A,,0.043999999999999997
72085291,"Flat-rolled products of iron or non-alloy steel, of a width of >= 2.050 mm, not in coils, simply hot-rolled, not clad, plated or coated, of a thickness of >= 4,75 mm but <= 10 mm, without patterns in relief",Iron & Steel,Column B,(C),1.37
72085291,"Flat-rolled products of iron or non-alloy steel, of a width of >= 2.050 mm, not in coils, simply hot-rolled, not clad, plated or coated, of a thickness of >= 4,75 mm but <= 10 mm, without patterns in relief",Iron & Steel,Column B,(D),0.48099999999999998
72085291,"Flat-rolled products of iron or non-alloy steel, of a width of >= 2.050 mm, not in coils, simply hot-rolled, not clad, plated or coated, of a thickness of >= 4,75 mm but <= 10 mm, without patterns in relief",Iron & Steel,Column B,(E),0.071999999999999995
72085299,"Flat-rolled products of iron or non-alloy steel, of a width of < 2.050 mm but >= 600 mm, not in coils, simply hot-rolled, not clad, plated or coated, of a thickness of >= 4,75 mm but <= 10 mm, without patterns in relief (excl. rolled on four faces or in a closed bow pass of a width <= 1.250 mm)",Iron & Steel,Column A,,0.043999999999999997
72085299,"Flat-rolled products of iron or non-alloy steel, of a width of < 2.050 mm but >= 600 mm, not in coils, simply hot-rolled, not clad, plated or coated, of a thickness of >= 4,75 mm but <= 10 mm, without patterns in relief (excl. rolled on four faces or in a closed bow pass of a width <= 1.250 mm)",Iron & Steel,Column B,(C),1.37
72085299,"Flat-rolled products of iron or non-alloy steel, of a width of < 2.050 mm but >= 600 mm, not in coils, simply hot-rolled, not clad, plated or coated, of a thickness of >= 4,75 mm but <= 10 mm, without patterns in relief (excl. rolled on four faces or in a closed bow pass of a width <= 1.250 mm)",Iron & Steel,Column B,(D),0.48099999999999998
72085299,"Flat-rolled products of iron or non-alloy steel, of a width of < 2.050 mm but >= 600 mm, not in coils, simply hot-rolled, not clad, plated or coated, of a thickness of >= 4,75 mm but <= 10 mm, without patterns in relief (excl. rolled on four faces or in a closed bow pass of a width <= 1.250 mm)",Iron & Steel,Column B,(E),0.071999999999999995
72085310,"Flat-rolled products of iron or non-alloy steel, of a width of <= 1.250 mm, not in coils, simply hot-rolled on four faces or in a closed box pass, not clad, plated or coated, of a thickness of >= 4 mm but < 4,75 mm, without patterns in relief",Iron & Steel,Column A,,0.043999999999999997
72085310,"Flat-rolled products of iron or non-alloy steel, of a width of <= 1.250 mm, not in coils, simply hot-rolled on four faces or in a closed box pass, not clad, plated or coated, of a thickness of >= 4 mm but < 4,75 mm, without patterns in relief",Iron & Steel,Column B,(C),1.37
72085310,"Flat-rolled products of iron or non-alloy steel, of a width of <= 1.250 mm, not in coils, simply hot-rolled on four faces or in a closed box pass, not clad, plated or coated, of a thickness of >= 4 mm but < 4,75 mm, without patterns in relief",Iron & Steel,Column B,(D),0.48099999999999998
72085310,"Flat-rolled products of iron or non-alloy steel, of a width of <= 1.250 mm, not in coils, simply hot-rolled on four faces or in a closed box pass, not clad, plated or coated, of a thickness of >= 4 mm but < 4,75 mm, without patterns in relief",Iron & Steel,Column B,(E),0.071999999999999995
72085390,"Flat-rolled products of iron or non-alloy steel, of a width of >= 600 mm, not in coils, simply hot-rolled, not clad, plated or coated, of a thickness of >= 3 mm but < 4,75 mm, without patterns in relief (excl. rolled on four faces or in a closed bow pass of a width <= 1.250 mm and of a thickness of >= 4 mm)",Iron & Steel,Column A,,0.043999999999999997
72085390,"Flat-rolled products of iron or non-alloy steel, of a width of >= 600 mm, not in coils, simply hot-rolled, not clad, plated or coated, of a thickness of >= 3 mm but < 4,75 mm, without patterns in relief (excl. rolled on four faces or in a closed bow pass of a width <= 1.250 mm and of a thickness of >= 4 mm)",Iron & Steel,Column B,(C),1.37
72085390,"Flat-rolled products of iron or non-alloy steel, of a width of >= 600 mm, not in coils, simply hot-rolled, not clad, plated or coated, of a thickness of >= 3 mm but < 4,75 mm, without patterns in relief (excl. rolled on four faces or in a closed bow pass of a width <= 1.250 mm and of a thickness of >= 4 mm)",Iron & Steel,Column B,(D),0.48099999999999998
72085390,"Flat-rolled products of iron or non-alloy steel, of a width of >= 600 mm, not in coils, simply hot-rolled, not clad, plated or coated, of a thickness of >= 3 mm but < 4,75 mm, without patterns in relief (excl. rolled on four faces or in a closed bow pass of a width <= 1.250 mm and of a thickness of >= 4 mm)",Iron & Steel,Column B,(E),0.071999999999999995
72085400,"Flat-rolled products of iron or non-alloy steel, of a width of >= 600 mm, not in coils, simply hot-rolled, not clad, plated or coated, of a thickness of < 3 mm, without patterns in relief",Iron & Steel,Column A,,0.043999999999999997
72085400,"Flat-rolled products of iron or non-alloy steel, of a width of >= 600 mm, not in coils, simply hot-rolled, not clad, plated or coated, of a thickness of < 3 mm, without patterns in relief",Iron & Steel,Column B,(C),1.37
72085400,"Flat-rolled products of iron or non-alloy steel, of a width of >= 600 mm, not in coils, simply hot-rolled, not clad, plated or coated, of a thickness of < 3 mm, without patterns in relief",Iron & Steel,Column B,(D),0.48099999999999998
72085400,"Flat-rolled products of iron or non-alloy steel, of a width of >= 600 mm, not in coils, simply hot-rolled, not clad, plated or coated, of a thickness of < 3 mm, without patterns in relief",Iron & Steel,Column B,(E),0.071999999999999995
72089020,"Flat-rolled products of iron or steel, of a width >= 600 mm, hot-rolled and further worked, but not clad, plated or coated, perforated",Iron & Steel,Column A,,0.043999999999999997
72089020,"Flat-rolled products of iron or steel, of a width >= 600 mm, hot-rolled and further worked, but not clad, plated or coated, perforated",Iron & Steel,Column B,(C),1.37
72089020,"Flat-rolled products of iron or steel, of a width >= 600 mm, hot-rolled and further worked, but not clad, plated or coated, perforated",Iron & Steel,Column B,(D),0.48099999999999998
72089020,"Flat-rolled products of iron or steel, of a width >= 600 mm, hot-rolled and further worked, but not clad, plated or coated, perforated",Iron & Steel,Column B,(E),0.071999999999999995
72089080,"Flat-rolled products of iron or steel, of a width >= 600 mm, hot-rolled and further worked, but not clad, plated or coated, non-perforated",Iron & Steel,Column A,,0.043999999999999997
72089080,"Flat-rolled products of iron or steel, of a width >= 600 mm, hot-rolled and further worked, but not clad, plated or coated, non-perforated",Iron & Steel,Column B,(C),1.37
72089080,"Flat-rolled products of iron or steel, of a width >= 600 mm, hot-rolled and further worked, but not clad, plated or coated, non-perforated",Iron & Steel,Column B,(D),0.48099999999999998
72089080,"Flat-rolled products of iron or steel, of a width >= 600 mm, hot-rolled and further worked, but not clad, plated or coated, non-perforated",Iron & Steel,Column B,(E),0.071999999999999995
72091500,"Flat-rolled products of iron or non-alloy steel, of a width of >= 600 mm, in coils, simply cold-rolled ""cold-reduced"", not clad, plated or coated, of a thickness of >= 3 mm",Iron & Steel,Column A,,0.079000000000000001
72091500,"Flat-rolled products of iron or non-alloy steel, of a width of >= 600 mm, in coils, simply cold-rolled ""cold-reduced"", not clad, plated or coated, of a thickness of >= 3 mm",Iron & Steel,Column B,(C),1.458
72091500,"Flat-rolled products of iron or non-alloy steel, of a width of >= 600 mm, in coils, simply cold-rolled ""cold-reduced"", not clad, plated or coated, of a thickness of >= 3 mm",Iron & Steel,Column B,(D),0.53300000000000003
72091500,"Flat-rolled products of iron or non-alloy steel, of a width of >= 600 mm, in coils, simply cold-rolled ""cold-reduced"", not clad, plated or coated, of a thickness of >= 3 mm",Iron & Steel,Column B,(E),0.108
72091610,"Flat-rolled products of iron or non-alloy steel, of a width of >= 600 mm, in coils, simply cold-rolled ""cold-reduced"", of a thickness of > 1 mm but < 3 mm ""electrical""",Iron & Steel,Column A,,0.079000000000000001
72091610,"Flat-rolled products of iron or non-alloy steel, of a width of >= 600 mm, in coils, simply cold-rolled ""cold-reduced"", of a thickness of > 1 mm but < 3 mm ""electrical""",Iron & Steel,Column B,(C),1.458
72091610,"Flat-rolled products of iron or non-alloy steel, of a width of >= 600 mm, in coils, simply cold-rolled ""cold-reduced"", of a thickness of > 1 mm but < 3 mm ""electrical""",Iron & Steel,Column B,(D),0.53300000000000003
72091610,"Flat-rolled products of iron or non-alloy steel, of a width of >= 600 mm, in coils, simply cold-rolled ""cold-reduced"", of a thickness of > 1 mm but < 3 mm ""electrical""",Iron & Steel,Column B,(E),0.108
72091690,"Flat-rolled products of iron or non-alloy steel, of a width of >= 600 mm, in coils, simply cold-rolled ""cold-reduced"", of a thickness of > 1 mm but < 3 mm ""electrical""",Iron & Steel,Column A,,0.079000000000000001
72091690,"Flat-rolled products of iron or non-alloy steel, of a width of >= 600 mm, in coils, simply cold-rolled ""cold-reduced"", of a thickness of > 1 mm but < 3 mm ""electrical""",Iron & Steel,Column B,(C),1.458
72091690,"Flat-rolled products of iron or non-alloy steel, of a width of >= 600 mm, in coils, simply cold-rolled ""cold-reduced"", of a thickness of > 1 mm but < 3 mm ""electrical""",Iron & Steel,Column B,(D),0.53300000000000003
72091690,"Flat-rolled products of iron or non-alloy steel, of a width of >= 600 mm, in coils, simply cold-rolled ""cold-reduced"", of a thickness of > 1 mm but < 3 mm ""electrical""",Iron & Steel,Column B,(E),0.108
72091710,"Flat-rolled products of iron or non-alloy steel, of a width of >= 600 mm, in coils, simply cold-rolled ""cold-reduced"", of a thickness of >= 0,5 mm but <= 1 mm ""electrical""",Iron & Steel,Column A,,0.079000000000000001
72091710,"Flat-rolled products of iron or non-alloy steel, of a width of >= 600 mm, in coils, simply cold-rolled ""cold-reduced"", of a thickness of >= 0,5 mm but <= 1 mm ""electrical""",Iron & Steel,Column B,(C),1.458
72091710,"Flat-rolled products of iron or non-alloy steel, of a width of >= 600 mm, in coils, simply cold-rolled ""cold-reduced"", of a thickness of >= 0,5 mm but <= 1 mm ""electrical""",Iron & Steel,Column B,(D),0.53300000000000003
72091710,"Flat-rolled products of iron or non-alloy steel, of a width of >= 600 mm, in coils, simply cold-rolled ""cold-reduced"", of a thickness of >= 0,5 mm but <= 1 mm ""electrical""",Iron & Steel,Column B,(E),0.108
72091790,"Flat-rolled products of iron or non-alloy steel, of a width of >= 600 mm, in coils, simply cold-rolled ""cold-reduced"", not clad, plated or coated, of a thickness of >= 0,5 mm but <= 1 mm (excl. electrical)",Iron & Steel,Column A,,0.079000000000000001
72091790,"Flat-rolled products of iron or non-alloy steel, of a width of >= 600 mm, in coils, simply cold-rolled ""cold-reduced"", not clad, plated or coated, of a thickness of >= 0,5 mm but <= 1 mm (excl. electrical)",Iron & Steel,Column B,(C),1.458
72091790,"Flat-rolled products of iron or non-alloy steel, of a width of >= 600 mm, in coils, simply cold-rolled ""cold-reduced"", not clad, plated or coated, of a thickness of >= 0,5 mm but <= 1 mm (excl. electrical)",Iron & Steel,Column B,(D),0.53300000000000003
72091790,"Flat-rolled products of iron or non-alloy steel, of a width of >= 600 mm, in coils, simply cold-rolled ""cold-reduced"", not clad, plated or coated, of a thickness of >= 0,5 mm but <= 1 mm (excl. electrical)",Iron & Steel,Column B,(E),0.108
72091810,"Flat-rolled products of iron or non-alloy steel, of a width of >= 600 mm, in coils, simply cold-rolled ""cold-reduced"", of a thickness of < 0,5 mm ""electrical""",Iron & Steel,Column A,,0.079000000000000001
72091810,"Flat-rolled products of iron or non-alloy steel, of a width of >= 600 mm, in coils, simply cold-rolled ""cold-reduced"", of a thickness of < 0,5 mm ""electrical""",Iron & Steel,Column B,(C),1.458
72091810,"Flat-rolled products of iron or non-alloy steel, of a width of >= 600 mm, in coils, simply cold-rolled ""cold-reduced"", of a thickness of < 0,5 mm ""electrical""",Iron & Steel,Column B,(D),0.53300000000000003
72091810,"Flat-rolled products of iron or non-alloy steel, of a width of >= 600 mm, in coils, simply cold-rolled ""cold-reduced"", of a thickness of < 0,5 mm ""electrical""",Iron & Steel,Column B,(E),0.108
72091891,"Flat-rolled products of iron or non-alloy steel, of a width of >= 600 mm, in coils, simply cold-rolled ""cold-reduced"", not clad, plated or coated, of a thickness of >= 0,35 mm but < 0,5 mm (excl. electrical)",Iron & Steel,Column A,,0.079000000000000001
72091891,"Flat-rolled products of iron or non-alloy steel, of a width of >= 600 mm, in coils, simply cold-rolled ""cold-reduced"", not clad, plated or coated, of a thickness of >= 0,35 mm but < 0,5 mm (excl. electrical)",Iron & Steel,Column B,(C),1.458
72091891,"Flat-rolled products of iron or non-alloy steel, of a width of >= 600 mm, in coils, simply cold-rolled ""cold-reduced"", not clad, plated or coated, of a thickness of >= 0,35 mm but < 0,5 mm (excl. electrical)",Iron & Steel,Column B,(D),0.53300000000000003
72091891,"Flat-rolled products of iron or non-alloy steel, of a width of >= 600 mm, in coils, simply cold-rolled ""cold-reduced"", not clad, plated or coated, of a thickness of >= 0,35 mm but < 0,5 mm (excl. electrical)",Iron & Steel,Column B,(E),0.108
72091899,"Flat-rolled products of iron or non-alloy steel, of a width of >= 600 mm, in coils, simply cold-rolled ""cold-reduced"", not clad, plated or coated, of a thickness of < 0,35 mm (excl. electrical)",Iron & Steel,Column A,,0.079000000000000001
72091899,"Flat-rolled products of iron or non-alloy steel, of a width of >= 600 mm, in coils, simply cold-rolled ""cold-reduced"", not clad, plated or coated, of a thickness of < 0,35 mm (excl. electrical)",Iron & Steel,Column B,(C),1.458
72091899,"Flat-rolled products of iron or non-alloy steel, of a width of >= 600 mm, in coils, simply cold-rolled ""cold-reduced"", not clad, plated or coated, of a thickness of < 0,35 mm (excl. electrical)",Iron & Steel,Column B,(D),0.53300000000000003
72091899,"Flat-rolled products of iron or non-alloy steel, of a width of >= 600 mm, in coils, simply cold-rolled ""cold-reduced"", not clad, plated or coated, of a thickness of < 0,35 mm (excl. electrical)",Iron & Steel,Column B,(E),0.108
72092500,"Flat-rolled products of iron or non-alloy steel, of a width of >= 600 mm, not in coils, simply cold-rolled ""cold-reduced"", not clad, plated or coated, of a thickness of >= 3 mm",Iron & Steel,Column A,,0.079000000000000001
72092500,"Flat-rolled products of iron or non-alloy steel, of a width of >= 600 mm, not in coils, simply cold-rolled ""cold-reduced"", not clad, plated or coated, of a thickness of >= 3 mm",Iron & Steel,Column B,(C),1.458
72092500,"Flat-rolled products of iron or non-alloy steel, of a width of >= 600 mm, not in coils, simply cold-rolled ""cold-reduced"", not clad, plated or coated, of a thickness of >= 3 mm",Iron & Steel,Column B,(D),0.53300000000000003
72092500,"Flat-rolled products of iron or non-alloy steel, of a width of >= 600 mm, not in coils, simply cold-rolled ""cold-reduced"", not clad, plated or coated, of a thickness of >= 3 mm",Iron & Steel,Column B,(E),0.108
72092610,"Flat-rolled products of iron or non-alloy steel, of a width of >= 600 mm, not in coils, simply cold-rolled ""cold-reduced"", of a thickness of > 1 mm but < 3 mm ""electrical""",Iron & Steel,Column A,,0.079000000000000001
72092610,"Flat-rolled products of iron or non-alloy steel, of a width of >= 600 mm, not in coils, simply cold-rolled ""cold-reduced"", of a thickness of > 1 mm but < 3 mm ""electrical""",Iron & Steel,Column B,(C),1.458
72092610,"Flat-rolled products of iron or non-alloy steel, of a width of >= 600 mm, not in coils, simply cold-rolled ""cold-reduced"", of a thickness of > 1 mm but < 3 mm ""electrical""",Iron & Steel,Column B,(D),0.53300000000000003
72092610,"Flat-rolled products of iron or non-alloy steel, of a width of >= 600 mm, not in coils, simply cold-rolled ""cold-reduced"", of a thickness of > 1 mm but < 3 mm ""electrical""",Iron & Steel,Column B,(E),0.108
72092690,"Flat-rolled products of iron or non-alloy steel, of a width of >= 600 mm, not in coils, simply cold-rolled ""cold-reduced"", not clad, plated or coated, of a thickness of > 1 mm but < 3 mm (excl. electrical)",Iron & Steel,Column A,,0.079000000000000001
72092690,"Flat-rolled products of iron or non-alloy steel, of a width of >= 600 mm, not in coils, simply cold-rolled ""cold-reduced"", not clad, plated or coated, of a thickness of > 1 mm but < 3 mm (excl. electrical)",Iron & Steel,Column B,(C),1.458
72092690,"Flat-rolled products of iron or non-alloy steel, of a width of >= 600 mm, not in coils, simply cold-rolled ""cold-reduced"", not clad, plated or coated, of a thickness of > 1 mm but < 3 mm (excl. electrical)",Iron & Steel,Column B,(D),0.53300000000000003
72092690,"Flat-rolled products of iron or non-alloy steel, of a width of >= 600 mm, not in coils, simply cold-rolled ""cold-reduced"", not clad, plated or coated, of a thickness of > 1 mm but < 3 mm (excl. electrical)",Iron & Steel,Column B,(E),0.108
72092710,"Flat-rolled products of iron or non-alloy steel, of a width of >= 600 mm, not in coils, simply cold-rolled ""cold-reduced"", of a thickness of >= 0,5 mm but <= 1 mm ""electrical""",Iron & Steel,Column A,,0.079000000000000001
72092710,"Flat-rolled products of iron or non-alloy steel, of a width of >= 600 mm, not in coils, simply cold-rolled ""cold-reduced"", of a thickness of >= 0,5 mm but <= 1 mm ""electrical""",Iron & Steel,Column B,(C),1.458
72092710,"Flat-rolled products of iron or non-alloy steel, of a width of >= 600 mm, not in coils, simply cold-rolled ""cold-reduced"", of a thickness of >= 0,5 mm but <= 1 mm ""electrical""",Iron & Steel,Column B,(D),0.53300000000000003
72092710,"Flat-rolled products of iron or non-alloy steel, of a width of >= 600 mm, not in coils, simply cold-rolled ""cold-reduced"", of a thickness of >= 0,5 mm but <= 1 mm ""electrical""",Iron & Steel,Column B,(E),0.108
72092790,"Flat-rolled products of iron or non-alloy steel, of a width of >= 600 mm, not in coils, simply cold-rolled ""cold-reduced"", not clad, plated or coated, of a thickness of >= 0,5 mm but <= 1 mm (excl. electrical)",Iron & Steel,Column A,,0.079000000000000001
72092790,"Flat-rolled products of iron or non-alloy steel, of a width of >= 600 mm, not in coils, simply cold-rolled ""cold-reduced"", not clad, plated or coated, of a thickness of >= 0,5 mm but <= 1 mm (excl. electrical)",Iron & Steel,Column B,(C),1.458
72092790,"Flat-rolled products of iron or non-alloy steel, of a width of >= 600 mm, not in coils, simply cold-rolled ""cold-reduced"", not clad, plated or coated, of a thickness of >= 0,5 mm but <= 1 mm (excl. electrical)",Iron & Steel,Column B,(D),0.53300000000000003
72092790,"Flat-rolled products of iron or non-alloy steel, of a width of >= 600 mm, not in coils, simply cold-rolled ""cold-reduced"", not clad, plated or coated, of a thickness of >= 0,5 mm but <= 1 mm (excl. electrical)",Iron & Steel,Column B,(E),0.108
72092810,"Flat-rolled products of iron or non-alloy steel, of a width of >= 600 mm, not in coils, simply cold-rolled ""cold-reduced"", of a thickness of < 0,5 mm ""electrical""",Iron & Steel,Column A,,0.079000000000000001
72092810,"Flat-rolled products of iron or non-alloy steel, of a width of >= 600 mm, not in coils, simply cold-rolled ""cold-reduced"", of a thickness of < 0,5 mm ""electrical""",Iron & Steel,Column B,(C),1.458
72092810,"Flat-rolled products of iron or non-alloy steel, of a width of >= 600 mm, not in coils, simply cold-rolled ""cold-reduced"", of a thickness of < 0,5 mm ""electrical""",Iron & Steel,Column B,(D),0.53300000000000003
72092810,"Flat-rolled products of iron or non-alloy steel, of a width of >= 600 mm, not in coils, simply cold-rolled ""cold-reduced"", of a thickness of < 0,5 mm ""electrical""",Iron & Steel,Column B,(E),0.108
72092890,"Flat-rolled products of iron or non-alloy steel, of a width of >= 600 mm, not in coils, simply cold-rolled ""cold-reduced"", not clad, plated or coated, of a thickness of < 0,5 mm (excl. electrical)",Iron & Steel,Column A,,0.079000000000000001
72092890,"Flat-rolled products of iron or non-alloy steel, of a width of >= 600 mm, not in coils, simply cold-rolled ""cold-reduced"", not clad, plated or coated, of a thickness of < 0,5 mm (excl. electrical)",Iron & Steel,Column B,(C),1.458
72092890,"Flat-rolled products of iron or non-alloy steel, of a width of >= 600 mm, not in coils, simply cold-rolled ""cold-reduced"", not clad, plated or coated, of a thickness of < 0,5 mm (excl. electrical)",Iron & Steel,Column B,(D),0.53300000000000003
72092890,"Flat-rolled products of iron or non-alloy steel, of a width of >= 600 mm, not in coils, simply cold-rolled ""cold-reduced"", not clad, plated or coated, of a thickness of < 0,5 mm (excl. electrical)",Iron & Steel,Column B,(E),0.108
72099020,"Flat-rolled products of iron or steel, of a width of >= 600 mm, cold-rolled ""cold-reduced"" and further worked, but not clad, plated or coated, perforated",Iron & Steel,Column A,,0.079000000000000001
72099020,"Flat-rolled products of iron or steel, of a width of >= 600 mm, cold-rolled ""cold-reduced"" and further worked, but not clad, plated or coated, perforated",Iron & Steel,Column B,(C),1.458
72099020,"Flat-rolled products of iron or steel, of a width of >= 600 mm, cold-rolled ""cold-reduced"" and further worked, but not clad, plated or coated, perforated",Iron & Steel,Column B,(D),0.53300000000000003
72099020,"Flat-rolled products of iron or steel, of a width of >= 600 mm, cold-rolled ""cold-reduced"" and further worked, but not clad, plated or coated, perforated",Iron & Steel,Column B,(E),0.108
72099080,"Flat-rolled products of iron or steel, of a width of >= 600 mm, cold-rolled ""cold-reduced"" and further worked, but not clad, plated or coated, non-perforated",Iron & Steel,Column A,,0.079000000000000001
72099080,"Flat-rolled products of iron or steel, of a width of >= 600 mm, cold-rolled ""cold-reduced"" and further worked, but not clad, plated or coated, non-perforated",Iron & Steel,Column B,(C),1.458
72099080,"Flat-rolled products of iron or steel, of a width of >= 600 mm, cold-rolled ""cold-reduced"" and further worked, but not clad, plated or coated, non-perforated",Iron & Steel,Column B,(D),0.53300000000000003
72099080,"Flat-rolled products of iron or steel, of a width of >= 600 mm, cold-rolled ""cold-reduced"" and further worked, but not clad, plated or coated, non-perforated",Iron & Steel,Column B,(E),0.108
72101100,"Flat-rolled products of iron or non-alloy steel, of a width of >= 600 mm, hot-rolled or cold-rolled ""cold-reduced"", tinned, of a thickness of >= 0,5 mm",Iron & Steel,Column A,,0.112
72101100,"Flat-rolled products of iron or non-alloy steel, of a width of >= 600 mm, hot-rolled or cold-rolled ""cold-reduced"", tinned, of a thickness of >= 0,5 mm",Iron & Steel,Column B,(C),1.4910000000000001
72101100,"Flat-rolled products of iron or non-alloy steel, of a width of >= 600 mm, hot-rolled or cold-rolled ""cold-reduced"", tinned, of a thickness of >= 0,5 mm",Iron & Steel,Column B,(D),0.56699999999999995
72101100,"Flat-rolled products of iron or non-alloy steel, of a width of >= 600 mm, hot-rolled or cold-rolled ""cold-reduced"", tinned, of a thickness of >= 0,5 mm",Iron & Steel,Column B,(E),0.14099999999999999
72101220,"Tinplate of iron or non-alloy steel, of a width of >= 600 mm and of a thickness of < 0,5 mm, tinned [coated with a layer of metal containing, by weight,  >= 97% of tin], not further worked than surface-treated",Iron & Steel,Column A,,0.112
72101220,"Tinplate of iron or non-alloy steel, of a width of >= 600 mm and of a thickness of < 0,5 mm, tinned [coated with a layer of metal containing, by weight,  >= 97% of tin], not further worked than surface-treated",Iron & Steel,Column B,(C),1.4910000000000001
72101220,"Tinplate of iron or non-alloy steel, of a width of >= 600 mm and of a thickness of < 0,5 mm, tinned [coated with a layer of metal containing, by weight,  >= 97% of tin], not further worked than surface-treated",Iron & Steel,Column B,(D),0.56699999999999995
72101220,"Tinplate of iron or non-alloy steel, of a width of >= 600 mm and of a thickness of < 0,5 mm, tinned [coated with a layer of metal containing, by weight,  >= 97% of tin], not further worked than surface-treated",Iron & Steel,Column B,(E),0.14099999999999999
72101280,"Flat-rolled products of iron or non-alloy steel, of a width of >= 600 mm, hot-rolled or cold-rolled ""cold-reduced"", plated or coated with tin, of a thickness of < 0,5 mm (excl. tinplate)",Iron & Steel,Column A,,0.112
72101280,"Flat-rolled products of iron or non-alloy steel, of a width of >= 600 mm, hot-rolled or cold-rolled ""cold-reduced"", plated or coated with tin, of a thickness of < 0,5 mm (excl. tinplate)",Iron & Steel,Column B,(C),1.4910000000000001
72101280,"Flat-rolled products of iron or non-alloy steel, of a width of >= 600 mm, hot-rolled or cold-rolled ""cold-reduced"", plated or coated with tin, of a thickness of < 0,5 mm (excl. tinplate)",Iron & Steel,Column B,(D),0.56699999999999995
72101280,"Flat-rolled products of iron or non-alloy steel, of a width of >= 600 mm, hot-rolled or cold-rolled ""cold-reduced"", plated or coated with tin, of a thickness of < 0,5 mm (excl. tinplate)",Iron & Steel,Column B,(E),0.14099999999999999
72102000,"Flat-rolled products of iron or non-alloy steel, of a width of >= 600 mm, hot-rolled or cold-rolled ""cold-reduced"", plated or coated with lead, incl. terne-plate",Iron & Steel,Column A,,0.112
72102000,"Flat-rolled products of iron or non-alloy steel, of a width of >= 600 mm, hot-rolled or cold-rolled ""cold-reduced"", plated or coated with lead, incl. terne-plate",Iron & Steel,Column B,(C),1.4910000000000001
72102000,"Flat-rolled products of iron or non-alloy steel, of a width of >= 600 mm, hot-rolled or cold-rolled ""cold-reduced"", plated or coated with lead, incl. terne-plate",Iron & Steel,Column B,(D),0.56699999999999995
72102000,"Flat-rolled products of iron or non-alloy steel, of a width of >= 600 mm, hot-rolled or cold-rolled ""cold-reduced"", plated or coated with lead, incl. terne-plate",Iron & Steel,Column B,(E),0.14099999999999999
72103000,"Flat-rolled products of iron or non-alloy steel, of a width of >= 600 mm, hot-rolled or cold-rolled ""cold-reduced"", electrolytically plated or coated with zinc",Iron & Steel,Column A,,0.112
72103000,"Flat-rolled products of iron or non-alloy steel, of a width of >= 600 mm, hot-rolled or cold-rolled ""cold-reduced"", electrolytically plated or coated with zinc",Iron & Steel,Column B,(C),1.4910000000000001
72103000,"Flat-rolled products of iron or non-alloy steel, of a width of >= 600 mm, hot-rolled or cold-rolled ""cold-reduced"", electrolytically plated or coated with zinc",Iron & Steel,Column B,(D),0.56699999999999995
72103000,"Flat-rolled products of iron or non-alloy steel, of a width of >= 600 mm, hot-rolled or cold-rolled ""cold-reduced"", electrolytically plated or coated with zinc",Iron & Steel,Column B,(E),0.14099999999999999
72104100,"Flat-rolled products of iron or non-alloy steel, of a width of >= 600 mm, hot-rolled or cold-rolled ""cold-reduced"", corrugated, plated or coated with zinc (excl. electrolytically plated or coated with zinc)",Iron & Steel,Column A,,0.112
72104100,"Flat-rolled products of iron or non-alloy steel, of a width of >= 600 mm, hot-rolled or cold-rolled ""cold-reduced"", corrugated, plated or coated with zinc (excl. electrolytically plated or coated with zinc)",Iron & Steel,Column B,(C),1.4910000000000001
72104100,"Flat-rolled products of iron or non-alloy steel, of a width of >= 600 mm, hot-rolled or cold-rolled ""cold-reduced"", corrugated, plated or coated with zinc (excl. electrolytically plated or coated with zinc)",Iron & Steel,Column B,(D),0.56699999999999995
72104100,"Flat-rolled products of iron or non-alloy steel, of a width of >= 600 mm, hot-rolled or cold-rolled ""cold-reduced"", corrugated, plated or coated with zinc (excl. electrolytically plated or coated with zinc)",Iron & Steel,Column B,(E),0.14099999999999999
72104900,"Flat-rolled products of iron or non-alloy steel, of a width of >= 600 mm, hot-rolled or cold-rolled ""cold-reduced"", not corrugated, plated or coated with zinc (excl. electrolytically plated or coated with zinc)",Iron & Steel,Column A,,0.112
72104900,"Flat-rolled products of iron or non-alloy steel, of a width of >= 600 mm, hot-rolled or cold-rolled ""cold-reduced"", not corrugated, plated or coated with zinc (excl. electrolytically plated or coated with zinc)",Iron & Steel,Column B,(C),1.4910000000000001
72104900,"Flat-rolled products of iron or non-alloy steel, of a width of >= 600 mm, hot-rolled or cold-rolled ""cold-reduced"", not corrugated, plated or coated with zinc (excl. electrolytically plated or coated with zinc)",Iron & Steel,Column B,(D),0.56699999999999995
72104900,"Flat-rolled products of iron or non-alloy steel, of a width of >= 600 mm, hot-rolled or cold-rolled ""cold-reduced"", not corrugated, plated or coated with zinc (excl. electrolytically plated or coated with zinc)",Iron & Steel,Column B,(E),0.14099999999999999
72105000,"Flat-rolled products of iron or non-alloy steel, of a width of >= 600 mm, hot-rolled or cold-rolled ""cold-reduced"", plated or coated with chromium oxides or with chromium and chromium oxides",Iron & Steel,Column A,,0.112
72105000,"Flat-rolled products of iron or non-alloy steel, of a width of >= 600 mm, hot-rolled or cold-rolled ""cold-reduced"", plated or coated with chromium oxides or with chromium and chromium oxides",Iron & Steel,Column B,(C),1.4910000000000001
72105000,"Flat-rolled products of iron or non-alloy steel, of a width of >= 600 mm, hot-rolled or cold-rolled ""cold-reduced"", plated or coated with chromium oxides or with chromium and chromium oxides",Iron & Steel,Column B,(D),0.56699999999999995
72105000,"Flat-rolled products of iron or non-alloy steel, of a width of >= 600 mm, hot-rolled or cold-rolled ""cold-reduced"", plated or coated with chromium oxides or with chromium and chromium oxides",Iron & Steel,Column B,(E),0.14099999999999999
72106100,"Flat-rolled products of iron or non-alloy steel, of a width of >= 600 mm, hot-rolled or cold-rolled ""cold-reduced"", plated or coated with aluminium-zinc alloys",Iron & Steel,Column A,,0.112
72106100,"Flat-rolled products of iron or non-alloy steel, of a width of >= 600 mm, hot-rolled or cold-rolled ""cold-reduced"", plated or coated with aluminium-zinc alloys",Iron & Steel,Column B,(C),1.4910000000000001
72106100,"Flat-rolled products of iron or non-alloy steel, of a width of >= 600 mm, hot-rolled or cold-rolled ""cold-reduced"", plated or coated with aluminium-zinc alloys",Iron & Steel,Column B,(D),0.56699999999999995
72106100,"Flat-rolled products of iron or non-alloy steel, of a width of >= 600 mm, hot-rolled or cold-rolled ""cold-reduced"", plated or coated with aluminium-zinc alloys",Iron & Steel,Column B,(E),0.14099999999999999
72106900,"Flat-rolled products of iron or non-alloy steel, of a width of >= 600 mm, hot-rolled or cold-rolled ""cold-reduced"", plated or coated with aluminium (excl. products plated or coated with aluminium-zinc alloys)",Iron & Steel,Column A,,0.112
72106900,"Flat-rolled products of iron or non-alloy steel, of a width of >= 600 mm, hot-rolled or cold-rolled ""cold-reduced"", plated or coated with aluminium (excl. products plated or coated with aluminium-zinc alloys)",Iron & Steel,Column B,(C),1.4910000000000001
72106900,"Flat-rolled products of iron or non-alloy steel, of a width of >= 600 mm, hot-rolled or cold-rolled ""cold-reduced"", plated or coated with aluminium (excl. products plated or coated with aluminium-zinc alloys)",Iron & Steel,Column B,(D),0.56699999999999995
72106900,"Flat-rolled products of iron or non-alloy steel, of a width of >= 600 mm, hot-rolled or cold-rolled ""cold-reduced"", plated or coated with aluminium (excl. products plated or coated with aluminium-zinc alloys)",Iron & Steel,Column B,(E),0.14099999999999999
72107010,"Tinplate of a width of >= 600 mm and of a thickness of < 0,5 mm, tinned [coated with a layer of metal containing, by weight,  >= 97% of tin], not further worked than varnished, and flat products plated or coated with chromium oxides or with chromium and chromium oxides, of iron or non-alloy steel, of a width of >= 600 mm, hot-rolled or cold-rolled ""cold-reduced"", varnished",Iron & Steel,Column A,,0.112
72107010,"Tinplate of a width of >= 600 mm and of a thickness of < 0,5 mm, tinned [coated with a layer of metal containing, by weight,  >= 97% of tin], not further worked than varnished, and flat products plated or coated with chromium oxides or with chromium and chromium oxides, of iron or non-alloy steel, of a width of >= 600 mm, hot-rolled or cold-rolled ""cold-reduced"", varnished",Iron & Steel,Column B,(C),1.4910000000000001
72107010,"Tinplate of a width of >= 600 mm and of a thickness of < 0,5 mm, tinned [coated with a layer of metal containing, by weight,  >= 97% of tin], not further worked than varnished, and flat products plated or coated with chromium oxides or with chromium and chromium oxides, of iron or non-alloy steel, of a width of >= 600 mm, hot-rolled or cold-rolled ""cold-reduced"", varnished",Iron & Steel,Column B,(D),0.56699999999999995
72107010,"Tinplate of a width of >= 600 mm and of a thickness of < 0,5 mm, tinned [coated with a layer of metal containing, by weight,  >= 97% of tin], not further worked than varnished, and flat products plated or coated with chromium oxides or with chromium and chromium oxides, of iron or non-alloy steel, of a width of >= 600 mm, hot-rolled or cold-rolled ""cold-reduced"", varnished",Iron & Steel,Column B,(E),0.14099999999999999
72107080,"Flat-rolled products of iron or non-alloy steel, of a width of >= 600 mm, hot-rolled or cold-rolled ""cold-reduced"", painted, varnished or plastic coated (excl. tinplate and products electrolytically plated or coated with chrome, varnished)",Iron & Steel,Column A,,0.112
72107080,"Flat-rolled products of iron or non-alloy steel, of a width of >= 600 mm, hot-rolled or cold-rolled ""cold-reduced"", painted, varnished or plastic coated (excl. tinplate and products electrolytically plated or coated with chrome, varnished)",Iron & Steel,Column B,(C),1.4910000000000001
72107080,"Flat-rolled products of iron or non-alloy steel, of a width of >= 600 mm, hot-rolled or cold-rolled ""cold-reduced"", painted, varnished or plastic coated (excl. tinplate and products electrolytically plated or coated with chrome, varnished)",Iron & Steel,Column B,(D),0.56699999999999995
72107080,"Flat-rolled products of iron or non-alloy steel, of a width of >= 600 mm, hot-rolled or cold-rolled ""cold-reduced"", painted, varnished or plastic coated (excl. tinplate and products electrolytically plated or coated with chrome, varnished)",Iron & Steel,Column B,(E),0.14099999999999999
72109030,"Flat-rolled products of iron or non-alloy steel, of a width of >= 600 mm, hot-rolled or cold-rolled ""cold-reduced"", clad",Iron & Steel,Column A,,0.112
72109030,"Flat-rolled products of iron or non-alloy steel, of a width of >= 600 mm, hot-rolled or cold-rolled ""cold-reduced"", clad",Iron & Steel,Column B,(C),1.4910000000000001
72109030,"Flat-rolled products of iron or non-alloy steel, of a width of >= 600 mm, hot-rolled or cold-rolled ""cold-reduced"", clad",Iron & Steel,Column B,(D),0.56699999999999995
72109030,"Flat-rolled products of iron or non-alloy steel, of a width of >= 600 mm, hot-rolled or cold-rolled ""cold-reduced"", clad",Iron & Steel,Column B,(E),0.14099999999999999
72109040,"Flat-rolled products of iron or non-alloy steel, tinned and printed, of a width of >= 600 mm, hot-rolled or cold-rolled ""cold-reduced""",Iron & Steel,Column A,,0.112
72109040,"Flat-rolled products of iron or non-alloy steel, tinned and printed, of a width of >= 600 mm, hot-rolled or cold-rolled ""cold-reduced""",Iron & Steel,Column B,(C),1.4910000000000001
72109040,"Flat-rolled products of iron or non-alloy steel, tinned and printed, of a width of >= 600 mm, hot-rolled or cold-rolled ""cold-reduced""",Iron & Steel,Column B,(D),0.56699999999999995
72109040,"Flat-rolled products of iron or non-alloy steel, tinned and printed, of a width of >= 600 mm, hot-rolled or cold-rolled ""cold-reduced""",Iron & Steel,Column B,(E),0.14099999999999999
72109080,"Flat-rolled products of iron or non-alloy steel, hot-rolled or cold-rolled ""cold-reduced"", of a width of >= 600 mm, plated or coated (excl. plated or coated with thin, lead ""incl. terne-plate"", zinc, aluminium, chromium, chromium oxides, plastics, platinum, painted or varnished, clad and tinned and printed)",Iron & Steel,Column A,,0.112
72109080,"Flat-rolled products of iron or non-alloy steel, hot-rolled or cold-rolled ""cold-reduced"", of a width of >= 600 mm, plated or coated (excl. plated or coated with thin, lead ""incl. terne-plate"", zinc, aluminium, chromium, chromium oxides, plastics, platinum, painted or varnished, clad and tinned and printed)",Iron & Steel,Column B,(C),1.4910000000000001
72109080,"Flat-rolled products of iron or non-alloy steel, hot-rolled or cold-rolled ""cold-reduced"", of a width of >= 600 mm, plated or coated (excl. plated or coated with thin, lead ""incl. terne-plate"", zinc, aluminium, chromium, chromium oxides, plastics, platinum, painted or varnished, clad and tinned and printed)",Iron & Steel,Column B,(D),0.56699999999999995
72109080,"Flat-rolled products of iron or non-alloy steel, hot-rolled or cold-rolled ""cold-reduced"", of a width of >= 600 mm, plated or coated (excl. plated or coated with thin, lead ""incl. terne-plate"", zinc, aluminium, chromium, chromium oxides, plastics, platinum, painted or varnished, clad and tinned and printed)",Iron & Steel,Column B,(E),0.14099999999999999
72111300,"Flat-rolled products of iron or non-alloy steel, simply hot-rolled on four faces or in a closed box pass, not clad, plated or coated, of a width of > 150 mm but < 600 mm and a thickness of >= 4 mm, not in coils, without patterns in relief, commonly known as ""wide flats""",Iron & Steel,Column A,,0.043999999999999997
72111300,"Flat-rolled products of iron or non-alloy steel, simply hot-rolled on four faces or in a closed box pass, not clad, plated or coated, of a width of > 150 mm but < 600 mm and a thickness of >= 4 mm, not in coils, without patterns in relief, commonly known as ""wide flats""",Iron & Steel,Column B,(C),1.37
72111300,"Flat-rolled products of iron or non-alloy steel, simply hot-rolled on four faces or in a closed box pass, not clad, plated or coated, of a width of > 150 mm but < 600 mm and a thickness of >= 4 mm, not in coils, without patterns in relief, commonly known as ""wide flats""",Iron & Steel,Column B,(D),0.48099999999999998
72111300,"Flat-rolled products of iron or non-alloy steel, simply hot-rolled on four faces or in a closed box pass, not clad, plated or coated, of a width of > 150 mm but < 600 mm and a thickness of >= 4 mm, not in coils, without patterns in relief, commonly known as ""wide flats""",Iron & Steel,Column B,(E),0.071999999999999995
72111400,"Flat-rolled products of iron or non-alloy steel, of a width < 600 mm, not further worked than hot-rolled, not clad, plated or coated, of a thickness of >= 4,75 mm (excl. ""wide flats"")",Iron & Steel,Column A,,0.043999999999999997
72111400,"Flat-rolled products of iron or non-alloy steel, of a width < 600 mm, not further worked than hot-rolled, not clad, plated or coated, of a thickness of >= 4,75 mm (excl. ""wide flats"")",Iron & Steel,Column B,(C),1.37
72111400,"Flat-rolled products of iron or non-alloy steel, of a width < 600 mm, not further worked than hot-rolled, not clad, plated or coated, of a thickness of >= 4,75 mm (excl. ""wide flats"")",Iron & Steel,Column B,(D),0.48099999999999998
72111400,"Flat-rolled products of iron or non-alloy steel, of a width < 600 mm, not further worked than hot-rolled, not clad, plated or coated, of a thickness of >= 4,75 mm (excl. ""wide flats"")",Iron & Steel,Column B,(E),0.071999999999999995
72111900,"Flat-rolled products of iron or non-alloy steel, of a width < 600 mm, simply hot-rolled, not clad, plated or coated, of a thickness < 4,75 mm (excl. ""wide flats"")",Iron & Steel,Column A,,0.043999999999999997
72111900,"Flat-rolled products of iron or non-alloy steel, of a width < 600 mm, simply hot-rolled, not clad, plated or coated, of a thickness < 4,75 mm (excl. ""wide flats"")",Iron & Steel,Column B,(C),1.37
72111900,"Flat-rolled products of iron or non-alloy steel, of a width < 600 mm, simply hot-rolled, not clad, plated or coated, of a thickness < 4,75 mm (excl. ""wide flats"")",Iron & Steel,Column B,(D),0.48099999999999998
72111900,"Flat-rolled products of iron or non-alloy steel, of a width < 600 mm, simply hot-rolled, not clad, plated or coated, of a thickness < 4,75 mm (excl. ""wide flats"")",Iron & Steel,Column B,(E),0.071999999999999995
72112320,"Flat-rolled products of iron or non-alloy steel, of a width of < 600 mm, simply cold-rolled ""cold-reduced"", not clad, plated or coated, containing by weight < 0,25% of carbon ""electrical""",Iron & Steel,Column A,,0.079000000000000001
72112320,"Flat-rolled products of iron or non-alloy steel, of a width of < 600 mm, simply cold-rolled ""cold-reduced"", not clad, plated or coated, containing by weight < 0,25% of carbon ""electrical""",Iron & Steel,Column B,(C),1.458
72112320,"Flat-rolled products of iron or non-alloy steel, of a width of < 600 mm, simply cold-rolled ""cold-reduced"", not clad, plated or coated, containing by weight < 0,25% of carbon ""electrical""",Iron & Steel,Column B,(D),0.53300000000000003
72112320,"Flat-rolled products of iron or non-alloy steel, of a width of < 600 mm, simply cold-rolled ""cold-reduced"", not clad, plated or coated, containing by weight < 0,25% of carbon ""electrical""",Iron & Steel,Column B,(E),0.108
72112330,"Flat-rolled products of iron or non-alloy steel, of a width of < 600 mm and of a thickness of >= 0,35 mm, simply cold-rolled ""cold-reduced"", not clad, plated or coated, containing by weight < 0,25% of carbon (excl. electrical plate)",Iron & Steel,Column A,,0.079000000000000001
72112330,"Flat-rolled products of iron or non-alloy steel, of a width of < 600 mm and of a thickness of >= 0,35 mm, simply cold-rolled ""cold-reduced"", not clad, plated or coated, containing by weight < 0,25% of carbon (excl. electrical plate)",Iron & Steel,Column B,(C),1.458
72112330,"Flat-rolled products of iron or non-alloy steel, of a width of < 600 mm and of a thickness of >= 0,35 mm, simply cold-rolled ""cold-reduced"", not clad, plated or coated, containing by weight < 0,25% of carbon (excl. electrical plate)",Iron & Steel,Column B,(D),0.53300000000000003
72112330,"Flat-rolled products of iron or non-alloy steel, of a width of < 600 mm and of a thickness of >= 0,35 mm, simply cold-rolled ""cold-reduced"", not clad, plated or coated, containing by weight < 0,25% of carbon (excl. electrical plate)",Iron & Steel,Column B,(E),0.108
72112380,"Flat-rolled products of iron or non-alloy steel, of a width of < 600 mm and of a thickness of < 0,35 mm, simply cold-rolled ""cold-reduced"", not clad, plated or coated, containing by weight < 0,25% of carbon (excl. electrical plate)",Iron & Steel,Column A,,0.079000000000000001
72112380,"Flat-rolled products of iron or non-alloy steel, of a width of < 600 mm and of a thickness of < 0,35 mm, simply cold-rolled ""cold-reduced"", not clad, plated or coated, containing by weight < 0,25% of carbon (excl. electrical plate)",Iron & Steel,Column B,(C),1.458
72112380,"Flat-rolled products of iron or non-alloy steel, of a width of < 600 mm and of a thickness of < 0,35 mm, simply cold-rolled ""cold-reduced"", not clad, plated or coated, containing by weight < 0,25% of carbon (excl. electrical plate)",Iron & Steel,Column B,(D),0.53300000000000003
72112380,"Flat-rolled products of iron or non-alloy steel, of a width of < 600 mm and of a thickness of < 0,35 mm, simply cold-rolled ""cold-reduced"", not clad, plated or coated, containing by weight < 0,25% of carbon (excl. electrical plate)",Iron & Steel,Column B,(E),0.108
72112900,"Flat-rolled products of iron or non-alloy steel, of a width of < 600 mm, simply cold-rolled ""cold-reduced"", not clad, plated or coated, containing by weight >= 0,25% of carbon",Iron & Steel,Column A,,0.079000000000000001
72112900,"Flat-rolled products of iron or non-alloy steel, of a width of < 600 mm, simply cold-rolled ""cold-reduced"", not clad, plated or coated, containing by weight >= 0,25% of carbon",Iron & Steel,Column B,(C),1.458
72112900,"Flat-rolled products of iron or non-alloy steel, of a width of < 600 mm, simply cold-rolled ""cold-reduced"", not clad, plated or coated, containing by weight >= 0,25% of carbon",Iron & Steel,Column B,(D),0.53300000000000003
72112900,"Flat-rolled products of iron or non-alloy steel, of a width of < 600 mm, simply cold-rolled ""cold-reduced"", not clad, plated or coated, containing by weight >= 0,25% of carbon",Iron & Steel,Column B,(E),0.108
72119020,"Flat-rolled products of iron or non-alloy steel, of a width of < 600 mm, hot-rolled or cold-rolled ""cold-reduced"" and further worked, but not clad, plated or coated, perforated",Iron & Steel,Column A,,0.079000000000000001
72119020,"Flat-rolled products of iron or non-alloy steel, of a width of < 600 mm, hot-rolled or cold-rolled ""cold-reduced"" and further worked, but not clad, plated or coated, perforated",Iron & Steel,Column B,(C),1.458
72119020,"Flat-rolled products of iron or non-alloy steel, of a width of < 600 mm, hot-rolled or cold-rolled ""cold-reduced"" and further worked, but not clad, plated or coated, perforated",Iron & Steel,Column B,(D),0.53300000000000003
72119020,"Flat-rolled products of iron or non-alloy steel, of a width of < 600 mm, hot-rolled or cold-rolled ""cold-reduced"" and further worked, but not clad, plated or coated, perforated",Iron & Steel,Column B,(E),0.108
72119080,"Flat-rolled products of iron or non-alloy steel, of a width of < 600 mm, hot-rolled or cold-rolled ""cold-reduced"" and further worked, but not clad, plated or coated non-perforated",Iron & Steel,Column A,,0.079000000000000001
72119080,"Flat-rolled products of iron or non-alloy steel, of a width of < 600 mm, hot-rolled or cold-rolled ""cold-reduced"" and further worked, but not clad, plated or coated non-perforated",Iron & Steel,Column B,(C),1.458
72119080,"Flat-rolled products of iron or non-alloy steel, of a width of < 600 mm, hot-rolled or cold-rolled ""cold-reduced"" and further worked, but not clad, plated or coated non-perforated",Iron & Steel,Column B,(D),0.53300000000000003
72119080,"Flat-rolled products of iron or non-alloy steel, of a width of < 600 mm, hot-rolled or cold-rolled ""cold-reduced"" and further worked, but not clad, plated or coated non-perforated",Iron & Steel,Column B,(E),0.108
72121010,"Tinplate of iron or non-alloy steel, of a width of < 600 mm and of a thickness of < 0,5 mm, tinned [coated with a layer of metal containing, by weight,  >= 97% of tin], not further worked than surface-treated",Iron & Steel,Column A,,0.112
72121010,"Tinplate of iron or non-alloy steel, of a width of < 600 mm and of a thickness of < 0,5 mm, tinned [coated with a layer of metal containing, by weight,  >= 97% of tin], not further worked than surface-treated",Iron & Steel,Column B,(C),1.4910000000000001
72121010,"Tinplate of iron or non-alloy steel, of a width of < 600 mm and of a thickness of < 0,5 mm, tinned [coated with a layer of metal containing, by weight,  >= 97% of tin], not further worked than surface-treated",Iron & Steel,Column B,(D),0.56699999999999995
72121010,"Tinplate of iron or non-alloy steel, of a width of < 600 mm and of a thickness of < 0,5 mm, tinned [coated with a layer of metal containing, by weight,  >= 97% of tin], not further worked than surface-treated",Iron & Steel,Column B,(E),0.14099999999999999
72121090,"Flat-rolled products of iron or non-alloy steel, hot-rolled or cold-rolled ""cold-reduced"", of a width of < 600 mm, tinned (excl. tinplate, not further worked than surface-treated)",Iron & Steel,Column A,,0.112
72121090,"Flat-rolled products of iron or non-alloy steel, hot-rolled or cold-rolled ""cold-reduced"", of a width of < 600 mm, tinned (excl. tinplate, not further worked than surface-treated)",Iron & Steel,Column B,(C),1.4910000000000001
72121090,"Flat-rolled products of iron or non-alloy steel, hot-rolled or cold-rolled ""cold-reduced"", of a width of < 600 mm, tinned (excl. tinplate, not further worked than surface-treated)",Iron & Steel,Column B,(D),0.56699999999999995
72121090,"Flat-rolled products of iron or non-alloy steel, hot-rolled or cold-rolled ""cold-reduced"", of a width of < 600 mm, tinned (excl. tinplate, not further worked than surface-treated)",Iron & Steel,Column B,(E),0.14099999999999999
72122000,"Flat-rolled products of iron or non-alloy steel, of a width of < 600 mm, hot-rolled or cold-rolled ""cold-reduced"", electrolytically plated or coated with zinc",Iron & Steel,Column A,,0.112
72122000,"Flat-rolled products of iron or non-alloy steel, of a width of < 600 mm, hot-rolled or cold-rolled ""cold-reduced"", electrolytically plated or coated with zinc",Iron & Steel,Column B,(C),1.4910000000000001
72122000,"Flat-rolled products of iron or non-alloy steel, of a width of < 600 mm, hot-rolled or cold-rolled ""cold-reduced"", electrolytically plated or coated with zinc",Iron & Steel,Column B,(D),0.56699999999999995
72122000,"Flat-rolled products of iron or non-alloy steel, of a width of < 600 mm, hot-rolled or cold-rolled ""cold-reduced"", electrolytically plated or coated with zinc",Iron & Steel,Column B,(E),0.14099999999999999
72123000,"Flat-rolled products of iron or non-alloy steel, of a width of < 600 mm, hot-rolled or cold-rolled ""cold-reduced"", tinned (excl. electrolytically plated or coated with zinc)",Iron & Steel,Column A,,0.112
72123000,"Flat-rolled products of iron or non-alloy steel, of a width of < 600 mm, hot-rolled or cold-rolled ""cold-reduced"", tinned (excl. electrolytically plated or coated with zinc)",Iron & Steel,Column B,(C),1.4910000000000001
72123000,"Flat-rolled products of iron or non-alloy steel, of a width of < 600 mm, hot-rolled or cold-rolled ""cold-reduced"", tinned (excl. electrolytically plated or coated with zinc)",Iron & Steel,Column B,(D),0.56699999999999995
72123000,"Flat-rolled products of iron or non-alloy steel, of a width of < 600 mm, hot-rolled or cold-rolled ""cold-reduced"", tinned (excl. electrolytically plated or coated with zinc)",Iron & Steel,Column B,(E),0.14099999999999999
72124020,"Tinplate of a width of < 600 mm and of a thickness of < 0,5 mm, tinned [coated with a layer of metal containing, by weight,  >= 97% of tin], not further worked than varnished, and flat products plated or coated with chromium oxides or with chromium and chromium oxides, of iron or non-alloy steel, of a width of < 600 mm, hot-rolled or cold-rolled ""cold-reduced"", varnished",Iron & Steel,Column A,,0.112
72124020,"Tinplate of a width of < 600 mm and of a thickness of < 0,5 mm, tinned [coated with a layer of metal containing, by weight,  >= 97% of tin], not further worked than varnished, and flat products plated or coated with chromium oxides or with chromium and chromium oxides, of iron or non-alloy steel, of a width of < 600 mm, hot-rolled or cold-rolled ""cold-reduced"", varnished",Iron & Steel,Column B,(C),1.4910000000000001
72124020,"Tinplate of a width of < 600 mm and of a thickness of < 0,5 mm, tinned [coated with a layer of metal containing, by weight,  >= 97% of tin], not further worked than varnished, and flat products plated or coated with chromium oxides or with chromium and chromium oxides, of iron or non-alloy steel, of a width of < 600 mm, hot-rolled or cold-rolled ""cold-reduced"", varnished",Iron & Steel,Column B,(D),0.56699999999999995
72124020,"Tinplate of a width of < 600 mm and of a thickness of < 0,5 mm, tinned [coated with a layer of metal containing, by weight,  >= 97% of tin], not further worked than varnished, and flat products plated or coated with chromium oxides or with chromium and chromium oxides, of iron or non-alloy steel, of a width of < 600 mm, hot-rolled or cold-rolled ""cold-reduced"", varnished",Iron & Steel,Column B,(E),0.14099999999999999
72124080,"Flat-rolled products of iron or non-alloy steel, of a width of < 600 mm, hot-rolled or cold-rolled ""cold-reduced"", painted, varnished or plastic coated (excl. tinplate, not further worked than varnished, and products plated or coated with chromium oxides or with chromium and chromium oxides, varnished)",Iron & Steel,Column A,,0.112
72124080,"Flat-rolled products of iron or non-alloy steel, of a width of < 600 mm, hot-rolled or cold-rolled ""cold-reduced"", painted, varnished or plastic coated (excl. tinplate, not further worked than varnished, and products plated or coated with chromium oxides or with chromium and chromium oxides, varnished)",Iron & Steel,Column B,(C),1.4910000000000001
72124080,"Flat-rolled products of iron or non-alloy steel, of a width of < 600 mm, hot-rolled or cold-rolled ""cold-reduced"", painted, varnished or plastic coated (excl. tinplate, not further worked than varnished, and products plated or coated with chromium oxides or with chromium and chromium oxides, varnished)",Iron & Steel,Column B,(D),0.56699999999999995
72124080,"Flat-rolled products of iron or non-alloy steel, of a width of < 600 mm, hot-rolled or cold-rolled ""cold-reduced"", painted, varnished or plastic coated (excl. tinplate, not further worked than varnished, and products plated or coated with chromium oxides or with chromium and chromium oxides, varnished)",Iron & Steel,Column B,(E),0.14099999999999999
72125020,"Flat-rolled products of iron or non-alloy steel, of a width of < 600 mm, hot-rolled or cold-rolled ""cold-reduced"", plated or coated with chromium oxides or with chromium and chromium oxides (excl. varnished)",Iron & Steel,Column A,,0.112
72125020,"Flat-rolled products of iron or non-alloy steel, of a width of < 600 mm, hot-rolled or cold-rolled ""cold-reduced"", plated or coated with chromium oxides or with chromium and chromium oxides (excl. varnished)",Iron & Steel,Column B,(C),1.4910000000000001
72125020,"Flat-rolled products of iron or non-alloy steel, of a width of < 600 mm, hot-rolled or cold-rolled ""cold-reduced"", plated or coated with chromium oxides or with chromium and chromium oxides (excl. varnished)",Iron & Steel,Column B,(D),0.56699999999999995
72125020,"Flat-rolled products of iron or non-alloy steel, of a width of < 600 mm, hot-rolled or cold-rolled ""cold-reduced"", plated or coated with chromium oxides or with chromium and chromium oxides (excl. varnished)",Iron & Steel,Column B,(E),0.14099999999999999
72125030,"Flat-rolled products of iron or non-alloy steel, of a width of < 600 mm, hot-rolled or cold-rolled ""cold-reduced"", plated or coated with chromium or nickel",Iron & Steel,Column A,,0.112
72125030,"Flat-rolled products of iron or non-alloy steel, of a width of < 600 mm, hot-rolled or cold-rolled ""cold-reduced"", plated or coated with chromium or nickel",Iron & Steel,Column B,(C),1.4910000000000001
72125030,"Flat-rolled products of iron or non-alloy steel, of a width of < 600 mm, hot-rolled or cold-rolled ""cold-reduced"", plated or coated with chromium or nickel",Iron & Steel,Column B,(D),0.56699999999999995
72125030,"Flat-rolled products of iron or non-alloy steel, of a width of < 600 mm, hot-rolled or cold-rolled ""cold-reduced"", plated or coated with chromium or nickel",Iron & Steel,Column B,(E),0.14099999999999999
72125040,"Flat-rolled products of iron or non-alloy steel, of a width of < 600 mm, hot-rolled or cold-rolled ""cold-reduced"", plated or coated with copper",Iron & Steel,Column A,,0.112
72125040,"Flat-rolled products of iron or non-alloy steel, of a width of < 600 mm, hot-rolled or cold-rolled ""cold-reduced"", plated or coated with copper",Iron & Steel,Column B,(C),1.4910000000000001
72125040,"Flat-rolled products of iron or non-alloy steel, of a width of < 600 mm, hot-rolled or cold-rolled ""cold-reduced"", plated or coated with copper",Iron & Steel,Column B,(D),0.56699999999999995
72125040,"Flat-rolled products of iron or non-alloy steel, of a width of < 600 mm, hot-rolled or cold-rolled ""cold-reduced"", plated or coated with copper",Iron & Steel,Column B,(E),0.14099999999999999
72125061,"Flat-rolled products of iron or non-alloy steel, of a width of < 600 mm, hot-rolled or cold-rolled ""cold-reduced"", plated or coated with aluminium-zinc alloys",Iron & Steel,Column A,,0.112
72125061,"Flat-rolled products of iron or non-alloy steel, of a width of < 600 mm, hot-rolled or cold-rolled ""cold-reduced"", plated or coated with aluminium-zinc alloys",Iron & Steel,Column B,(C),1.4910000000000001
72125061,"Flat-rolled products of iron or non-alloy steel, of a width of < 600 mm, hot-rolled or cold-rolled ""cold-reduced"", plated or coated with aluminium-zinc alloys",Iron & Steel,Column B,(D),0.56699999999999995
72125061,"Flat-rolled products of iron or non-alloy steel, of a width of < 600 mm, hot-rolled or cold-rolled ""cold-reduced"", plated or coated with aluminium-zinc alloys",Iron & Steel,Column B,(E),0.14099999999999999
72125069,"Flat-rolled products of iron or non-alloy steel, of a width of < 600 mm, hot-rolled or cold-rolled ""cold-reduced"", plated or coated with aluminium (excl. products plated or coated with aluminium-zinc alloys)",Iron & Steel,Column A,,0.112
72125069,"Flat-rolled products of iron or non-alloy steel, of a width of < 600 mm, hot-rolled or cold-rolled ""cold-reduced"", plated or coated with aluminium (excl. products plated or coated with aluminium-zinc alloys)",Iron & Steel,Column B,(C),1.4910000000000001
72125069,"Flat-rolled products of iron or non-alloy steel, of a width of < 600 mm, hot-rolled or cold-rolled ""cold-reduced"", plated or coated with aluminium (excl. products plated or coated with aluminium-zinc alloys)",Iron & Steel,Column B,(D),0.56699999999999995
72125069,"Flat-rolled products of iron or non-alloy steel, of a width of < 600 mm, hot-rolled or cold-rolled ""cold-reduced"", plated or coated with aluminium (excl. products plated or coated with aluminium-zinc alloys)",Iron & Steel,Column B,(E),0.14099999999999999
72125090,"Flat-rolled products of iron or non-alloy steel, of a width of < 600 mm, hot-rolled or cold-rolled ""cold-reduced"", clad (excl. products plated or coated with tin or zinc, copper, with chromium oxides or with chromium and chromium oxides, chromium, nickel or aluminium, painted or varnished, and plastic-coated)",Iron & Steel,Column A,,0.112
72125090,"Flat-rolled products of iron or non-alloy steel, of a width of < 600 mm, hot-rolled or cold-rolled ""cold-reduced"", clad (excl. products plated or coated with tin or zinc, copper, with chromium oxides or with chromium and chromium oxides, chromium, nickel or aluminium, painted or varnished, and plastic-coated)",Iron & Steel,Column B,(C),1.4910000000000001
72125090,"Flat-rolled products of iron or non-alloy steel, of a width of < 600 mm, hot-rolled or cold-rolled ""cold-reduced"", clad (excl. products plated or coated with tin or zinc, copper, with chromium oxides or with chromium and chromium oxides, chromium, nickel or aluminium, painted or varnished, and plastic-coated)",Iron & Steel,Column B,(D),0.56699999999999995
72125090,"Flat-rolled products of iron or non-alloy steel, of a width of < 600 mm, hot-rolled or cold-rolled ""cold-reduced"", clad (excl. products plated or coated with tin or zinc, copper, with chromium oxides or with chromium and chromium oxides, chromium, nickel or aluminium, painted or varnished, and plastic-coated)",Iron & Steel,Column B,(E),0.14099999999999999
72126000,"Flat-rolled products of iron or non-alloy steel, of a width of < 600 mm, hot-rolled or cold-rolled ""cold-reduced"", clad",Iron & Steel,Column A,,0.112
72126000,"Flat-rolled products of iron or non-alloy steel, of a width of < 600 mm, hot-rolled or cold-rolled ""cold-reduced"", clad",Iron & Steel,Column B,(C),1.4910000000000001
72126000,"Flat-rolled products of iron or non-alloy steel, of a width of < 600 mm, hot-rolled or cold-rolled ""cold-reduced"", clad",Iron & Steel,Column B,(D),0.56699999999999995
72126000,"Flat-rolled products of iron or non-alloy steel, of a width of < 600 mm, hot-rolled or cold-rolled ""cold-reduced"", clad",Iron & Steel,Column B,(E),0.14099999999999999
72131000,"Bars and rods, hot-rolled, in irregularly wound coils of iron or non-alloy steel, with indentations, ribs, grooves or other deformations produced during the rolling process",Iron & Steel,Column A,,0.037999999999999999
72131000,"Bars and rods, hot-rolled, in irregularly wound coils of iron or non-alloy steel, with indentations, ribs, grooves or other deformations produced during the rolling process",Iron & Steel,Column B,(C),1.3640000000000001
72131000,"Bars and rods, hot-rolled, in irregularly wound coils of iron or non-alloy steel, with indentations, ribs, grooves or other deformations produced during the rolling process",Iron & Steel,Column B,(D),0.47499999999999998
72131000,"Bars and rods, hot-rolled, in irregularly wound coils of iron or non-alloy steel, with indentations, ribs, grooves or other deformations produced during the rolling process",Iron & Steel,Column B,(E),0.066000000000000003
72132000,"Bars and rods, hot-rolled, in irregularly wound coils, of non-alloy free-cutting steel (excl. bars and rods containing indentations, ribs, grooves or other deformations produced during the rolling process)",Iron & Steel,Column A,,0.037999999999999999
72132000,"Bars and rods, hot-rolled, in irregularly wound coils, of non-alloy free-cutting steel (excl. bars and rods containing indentations, ribs, grooves or other deformations produced during the rolling process)",Iron & Steel,Column B,(C),1.3640000000000001
72132000,"Bars and rods, hot-rolled, in irregularly wound coils, of non-alloy free-cutting steel (excl. bars and rods containing indentations, ribs, grooves or other deformations produced during the rolling process)",Iron & Steel,Column B,(D),0.47499999999999998
72132000,"Bars and rods, hot-rolled, in irregularly wound coils, of non-alloy free-cutting steel (excl. bars and rods containing indentations, ribs, grooves or other deformations produced during the rolling process)",Iron & Steel,Column B,(E),0.066000000000000003
72139110,"Bars and rods, hot-rolled, of the type used for concrete reinforcement, smooth, of iron or non-alloy steel, in irregularly wound coils, of circular cross-section measuring < 14 mm in diameter",Iron & Steel,Column A,,0.037999999999999999
72139110,"Bars and rods, hot-rolled, of the type used for concrete reinforcement, smooth, of iron or non-alloy steel, in irregularly wound coils, of circular cross-section measuring < 14 mm in diameter",Iron & Steel,Column B,(C),1.3640000000000001
72139110,"Bars and rods, hot-rolled, of the type used for concrete reinforcement, smooth, of iron or non-alloy steel, in irregularly wound coils, of circular cross-section measuring < 14 mm in diameter",Iron & Steel,Column B,(D),0.47499999999999998
72139110,"Bars and rods, hot-rolled, of the type used for concrete reinforcement, smooth, of iron or non-alloy steel, in irregularly wound coils, of circular cross-section measuring < 14 mm in diameter",Iron & Steel,Column B,(E),0.066000000000000003
72139120,"Bars and rods, hot-rolled, of the type used for tyre cord, smooth, of iron or non-alloy steel, in irregularly wound coils",Iron & Steel,Column A,,0.037999999999999999
72139120,"Bars and rods, hot-rolled, of the type used for tyre cord, smooth, of iron or non-alloy steel, in irregularly wound coils",Iron & Steel,Column B,(C),1.3640000000000001
72139120,"Bars and rods, hot-rolled, of the type used for tyre cord, smooth, of iron or non-alloy steel, in irregularly wound coils",Iron & Steel,Column B,(D),0.47499999999999998
72139120,"Bars and rods, hot-rolled, of the type used for tyre cord, smooth, of iron or non-alloy steel, in irregularly wound coils",Iron & Steel,Column B,(E),0.066000000000000003
72139141,"Bars and rods, hot-rolled, of iron or non-alloy steel, in irregularly wound coils, containing by weight <= 0,06% of carbon, of circular cross-section measuring < 14 mm in diameter (excl. free-cutting steel, bars and rods, hot-rolled, for concrete reinforcement and tyre cord, and bars and rods, hot-rolled, containing indentations, ribs, grooves or other deformations produced during the rolling process)",Iron & Steel,Column A,,0.037999999999999999
72139141,"Bars and rods, hot-rolled, of iron or non-alloy steel, in irregularly wound coils, containing by weight <= 0,06% of carbon, of circular cross-section measuring < 14 mm in diameter (excl. free-cutting steel, bars and rods, hot-rolled, for concrete reinforcement and tyre cord, and bars and rods, hot-rolled, containing indentations, ribs, grooves or other deformations produced during the rolling process)",Iron & Steel,Column B,(C),1.3640000000000001
72139141,"Bars and rods, hot-rolled, of iron or non-alloy steel, in irregularly wound coils, containing by weight <= 0,06% of carbon, of circular cross-section measuring < 14 mm in diameter (excl. free-cutting steel, bars and rods, hot-rolled, for concrete reinforcement and tyre cord, and bars and rods, hot-rolled, containing indentations, ribs, grooves or other deformations produced during the rolling process)",Iron & Steel,Column B,(D),0.47499999999999998
72139141,"Bars and rods, hot-rolled, of iron or non-alloy steel, in irregularly wound coils, containing by weight <= 0,06% of carbon, of circular cross-section measuring < 14 mm in diameter (excl. free-cutting steel, bars and rods, hot-rolled, for concrete reinforcement and tyre cord, and bars and rods, hot-rolled, containing indentations, ribs, grooves or other deformations produced during the rolling process)",Iron & Steel,Column B,(E),0.066000000000000003
72139149,"Bars and rods, hot-rolled, of iron or non-alloy steel, in irregularly wound coils, containing by weight > 0,06% and < 0,25% of carbon, of circular cross-section, measuring < 14 mm in diameter (excl. of free-cutting steel, bars and rods, hot-rolled, for concrete reinforcement and tyre cord and bars and rods, hot-rolled, containing indentations, ribs, grooves or other deformations produced during the rolling process)",Iron & Steel,Column A,,0.037999999999999999
72139149,"Bars and rods, hot-rolled, of iron or non-alloy steel, in irregularly wound coils, containing by weight > 0,06% and < 0,25% of carbon, of circular cross-section, measuring < 14 mm in diameter (excl. of free-cutting steel, bars and rods, hot-rolled, for concrete reinforcement and tyre cord and bars and rods, hot-rolled, containing indentations, ribs, grooves or other deformations produced during the rolling process)",Iron & Steel,Column B,(C),1.3640000000000001
72139149,"Bars and rods, hot-rolled, of iron or non-alloy steel, in irregularly wound coils, containing by weight > 0,06% and < 0,25% of carbon, of circular cross-section, measuring < 14 mm in diameter (excl. of free-cutting steel, bars and rods, hot-rolled, for concrete reinforcement and tyre cord and bars and rods, hot-rolled, containing indentations, ribs, grooves or other deformations produced during the rolling process)",Iron & Steel,Column B,(D),0.47499999999999998
72139149,"Bars and rods, hot-rolled, of iron or non-alloy steel, in irregularly wound coils, containing by weight > 0,06% and < 0,25% of carbon, of circular cross-section, measuring < 14 mm in diameter (excl. of free-cutting steel, bars and rods, hot-rolled, for concrete reinforcement and tyre cord and bars and rods, hot-rolled, containing indentations, ribs, grooves or other deformations produced during the rolling process)",Iron & Steel,Column B,(E),0.066000000000000003
72139170,"Bars and rods, hot-rolled, in irregularly wound coils, of iron or non-alloy steel, containing by weight >= 0,25% but <= 0,75% carbon, of circular cross-section measuring < 14 mm in diameter (excl. of free-cutting steel, and bars and rods, smooth, for concrete reinforcement and tyre cord, and bars and rods with indentations, ribs, grooves or other deformations produced during the rolling process)",Iron & Steel,Column A,,0.037999999999999999
72139170,"Bars and rods, hot-rolled, in irregularly wound coils, of iron or non-alloy steel, containing by weight >= 0,25% but <= 0,75% carbon, of circular cross-section measuring < 14 mm in diameter (excl. of free-cutting steel, and bars and rods, smooth, for concrete reinforcement and tyre cord, and bars and rods with indentations, ribs, grooves or other deformations produced during the rolling process)",Iron & Steel,Column B,(C),1.3640000000000001
72139170,"Bars and rods, hot-rolled, in irregularly wound coils, of iron or non-alloy steel, containing by weight >= 0,25% but <= 0,75% carbon, of circular cross-section measuring < 14 mm in diameter (excl. of free-cutting steel, and bars and rods, smooth, for concrete reinforcement and tyre cord, and bars and rods with indentations, ribs, grooves or other deformations produced during the rolling process)",Iron & Steel,Column B,(D),0.47499999999999998
72139170,"Bars and rods, hot-rolled, in irregularly wound coils, of iron or non-alloy steel, containing by weight >= 0,25% but <= 0,75% carbon, of circular cross-section measuring < 14 mm in diameter (excl. of free-cutting steel, and bars and rods, smooth, for concrete reinforcement and tyre cord, and bars and rods with indentations, ribs, grooves or other deformations produced during the rolling process)",Iron & Steel,Column B,(E),0.066000000000000003
72139190,"Bars and rods, hot-rolled, of iron or non-alloy steel, in irregularly wound coils, containing by weight > 0,75% of carbon, of circular cross-section measuring < 14 mm in diameter (excl. of free-cutting steel, bars and rods, smooth, for tyre cord and bars and rods with indentations, ribs, grooves and other deformations produced during the rolling process)",Iron & Steel,Column A,,0.037999999999999999
72139190,"Bars and rods, hot-rolled, of iron or non-alloy steel, in irregularly wound coils, containing by weight > 0,75% of carbon, of circular cross-section measuring < 14 mm in diameter (excl. of free-cutting steel, bars and rods, smooth, for tyre cord and bars and rods with indentations, ribs, grooves and other deformations produced during the rolling process)",Iron & Steel,Column B,(C),1.3640000000000001
72139190,"Bars and rods, hot-rolled, of iron or non-alloy steel, in irregularly wound coils, containing by weight > 0,75% of carbon, of circular cross-section measuring < 14 mm in diameter (excl. of free-cutting steel, bars and rods, smooth, for tyre cord and bars and rods with indentations, ribs, grooves and other deformations produced during the rolling process)",Iron & Steel,Column B,(D),0.47499999999999998
72139190,"Bars and rods, hot-rolled, of iron or non-alloy steel, in irregularly wound coils, containing by weight > 0,75% of carbon, of circular cross-section measuring < 14 mm in diameter (excl. of free-cutting steel, bars and rods, smooth, for tyre cord and bars and rods with indentations, ribs, grooves and other deformations produced during the rolling process)",Iron & Steel,Column B,(E),0.066000000000000003
72139910,"Bars and rods, of iron or non-alloy steel, hot-rolled, in irregularly wound coils, containing by weight < 0,25% carbon (excl. products of circular cross-section measuring < 14 mm in diameter, bars and rods of free-cutting steel, and bars and rods with indentations, ribs, grooves or other deformations produced during the rolling process)",Iron & Steel,Column A,,0.037999999999999999
72139910,"Bars and rods, of iron or non-alloy steel, hot-rolled, in irregularly wound coils, containing by weight < 0,25% carbon (excl. products of circular cross-section measuring < 14 mm in diameter, bars and rods of free-cutting steel, and bars and rods with indentations, ribs, grooves or other deformations produced during the rolling process)",Iron & Steel,Column B,(C),1.3640000000000001
72139910,"Bars and rods, of iron or non-alloy steel, hot-rolled, in irregularly wound coils, containing by weight < 0,25% carbon (excl. products of circular cross-section measuring < 14 mm in diameter, bars and rods of free-cutting steel, and bars and rods with indentations, ribs, grooves or other deformations produced during the rolling process)",Iron & Steel,Column B,(D),0.47499999999999998
72139910,"Bars and rods, of iron or non-alloy steel, hot-rolled, in irregularly wound coils, containing by weight < 0,25% carbon (excl. products of circular cross-section measuring < 14 mm in diameter, bars and rods of free-cutting steel, and bars and rods with indentations, ribs, grooves or other deformations produced during the rolling process)",Iron & Steel,Column B,(E),0.066000000000000003
72139990,"Bars and rods, hot-rolled, in irregularly wound coils, of iron or non-alloy steel, containing by weight >= 0,25% carbon (excl. products of circular cross-section measuring < 14 mm diameter, bars and rods of free-cutting steel, and bars and rods with indentations, ribs, grooves or other deformations produced during the rolling process)",Iron & Steel,Column A,,0.037999999999999999
72139990,"Bars and rods, hot-rolled, in irregularly wound coils, of iron or non-alloy steel, containing by weight >= 0,25% carbon (excl. products of circular cross-section measuring < 14 mm diameter, bars and rods of free-cutting steel, and bars and rods with indentations, ribs, grooves or other deformations produced during the rolling process)",Iron & Steel,Column B,(C),1.3640000000000001
72139990,"Bars and rods, hot-rolled, in irregularly wound coils, of iron or non-alloy steel, containing by weight >= 0,25% carbon (excl. products of circular cross-section measuring < 14 mm diameter, bars and rods of free-cutting steel, and bars and rods with indentations, ribs, grooves or other deformations produced during the rolling process)",Iron & Steel,Column B,(D),0.47499999999999998
72139990,"Bars and rods, hot-rolled, in irregularly wound coils, of iron or non-alloy steel, containing by weight >= 0,25% carbon (excl. products of circular cross-section measuring < 14 mm diameter, bars and rods of free-cutting steel, and bars and rods with indentations, ribs, grooves or other deformations produced during the rolling process)",Iron & Steel,Column B,(E),0.066000000000000003
72141000,"Bars and rods, of iron or non-alloy steel, not further worked than forged (excl. in irregularly wound coils)",Iron & Steel,Column A,,0.30299999999999999
72141000,"Bars and rods, of iron or non-alloy steel, not further worked than forged (excl. in irregularly wound coils)",Iron & Steel,Column B,(C),1.629
72141000,"Bars and rods, of iron or non-alloy steel, not further worked than forged (excl. in irregularly wound coils)",Iron & Steel,Column B,(D),0.74
72141000,"Bars and rods, of iron or non-alloy steel, not further worked than forged (excl. in irregularly wound coils)",Iron & Steel,Column B,(E),0.33100000000000002
72142000,"Bars and rods, of iron or non-alloy steel, with indentations, ribs, groves or other deformations produced during the rolling process",Iron & Steel,Column A,,0.037999999999999999
72142000,"Bars and rods, of iron or non-alloy steel, with indentations, ribs, groves or other deformations produced during the rolling process",Iron & Steel,Column B,(C),1.3640000000000001
72142000,"Bars and rods, of iron or non-alloy steel, with indentations, ribs, groves or other deformations produced during the rolling process",Iron & Steel,Column B,(D),0.47499999999999998
72142000,"Bars and rods, of iron or non-alloy steel, with indentations, ribs, groves or other deformations produced during the rolling process",Iron & Steel,Column B,(E),0.066000000000000003
72143000,"Bars and rods, of non-alloy free-cutting steel, not further worked than hot-rolled, hot-drawn or hot-extruded (excl. containing indentations, ribs, grooves or other deformations produced during the rolling process or twisted after rolling)",Iron & Steel,Column A,,0.037999999999999999
72143000,"Bars and rods, of non-alloy free-cutting steel, not further worked than hot-rolled, hot-drawn or hot-extruded (excl. containing indentations, ribs, grooves or other deformations produced during the rolling process or twisted after rolling)",Iron & Steel,Column B,(C),1.3640000000000001
72143000,"Bars and rods, of non-alloy free-cutting steel, not further worked than hot-rolled, hot-drawn or hot-extruded (excl. containing indentations, ribs, grooves or other deformations produced during the rolling process or twisted after rolling)",Iron & Steel,Column B,(D),0.47499999999999998
72143000,"Bars and rods, of non-alloy free-cutting steel, not further worked than hot-rolled, hot-drawn or hot-extruded (excl. containing indentations, ribs, grooves or other deformations produced during the rolling process or twisted after rolling)",Iron & Steel,Column B,(E),0.066000000000000003
72149110,"Bars and rods of iron or non-alloy steel, not further worked than hot-rolled, hot-drawn or hot-extruded, containing by weight < 0,25% of carbon, of rectangular ""other than square"" cross-section (excl. those with indentations, ribs, grooves or other deformations produced during the rolling process, bars and rods twisted after rolling, and free-cutting steel)",Iron & Steel,Column A,,0.037999999999999999
72149110,"Bars and rods of iron or non-alloy steel, not further worked than hot-rolled, hot-drawn or hot-extruded, containing by weight < 0,25% of carbon, of rectangular ""other than square"" cross-section (excl. those with indentations, ribs, grooves or other deformations produced during the rolling process, bars and rods twisted after rolling, and free-cutting steel)",Iron & Steel,Column B,(C),1.3640000000000001
72149110,"Bars and rods of iron or non-alloy steel, not further worked than hot-rolled, hot-drawn or hot-extruded, containing by weight < 0,25% of carbon, of rectangular ""other than square"" cross-section (excl. those with indentations, ribs, grooves or other deformations produced during the rolling process, bars and rods twisted after rolling, and free-cutting steel)",Iron & Steel,Column B,(D),0.47499999999999998
72149110,"Bars and rods of iron or non-alloy steel, not further worked than hot-rolled, hot-drawn or hot-extruded, containing by weight < 0,25% of carbon, of rectangular ""other than square"" cross-section (excl. those with indentations, ribs, grooves or other deformations produced during the rolling process, bars and rods twisted after rolling, and free-cutting steel)",Iron & Steel,Column B,(E),0.066000000000000003
72149190,"Other bars and rods of iron or non-alloy steel, only hot-rolled, only hot-drawn or only hot-extruded, containing by weight >= 0,25% of carbon, of rectangular ""other than square"" cross-section (excl. those with indentations, ribs, grooves or other deformations produced during the rolling process, bars and rods twisted after rolling, and free-cutting steel)",Iron & Steel,Column A,,0.037999999999999999
72149190,"Other bars and rods of iron or non-alloy steel, only hot-rolled, only hot-drawn or only hot-extruded, containing by weight >= 0,25% of carbon, of rectangular ""other than square"" cross-section (excl. those with indentations, ribs, grooves or other deformations produced during the rolling process, bars and rods twisted after rolling, and free-cutting steel)",Iron & Steel,Column B,(C),1.3640000000000001
72149190,"Other bars and rods of iron or non-alloy steel, only hot-rolled, only hot-drawn or only hot-extruded, containing by weight >= 0,25% of carbon, of rectangular ""other than square"" cross-section (excl. those with indentations, ribs, grooves or other deformations produced during the rolling process, bars and rods twisted after rolling, and free-cutting steel)",Iron & Steel,Column B,(D),0.47499999999999998
72149190,"Other bars and rods of iron or non-alloy steel, only hot-rolled, only hot-drawn or only hot-extruded, containing by weight >= 0,25% of carbon, of rectangular ""other than square"" cross-section (excl. those with indentations, ribs, grooves or other deformations produced during the rolling process, bars and rods twisted after rolling, and free-cutting steel)",Iron & Steel,Column B,(E),0.066000000000000003
72149910,"Bars and rods of the type used for concrete reinforcement, smooth, of iron or non-alloy steel, only hot-rolled, only hot-drawn or only hot-extruded, containing < 0,25% of carbon, of square cross-section or of a cross-section other than rectangular",Iron & Steel,Column A,,0.037999999999999999
72149910,"Bars and rods of the type used for concrete reinforcement, smooth, of iron or non-alloy steel, only hot-rolled, only hot-drawn or only hot-extruded, containing < 0,25% of carbon, of square cross-section or of a cross-section other than rectangular",Iron & Steel,Column B,(C),1.3640000000000001
72149910,"Bars and rods of the type used for concrete reinforcement, smooth, of iron or non-alloy steel, only hot-rolled, only hot-drawn or only hot-extruded, containing < 0,25% of carbon, of square cross-section or of a cross-section other than rectangular",Iron & Steel,Column B,(D),0.47499999999999998
72149910,"Bars and rods of the type used for concrete reinforcement, smooth, of iron or non-alloy steel, only hot-rolled, only hot-drawn or only hot-extruded, containing < 0,25% of carbon, of square cross-section or of a cross-section other than rectangular",Iron & Steel,Column B,(E),0.066000000000000003
72149931,"Bars and rods of iron or non-alloy steel, only hot-rolled, hot-drawn or hot-extruded, containing < 0,25% of carbon, of circular cross-section, of a maximum diameter of >= 80 mm (other than of free-cutting steel, smooth bars and rods, for reinfoced concrete, or bars and rods containing indentations, ribs, grooves or other deformations produced during the rolling process, or wound after rolling)",Iron & Steel,Column A,,0.037999999999999999
72149931,"Bars and rods of iron or non-alloy steel, only hot-rolled, hot-drawn or hot-extruded, containing < 0,25% of carbon, of circular cross-section, of a maximum diameter of >= 80 mm (other than of free-cutting steel, smooth bars and rods, for reinfoced concrete, or bars and rods containing indentations, ribs, grooves or other deformations produced during the rolling process, or wound after rolling)",Iron & Steel,Column B,(C),1.3640000000000001
72149931,"Bars and rods of iron or non-alloy steel, only hot-rolled, hot-drawn or hot-extruded, containing < 0,25% of carbon, of circular cross-section, of a maximum diameter of >= 80 mm (other than of free-cutting steel, smooth bars and rods, for reinfoced concrete, or bars and rods containing indentations, ribs, grooves or other deformations produced during the rolling process, or wound after rolling)",Iron & Steel,Column B,(D),0.47499999999999998
72149931,"Bars and rods of iron or non-alloy steel, only hot-rolled, hot-drawn or hot-extruded, containing < 0,25% of carbon, of circular cross-section, of a maximum diameter of >= 80 mm (other than of free-cutting steel, smooth bars and rods, for reinfoced concrete, or bars and rods containing indentations, ribs, grooves or other deformations produced during the rolling process, or wound after rolling)",Iron & Steel,Column B,(E),0.066000000000000003
72149939,"Bars and rods of iron or non-alloy steel, only hot-rolled, hot-drawn or hot-extruded, containing < 0,25% of carbon, of circular cross-section of a maximum diameter of < 80 mm (other than of free-cutting steel, smooth bars and rods, for reinforced concrete, or bars and rods containing indentations, ribs, grooves or other deformations produced during the rolling process, or wound after rolling)",Iron & Steel,Column A,,0.037999999999999999
72149939,"Bars and rods of iron or non-alloy steel, only hot-rolled, hot-drawn or hot-extruded, containing < 0,25% of carbon, of circular cross-section of a maximum diameter of < 80 mm (other than of free-cutting steel, smooth bars and rods, for reinforced concrete, or bars and rods containing indentations, ribs, grooves or other deformations produced during the rolling process, or wound after rolling)",Iron & Steel,Column B,(C),1.3640000000000001
72149939,"Bars and rods of iron or non-alloy steel, only hot-rolled, hot-drawn or hot-extruded, containing < 0,25% of carbon, of circular cross-section of a maximum diameter of < 80 mm (other than of free-cutting steel, smooth bars and rods, for reinforced concrete, or bars and rods containing indentations, ribs, grooves or other deformations produced during the rolling process, or wound after rolling)",Iron & Steel,Column B,(D),0.47499999999999998
72149939,"Bars and rods of iron or non-alloy steel, only hot-rolled, hot-drawn or hot-extruded, containing < 0,25% of carbon, of circular cross-section of a maximum diameter of < 80 mm (other than of free-cutting steel, smooth bars and rods, for reinforced concrete, or bars and rods containing indentations, ribs, grooves or other deformations produced during the rolling process, or wound after rolling)",Iron & Steel,Column B,(E),0.066000000000000003
72149950,"Bars and rods of iron or non-alloy steel, only hot-rolled, hot-drawn or hot-extruded, containing by weight < 0,25% of carbon, of square cross-section or of a cross-section other than square or circular (other than of free-cutting steel, smooth bars and rods, for reinforced concrete, or bars and rods containing indentations, ribs, grooves or other deformations produced during the rolling process, or wound after rolling)",Iron & Steel,Column A,,0.037999999999999999
72149950,"Bars and rods of iron or non-alloy steel, only hot-rolled, hot-drawn or hot-extruded, containing by weight < 0,25% of carbon, of square cross-section or of a cross-section other than square or circular (other than of free-cutting steel, smooth bars and rods, for reinforced concrete, or bars and rods containing indentations, ribs, grooves or other deformations produced during the rolling process, or wound after rolling)",Iron & Steel,Column B,(C),1.3640000000000001
72149950,"Bars and rods of iron or non-alloy steel, only hot-rolled, hot-drawn or hot-extruded, containing by weight < 0,25% of carbon, of square cross-section or of a cross-section other than square or circular (other than of free-cutting steel, smooth bars and rods, for reinforced concrete, or bars and rods containing indentations, ribs, grooves or other deformations produced during the rolling process, or wound after rolling)",Iron & Steel,Column B,(D),0.47499999999999998
72149950,"Bars and rods of iron or non-alloy steel, only hot-rolled, hot-drawn or hot-extruded, containing by weight < 0,25% of carbon, of square cross-section or of a cross-section other than square or circular (other than of free-cutting steel, smooth bars and rods, for reinforced concrete, or bars and rods containing indentations, ribs, grooves or other deformations produced during the rolling process, or wound after rolling)",Iron & Steel,Column B,(E),0.066000000000000003
72149971,"Bars and rods of iron or non-alloy steel, only hot-rolled, only hot-drawn or only hot-extruded, containing by weight >= 0,25% carbon, of circular cross-section measuring >= 80 mm in diameter (excl. bars and rods with indentations, ribs, grooves or other deformations produced during the rolling process, twisted after rolling, and of free-cutting steel)",Iron & Steel,Column A,,0.037999999999999999
72149971,"Bars and rods of iron or non-alloy steel, only hot-rolled, only hot-drawn or only hot-extruded, containing by weight >= 0,25% carbon, of circular cross-section measuring >= 80 mm in diameter (excl. bars and rods with indentations, ribs, grooves or other deformations produced during the rolling process, twisted after rolling, and of free-cutting steel)",Iron & Steel,Column B,(C),1.3640000000000001
72149971,"Bars and rods of iron or non-alloy steel, only hot-rolled, only hot-drawn or only hot-extruded, containing by weight >= 0,25% carbon, of circular cross-section measuring >= 80 mm in diameter (excl. bars and rods with indentations, ribs, grooves or other deformations produced during the rolling process, twisted after rolling, and of free-cutting steel)",Iron & Steel,Column B,(D),0.47499999999999998
72149971,"Bars and rods of iron or non-alloy steel, only hot-rolled, only hot-drawn or only hot-extruded, containing by weight >= 0,25% carbon, of circular cross-section measuring >= 80 mm in diameter (excl. bars and rods with indentations, ribs, grooves or other deformations produced during the rolling process, twisted after rolling, and of free-cutting steel)",Iron & Steel,Column B,(E),0.066000000000000003
72149979,"Bars and rods of iron or non-alloy steel, only hot-rolled, only hot-drawn or only hot-extruded, containing by weight >= 0,25% carbon, of circular cross-section measuring < 80 mm in diameter (excl. bars and rods with indentations, ribs, grooves or other deformations produced during the rolling process, twisted after rolling, and of free-cutting steel)",Iron & Steel,Column A,,0.037999999999999999
72149979,"Bars and rods of iron or non-alloy steel, only hot-rolled, only hot-drawn or only hot-extruded, containing by weight >= 0,25% carbon, of circular cross-section measuring < 80 mm in diameter (excl. bars and rods with indentations, ribs, grooves or other deformations produced during the rolling process, twisted after rolling, and of free-cutting steel)",Iron & Steel,Column B,(C),1.3640000000000001
72149979,"Bars and rods of iron or non-alloy steel, only hot-rolled, only hot-drawn or only hot-extruded, containing by weight >= 0,25% carbon, of circular cross-section measuring < 80 mm in diameter (excl. bars and rods with indentations, ribs, grooves or other deformations produced during the rolling process, twisted after rolling, and of free-cutting steel)",Iron & Steel,Column B,(D),0.47499999999999998
72149979,"Bars and rods of iron or non-alloy steel, only hot-rolled, only hot-drawn or only hot-extruded, containing by weight >= 0,25% carbon, of circular cross-section measuring < 80 mm in diameter (excl. bars and rods with indentations, ribs, grooves or other deformations produced during the rolling process, twisted after rolling, and of free-cutting steel)",Iron & Steel,Column B,(E),0.066000000000000003
72149995,"Bars and rods of iron or non-alloy steel, only hot-rolled, only hot-drawn or only hot-extruded, containing by weight >= 0,25% carbon, of square or of other than rectangular or circular cross-section (excl. indentations, ribs, grooves or other deformations produced during the rolling process, twisted fter rolling, and of free-cutting steel)",Iron & Steel,Column A,,0.037999999999999999
72149995,"Bars and rods of iron or non-alloy steel, only hot-rolled, only hot-drawn or only hot-extruded, containing by weight >= 0,25% carbon, of square or of other than rectangular or circular cross-section (excl. indentations, ribs, grooves or other deformations produced during the rolling process, twisted fter rolling, and of free-cutting steel)",Iron & Steel,Column B,(C),1.3640000000000001
72149995,"Bars and rods of iron or non-alloy steel, only hot-rolled, only hot-drawn or only hot-extruded, containing by weight >= 0,25% carbon, of square or of other than rectangular or circular cross-section (excl. indentations, ribs, grooves or other deformations produced during the rolling process, twisted fter rolling, and of free-cutting steel)",Iron & Steel,Column B,(D),0.47499999999999998
72149995,"Bars and rods of iron or non-alloy steel, only hot-rolled, only hot-drawn or only hot-extruded, containing by weight >= 0,25% carbon, of square or of other than rectangular or circular cross-section (excl. indentations, ribs, grooves or other deformations produced during the rolling process, twisted fter rolling, and of free-cutting steel)",Iron & Steel,Column B,(E),0.066000000000000003
72151000,"Bars and rods, of non-alloy free-cutting steel, not further worked than cold-formed or cold-finished",Iron & Steel,Column A,,0.037999999999999999
72151000,"Bars and rods, of non-alloy free-cutting steel, not further worked than cold-formed or cold-finished",Iron & Steel,Column B,(C),1.3640000000000001
72151000,"Bars and rods, of non-alloy free-cutting steel, not further worked than cold-formed or cold-finished",Iron & Steel,Column B,(D),0.47499999999999998
72151000,"Bars and rods, of non-alloy free-cutting steel, not further worked than cold-formed or cold-finished",Iron & Steel,Column B,(E),0.066000000000000003
72155011,"Other bars and rods of iron or non-alloy steel, not further worked than cold-formed or cold-finished, containing by weight < 0,25% of carbon of rectangular ""other than square"" cross-section (excl. those of free-cutting steel)",Iron & Steel,Column A,,0.037999999999999999
72155011,"Other bars and rods of iron or non-alloy steel, not further worked than cold-formed or cold-finished, containing by weight < 0,25% of carbon of rectangular ""other than square"" cross-section (excl. those of free-cutting steel)",Iron & Steel,Column B,(C),1.3640000000000001
72155011,"Other bars and rods of iron or non-alloy steel, not further worked than cold-formed or cold-finished, containing by weight < 0,25% of carbon of rectangular ""other than square"" cross-section (excl. those of free-cutting steel)",Iron & Steel,Column B,(D),0.47499999999999998
72155011,"Other bars and rods of iron or non-alloy steel, not further worked than cold-formed or cold-finished, containing by weight < 0,25% of carbon of rectangular ""other than square"" cross-section (excl. those of free-cutting steel)",Iron & Steel,Column B,(E),0.066000000000000003
72155019,"Other bars and rods of iron or non-alloy steel, not further worked than cold-formed or cold-finished, containing by weight < 0,25% of carbon, of square or other than rectangular cross-section (excl. those of free-cutting steel)",Iron & Steel,Column A,,0.037999999999999999
72155019,"Other bars and rods of iron or non-alloy steel, not further worked than cold-formed or cold-finished, containing by weight < 0,25% of carbon, of square or other than rectangular cross-section (excl. those of free-cutting steel)",Iron & Steel,Column B,(C),1.3640000000000001
72155019,"Other bars and rods of iron or non-alloy steel, not further worked than cold-formed or cold-finished, containing by weight < 0,25% of carbon, of square or other than rectangular cross-section (excl. those of free-cutting steel)",Iron & Steel,Column B,(D),0.47499999999999998
72155019,"Other bars and rods of iron or non-alloy steel, not further worked than cold-formed or cold-finished, containing by weight < 0,25% of carbon, of square or other than rectangular cross-section (excl. those of free-cutting steel)",Iron & Steel,Column B,(E),0.066000000000000003
72155080,"Other bars and rods of iron or non-alloy steel, not further worked than cold-formed or cold-finished, containing by weight >= 0,25% of carbon (excl. those of free-cutting steel)",Iron & Steel,Column A,,0.037999999999999999
72155080,"Other bars and rods of iron or non-alloy steel, not further worked than cold-formed or cold-finished, containing by weight >= 0,25% of carbon (excl. those of free-cutting steel)",Iron & Steel,Column B,(C),1.3640000000000001
72155080,"Other bars and rods of iron or non-alloy steel, not further worked than cold-formed or cold-finished, containing by weight >= 0,25% of carbon (excl. those of free-cutting steel)",Iron & Steel,Column B,(D),0.47499999999999998
72155080,"Other bars and rods of iron or non-alloy steel, not further worked than cold-formed or cold-finished, containing by weight >= 0,25% of carbon (excl. those of free-cutting steel)",Iron & Steel,Column B,(E),0.066000000000000003
72159000,"Bars or rods, of iron or non-alloy steel, cold-formed or cold-finished and further worked or hot-formed and further worked, n.e.s.",Iron & Steel,Column A,,0.037999999999999999
72159000,"Bars or rods, of iron or non-alloy steel, cold-formed or cold-finished and further worked or hot-formed and further worked, n.e.s.",Iron & Steel,Column B,(C),1.3640000000000001
72159000,"Bars or rods, of iron or non-alloy steel, cold-formed or cold-finished and further worked or hot-formed and further worked, n.e.s.",Iron & Steel,Column B,(D),0.47499999999999998
72159000,"Bars or rods, of iron or non-alloy steel, cold-formed or cold-finished and further worked or hot-formed and further worked, n.e.s.",Iron & Steel,Column B,(E),0.066000000000000003
72161000,"U, I or H sections of iron or non-alloy steel, not further worked than hot-rolled, hot-drawn or extruded, of a height of < 80 mm",Iron & Steel,Column A,,0.037999999999999999
72161000,"U, I or H sections of iron or non-alloy steel, not further worked than hot-rolled, hot-drawn or extruded, of a height of < 80 mm",Iron & Steel,Column B,(C),1.3640000000000001
72161000,"U, I or H sections of iron or non-alloy steel, not further worked than hot-rolled, hot-drawn or extruded, of a height of < 80 mm",Iron & Steel,Column B,(D),0.47499999999999998
72161000,"U, I or H sections of iron or non-alloy steel, not further worked than hot-rolled, hot-drawn or extruded, of a height of < 80 mm",Iron & Steel,Column B,(E),0.066000000000000003
72162100,"L sections of iron or non-alloy steel, not further worked than hot-rolled, hot-drawn or extruded, of a height of < 80 mm",Iron & Steel,Column A,,0.037999999999999999
72162100,"L sections of iron or non-alloy steel, not further worked than hot-rolled, hot-drawn or extruded, of a height of < 80 mm",Iron & Steel,Column B,(C),1.3640000000000001
72162100,"L sections of iron or non-alloy steel, not further worked than hot-rolled, hot-drawn or extruded, of a height of < 80 mm",Iron & Steel,Column B,(D),0.47499999999999998
72162100,"L sections of iron or non-alloy steel, not further worked than hot-rolled, hot-drawn or extruded, of a height of < 80 mm",Iron & Steel,Column B,(E),0.066000000000000003
72162200,"T sections of iron or non-alloy steel, not further worked than hot-rolled, hot-drawn or extruded, of a height of < 80 mm",Iron & Steel,Column A,,0.037999999999999999
72162200,"T sections of iron or non-alloy steel, not further worked than hot-rolled, hot-drawn or extruded, of a height of < 80 mm",Iron & Steel,Column B,(C),1.3640000000000001
72162200,"T sections of iron or non-alloy steel, not further worked than hot-rolled, hot-drawn or extruded, of a height of < 80 mm",Iron & Steel,Column B,(D),0.47499999999999998
72162200,"T sections of iron or non-alloy steel, not further worked than hot-rolled, hot-drawn or extruded, of a height of < 80 mm",Iron & Steel,Column B,(E),0.066000000000000003
72163110,"U sections of iron or non-alloy steel, simply hot-rolled, hot-drawn or extruded, of a height >= 80 mm but <= 220 mm",Iron & Steel,Column A,,0.037999999999999999
72163110,"U sections of iron or non-alloy steel, simply hot-rolled, hot-drawn or extruded, of a height >= 80 mm but <= 220 mm",Iron & Steel,Column B,(C),1.3640000000000001
72163110,"U sections of iron or non-alloy steel, simply hot-rolled, hot-drawn or extruded, of a height >= 80 mm but <= 220 mm",Iron & Steel,Column B,(D),0.47499999999999998
72163110,"U sections of iron or non-alloy steel, simply hot-rolled, hot-drawn or extruded, of a height >= 80 mm but <= 220 mm",Iron & Steel,Column B,(E),0.066000000000000003
72163190,"U sections of iron or non-alloy steel, simply hot-rolled, hot-drawn or extruded, of a height > 220 mm",Iron & Steel,Column A,,0.037999999999999999
72163190,"U sections of iron or non-alloy steel, simply hot-rolled, hot-drawn or extruded, of a height > 220 mm",Iron & Steel,Column B,(C),1.3640000000000001
72163190,"U sections of iron or non-alloy steel, simply hot-rolled, hot-drawn or extruded, of a height > 220 mm",Iron & Steel,Column B,(D),0.47499999999999998
72163190,"U sections of iron or non-alloy steel, simply hot-rolled, hot-drawn or extruded, of a height > 220 mm",Iron & Steel,Column B,(E),0.066000000000000003
72163211,"I sections with parallel flange faces, of iron or non-alloy steel, simply hot-rolled, hot-drawn or extruded, of a height >= 80 mm but <= 220 mm",Iron & Steel,Column A,,0.037999999999999999
72163211,"I sections with parallel flange faces, of iron or non-alloy steel, simply hot-rolled, hot-drawn or extruded, of a height >= 80 mm but <= 220 mm",Iron & Steel,Column B,(C),1.3640000000000001
72163211,"I sections with parallel flange faces, of iron or non-alloy steel, simply hot-rolled, hot-drawn or extruded, of a height >= 80 mm but <= 220 mm",Iron & Steel,Column B,(D),0.47499999999999998
72163211,"I sections with parallel flange faces, of iron or non-alloy steel, simply hot-rolled, hot-drawn or extruded, of a height >= 80 mm but <= 220 mm",Iron & Steel,Column B,(E),0.066000000000000003
72163219,"I sections of iron or non-alloy steel, simply hot-rolled, hot-drawn or extruded, of a height >= 80 mm but <= 220 mm (excl. 7216.32.11)",Iron & Steel,Column A,,0.037999999999999999
72163219,"I sections of iron or non-alloy steel, simply hot-rolled, hot-drawn or extruded, of a height >= 80 mm but <= 220 mm (excl. 7216.32.11)",Iron & Steel,Column B,(C),1.3640000000000001
72163219,"I sections of iron or non-alloy steel, simply hot-rolled, hot-drawn or extruded, of a height >= 80 mm but <= 220 mm (excl. 7216.32.11)",Iron & Steel,Column B,(D),0.47499999999999998
72163219,"I sections of iron or non-alloy steel, simply hot-rolled, hot-drawn or extruded, of a height >= 80 mm but <= 220 mm (excl. 7216.32.11)",Iron & Steel,Column B,(E),0.066000000000000003
72163291,"I sections with parallel flange faces, of iron or non-alloy steel, simply hot-rolled, hot-drawn or extruded, of a height > 220 mm",Iron & Steel,Column A,,0.037999999999999999
72163291,"I sections with parallel flange faces, of iron or non-alloy steel, simply hot-rolled, hot-drawn or extruded, of a height > 220 mm",Iron & Steel,Column B,(C),1.3640000000000001
72163291,"I sections with parallel flange faces, of iron or non-alloy steel, simply hot-rolled, hot-drawn or extruded, of a height > 220 mm",Iron & Steel,Column B,(D),0.47499999999999998
72163291,"I sections with parallel flange faces, of iron or non-alloy steel, simply hot-rolled, hot-drawn or extruded, of a height > 220 mm",Iron & Steel,Column B,(E),0.066000000000000003
72163299,"I sections of iron or non-alloy steel, simply hot-rolled, hot-drawn or extruded, of a height > 220 mm (excl. 7216.32.91)",Iron & Steel,Column A,,0.037999999999999999
72163299,"I sections of iron or non-alloy steel, simply hot-rolled, hot-drawn or extruded, of a height > 220 mm (excl. 7216.32.91)",Iron & Steel,Column B,(C),1.3640000000000001
72163299,"I sections of iron or non-alloy steel, simply hot-rolled, hot-drawn or extruded, of a height > 220 mm (excl. 7216.32.91)",Iron & Steel,Column B,(D),0.47499999999999998
72163299,"I sections of iron or non-alloy steel, simply hot-rolled, hot-drawn or extruded, of a height > 220 mm (excl. 7216.32.91)",Iron & Steel,Column B,(E),0.066000000000000003
72163310,"H sections of iron or non-alloy steel, simply hot-rolled, hot-drawn or extruded, of a height >= 80 mm but <= 180 mm",Iron & Steel,Column A,,0.037999999999999999
72163310,"H sections of iron or non-alloy steel, simply hot-rolled, hot-drawn or extruded, of a height >= 80 mm but <= 180 mm",Iron & Steel,Column B,(C),1.3640000000000001
72163310,"H sections of iron or non-alloy steel, simply hot-rolled, hot-drawn or extruded, of a height >= 80 mm but <= 180 mm",Iron & Steel,Column B,(D),0.47499999999999998
72163310,"H sections of iron or non-alloy steel, simply hot-rolled, hot-drawn or extruded, of a height >= 80 mm but <= 180 mm",Iron & Steel,Column B,(E),0.066000000000000003
72163390,"H sections of iron or non-alloy steel, simply hot-rolled, hot-drawn or extruded, of a height > 180 mm",Iron & Steel,Column A,,0.037999999999999999
72163390,"H sections of iron or non-alloy steel, simply hot-rolled, hot-drawn or extruded, of a height > 180 mm",Iron & Steel,Column B,(C),1.3640000000000001
72163390,"H sections of iron or non-alloy steel, simply hot-rolled, hot-drawn or extruded, of a height > 180 mm",Iron & Steel,Column B,(D),0.47499999999999998
72163390,"H sections of iron or non-alloy steel, simply hot-rolled, hot-drawn or extruded, of a height > 180 mm",Iron & Steel,Column B,(E),0.066000000000000003
72164010,"L sections of iron or non-alloy steel, not further worked than hot-rolled, hot-drawn or extruded, of a height of >= 80 mm",Iron & Steel,Column A,,0.037999999999999999
72164010,"L sections of iron or non-alloy steel, not further worked than hot-rolled, hot-drawn or extruded, of a height of >= 80 mm",Iron & Steel,Column B,(C),1.3640000000000001
72164010,"L sections of iron or non-alloy steel, not further worked than hot-rolled, hot-drawn or extruded, of a height of >= 80 mm",Iron & Steel,Column B,(D),0.47499999999999998
72164010,"L sections of iron or non-alloy steel, not further worked than hot-rolled, hot-drawn or extruded, of a height of >= 80 mm",Iron & Steel,Column B,(E),0.066000000000000003
72164090,"T sections of iron or non-alloy steel, not further worked than hot-rolled, hot-drawn or extruded, of a height of >= 80 mm",Iron & Steel,Column A,,0.037999999999999999
72164090,"T sections of iron or non-alloy steel, not further worked than hot-rolled, hot-drawn or extruded, of a height of >= 80 mm",Iron & Steel,Column B,(C),1.3640000000000001
72164090,"T sections of iron or non-alloy steel, not further worked than hot-rolled, hot-drawn or extruded, of a height of >= 80 mm",Iron & Steel,Column B,(D),0.47499999999999998
72164090,"T sections of iron or non-alloy steel, not further worked than hot-rolled, hot-drawn or extruded, of a height of >= 80 mm",Iron & Steel,Column B,(E),0.066000000000000003
72165010,"Sections of iron or non-alloy steel, not further worked than hot-rolled, hot-drawn or hot-extruded, with a cross-section which is capable of being enclosed in a square the side of which is <= 80 mm (excl. U, I, H, L or T sections)",Iron & Steel,Column A,,0.037999999999999999
72165010,"Sections of iron or non-alloy steel, not further worked than hot-rolled, hot-drawn or hot-extruded, with a cross-section which is capable of being enclosed in a square the side of which is <= 80 mm (excl. U, I, H, L or T sections)",Iron & Steel,Column B,(C),1.3640000000000001
72165010,"Sections of iron or non-alloy steel, not further worked than hot-rolled, hot-drawn or hot-extruded, with a cross-section which is capable of being enclosed in a square the side of which is <= 80 mm (excl. U, I, H, L or T sections)",Iron & Steel,Column B,(D),0.47499999999999998
72165010,"Sections of iron or non-alloy steel, not further worked than hot-rolled, hot-drawn or hot-extruded, with a cross-section which is capable of being enclosed in a square the side of which is <= 80 mm (excl. U, I, H, L or T sections)",Iron & Steel,Column B,(E),0.066000000000000003
72165091,"Bulb sections ""bulb flat"", only hot-rolled, hot-drawn or hot-extruded",Iron & Steel,Column A,,0.037999999999999999
72165091,"Bulb sections ""bulb flat"", only hot-rolled, hot-drawn or hot-extruded",Iron & Steel,Column B,(C),1.3640000000000001
72165091,"Bulb sections ""bulb flat"", only hot-rolled, hot-drawn or hot-extruded",Iron & Steel,Column B,(D),0.47499999999999998
72165091,"Bulb sections ""bulb flat"", only hot-rolled, hot-drawn or hot-extruded",Iron & Steel,Column B,(E),0.066000000000000003
72165099,"Profile of iron or non-alloy steel, only hot-rolled, hot-drawn or hot-extruded (other than with a cross-section which is capable of being enclosed in a square the side of which is <= 80 mm, and U-, I-, H-, L- or T-sections and ribbed sections [ribbed steel])",Iron & Steel,Column A,,0.037999999999999999
72165099,"Profile of iron or non-alloy steel, only hot-rolled, hot-drawn or hot-extruded (other than with a cross-section which is capable of being enclosed in a square the side of which is <= 80 mm, and U-, I-, H-, L- or T-sections and ribbed sections [ribbed steel])",Iron & Steel,Column B,(C),1.3640000000000001
72165099,"Profile of iron or non-alloy steel, only hot-rolled, hot-drawn or hot-extruded (other than with a cross-section which is capable of being enclosed in a square the side of which is <= 80 mm, and U-, I-, H-, L- or T-sections and ribbed sections [ribbed steel])",Iron & Steel,Column B,(D),0.47499999999999998
72165099,"Profile of iron or non-alloy steel, only hot-rolled, hot-drawn or hot-extruded (other than with a cross-section which is capable of being enclosed in a square the side of which is <= 80 mm, and U-, I-, H-, L- or T-sections and ribbed sections [ribbed steel])",Iron & Steel,Column B,(E),0.066000000000000003
72166110,"c, l, u, z, omega or open-ended sections of iron or non-alloy steel, simply cold-formed or cold-finished, obtained from flat-rolled products",Iron & Steel,Column A,,0.037999999999999999
72166110,"c, l, u, z, omega or open-ended sections of iron or non-alloy steel, simply cold-formed or cold-finished, obtained from flat-rolled products",Iron & Steel,Column B,(C),1.3640000000000001
72166110,"c, l, u, z, omega or open-ended sections of iron or non-alloy steel, simply cold-formed or cold-finished, obtained from flat-rolled products",Iron & Steel,Column B,(D),0.47499999999999998
72166110,"c, l, u, z, omega or open-ended sections of iron or non-alloy steel, simply cold-formed or cold-finished, obtained from flat-rolled products",Iron & Steel,Column B,(E),0.066000000000000003
72166190,"Angles, shapes and sections (other than c, l, u, z, omega or open-ended sections) of iron or non-alloy steel, simply cold-formed or cold-finished, obtained from flat-rolled products",Iron & Steel,Column A,,0.037999999999999999
72166190,"Angles, shapes and sections (other than c, l, u, z, omega or open-ended sections) of iron or non-alloy steel, simply cold-formed or cold-finished, obtained from flat-rolled products",Iron & Steel,Column B,(C),1.3640000000000001
72166190,"Angles, shapes and sections (other than c, l, u, z, omega or open-ended sections) of iron or non-alloy steel, simply cold-formed or cold-finished, obtained from flat-rolled products",Iron & Steel,Column B,(D),0.47499999999999998
72166190,"Angles, shapes and sections (other than c, l, u, z, omega or open-ended sections) of iron or non-alloy steel, simply cold-formed or cold-finished, obtained from flat-rolled products",Iron & Steel,Column B,(E),0.066000000000000003
72166900,"Angles, shapes and sections, of iron or non-alloy steel, not further worked than cold-formed or cold-finished (excl. profiled sheet)",Iron & Steel,Column A,,0.037999999999999999
72166900,"Angles, shapes and sections, of iron or non-alloy steel, not further worked than cold-formed or cold-finished (excl. profiled sheet)",Iron & Steel,Column B,(C),1.3640000000000001
72166900,"Angles, shapes and sections, of iron or non-alloy steel, not further worked than cold-formed or cold-finished (excl. profiled sheet)",Iron & Steel,Column B,(D),0.47499999999999998
72166900,"Angles, shapes and sections, of iron or non-alloy steel, not further worked than cold-formed or cold-finished (excl. profiled sheet)",Iron & Steel,Column B,(E),0.066000000000000003
72169110,"Sheets of iron or non-alloy steel, cold-formed or cold finished, profiled ""ribbed""",Iron & Steel,Column A,,0.037999999999999999
72169110,"Sheets of iron or non-alloy steel, cold-formed or cold finished, profiled ""ribbed""",Iron & Steel,Column B,(C),1.3640000000000001
72169110,"Sheets of iron or non-alloy steel, cold-formed or cold finished, profiled ""ribbed""",Iron & Steel,Column B,(D),0.47499999999999998
72169110,"Sheets of iron or non-alloy steel, cold-formed or cold finished, profiled ""ribbed""",Iron & Steel,Column B,(E),0.066000000000000003
72169180,"Angles, shapes and sections, of iron or non-alloy steel, cold-formed or cold-finished from flat-rolled products and further worked (excl. profiled sheet)",Iron & Steel,Column A,,0.037999999999999999
72169180,"Angles, shapes and sections, of iron or non-alloy steel, cold-formed or cold-finished from flat-rolled products and further worked (excl. profiled sheet)",Iron & Steel,Column B,(C),1.3640000000000001
72169180,"Angles, shapes and sections, of iron or non-alloy steel, cold-formed or cold-finished from flat-rolled products and further worked (excl. profiled sheet)",Iron & Steel,Column B,(D),0.47499999999999998
72169180,"Angles, shapes and sections, of iron or non-alloy steel, cold-formed or cold-finished from flat-rolled products and further worked (excl. profiled sheet)",Iron & Steel,Column B,(E),0.066000000000000003
72169900,"Angles, shapes and sections, of iron or non-alloy steel, cold-formed or cold-finished and further worked, or hot-forged, or hot-formed by other means and further worked, n.e.s. (excl. from flat-rolled products)",Iron & Steel,Column A,,0.037999999999999999
72169900,"Angles, shapes and sections, of iron or non-alloy steel, cold-formed or cold-finished and further worked, or hot-forged, or hot-formed by other means and further worked, n.e.s. (excl. from flat-rolled products)",Iron & Steel,Column B,(C),1.3640000000000001
72169900,"Angles, shapes and sections, of iron or non-alloy steel, cold-formed or cold-finished and further worked, or hot-forged, or hot-formed by other means and further worked, n.e.s. (excl. from flat-rolled products)",Iron & Steel,Column B,(D),0.47499999999999998
72169900,"Angles, shapes and sections, of iron or non-alloy steel, cold-formed or cold-finished and further worked, or hot-forged, or hot-formed by other means and further worked, n.e.s. (excl. from flat-rolled products)",Iron & Steel,Column B,(E),0.066000000000000003
72171010,"Wire of iron or non-alloy steel, in coils, containing by weight < 0,25% carbon, not plated or coated, whether or not polished, with a maximum cross-sectional dimension of < 0,8 mm",Iron & Steel,Column A,,0.037999999999999999
72171010,"Wire of iron or non-alloy steel, in coils, containing by weight < 0,25% carbon, not plated or coated, whether or not polished, with a maximum cross-sectional dimension of < 0,8 mm",Iron & Steel,Column B,(C),1.3640000000000001
72171010,"Wire of iron or non-alloy steel, in coils, containing by weight < 0,25% carbon, not plated or coated, whether or not polished, with a maximum cross-sectional dimension of < 0,8 mm",Iron & Steel,Column B,(D),0.47499999999999998
72171010,"Wire of iron or non-alloy steel, in coils, containing by weight < 0,25% carbon, not plated or coated, whether or not polished, with a maximum cross-sectional dimension of < 0,8 mm",Iron & Steel,Column B,(E),0.066000000000000003
72171031,"Wire of iron or non-alloy steel, in coils, containing by weight < 0,25% carbon, with indentations, ribs, grooves or other deformations produced during the rolling process, not plated or coated, with a maximum cross-sectional dimension of >= 0,8 mm",Iron & Steel,Column A,,0.037999999999999999
72171031,"Wire of iron or non-alloy steel, in coils, containing by weight < 0,25% carbon, with indentations, ribs, grooves or other deformations produced during the rolling process, not plated or coated, with a maximum cross-sectional dimension of >= 0,8 mm",Iron & Steel,Column B,(C),1.3640000000000001
72171031,"Wire of iron or non-alloy steel, in coils, containing by weight < 0,25% carbon, with indentations, ribs, grooves or other deformations produced during the rolling process, not plated or coated, with a maximum cross-sectional dimension of >= 0,8 mm",Iron & Steel,Column B,(D),0.47499999999999998
72171031,"Wire of iron or non-alloy steel, in coils, containing by weight < 0,25% carbon, with indentations, ribs, grooves or other deformations produced during the rolling process, not plated or coated, with a maximum cross-sectional dimension of >= 0,8 mm",Iron & Steel,Column B,(E),0.066000000000000003
72171039,"Wire of iron or non-alloy steel, in coils, containing by weight < 0,25% carbon, not plated or coated, with a maximum cross-sectional dimension of >= 0,8 mm (without indentations, ribs, grooves or other deformations produced during the rolling process)",Iron & Steel,Column A,,0.037999999999999999
72171039,"Wire of iron or non-alloy steel, in coils, containing by weight < 0,25% carbon, not plated or coated, with a maximum cross-sectional dimension of >= 0,8 mm (without indentations, ribs, grooves or other deformations produced during the rolling process)",Iron & Steel,Column B,(C),1.3640000000000001
72171039,"Wire of iron or non-alloy steel, in coils, containing by weight < 0,25% carbon, not plated or coated, with a maximum cross-sectional dimension of >= 0,8 mm (without indentations, ribs, grooves or other deformations produced during the rolling process)",Iron & Steel,Column B,(D),0.47499999999999998
72171039,"Wire of iron or non-alloy steel, in coils, containing by weight < 0,25% carbon, not plated or coated, with a maximum cross-sectional dimension of >= 0,8 mm (without indentations, ribs, grooves or other deformations produced during the rolling process)",Iron & Steel,Column B,(E),0.066000000000000003
72171050,"Wire of iron or non-alloy steel, in coils, containing by weight >= 0,25% but < 0,6% carbon, not plated or coated, whether or not polished (excl. hot-rolled bars and rods)",Iron & Steel,Column A,,0.037999999999999999
72171050,"Wire of iron or non-alloy steel, in coils, containing by weight >= 0,25% but < 0,6% carbon, not plated or coated, whether or not polished (excl. hot-rolled bars and rods)",Iron & Steel,Column B,(C),1.3640000000000001
72171050,"Wire of iron or non-alloy steel, in coils, containing by weight >= 0,25% but < 0,6% carbon, not plated or coated, whether or not polished (excl. hot-rolled bars and rods)",Iron & Steel,Column B,(D),0.47499999999999998
72171050,"Wire of iron or non-alloy steel, in coils, containing by weight >= 0,25% but < 0,6% carbon, not plated or coated, whether or not polished (excl. hot-rolled bars and rods)",Iron & Steel,Column B,(E),0.066000000000000003
72171090,"Wire of iron or non-alloy steel, in coils, containing by weight >= 0,6% carbon, not plated or coated, whether or not polished (excl. hot-rolled bars and rods)",Iron & Steel,Column A,,0.037999999999999999
72171090,"Wire of iron or non-alloy steel, in coils, containing by weight >= 0,6% carbon, not plated or coated, whether or not polished (excl. hot-rolled bars and rods)",Iron & Steel,Column B,(C),1.3640000000000001
72171090,"Wire of iron or non-alloy steel, in coils, containing by weight >= 0,6% carbon, not plated or coated, whether or not polished (excl. hot-rolled bars and rods)",Iron & Steel,Column B,(D),0.47499999999999998
72171090,"Wire of iron or non-alloy steel, in coils, containing by weight >= 0,6% carbon, not plated or coated, whether or not polished (excl. hot-rolled bars and rods)",Iron & Steel,Column B,(E),0.066000000000000003
72172010,"Wire of iron or non-alloy steel, in coils, containing by weight < 0,25% carbon, plated or coated with zinc, with a maximum cross-sectional dimension of < 0,8 mm",Iron & Steel,Column A,,0.070999999999999994
72172010,"Wire of iron or non-alloy steel, in coils, containing by weight < 0,25% carbon, plated or coated with zinc, with a maximum cross-sectional dimension of < 0,8 mm",Iron & Steel,Column B,(C),1.397
72172010,"Wire of iron or non-alloy steel, in coils, containing by weight < 0,25% carbon, plated or coated with zinc, with a maximum cross-sectional dimension of < 0,8 mm",Iron & Steel,Column B,(D),0.50800000000000001
72172010,"Wire of iron or non-alloy steel, in coils, containing by weight < 0,25% carbon, plated or coated with zinc, with a maximum cross-sectional dimension of < 0,8 mm",Iron & Steel,Column B,(E),0.099000000000000005
72172030,"Wire of iron or non-alloy steel, in coils, containing by weight < 0,25% carbon, plated or coated with zinc, with a maximum cross-sectional dimension of < 0,8 mm (excl. bars and rods)",Iron & Steel,Column A,,0.070999999999999994
72172030,"Wire of iron or non-alloy steel, in coils, containing by weight < 0,25% carbon, plated or coated with zinc, with a maximum cross-sectional dimension of < 0,8 mm (excl. bars and rods)",Iron & Steel,Column B,(C),1.397
72172030,"Wire of iron or non-alloy steel, in coils, containing by weight < 0,25% carbon, plated or coated with zinc, with a maximum cross-sectional dimension of < 0,8 mm (excl. bars and rods)",Iron & Steel,Column B,(D),0.50800000000000001
72172030,"Wire of iron or non-alloy steel, in coils, containing by weight < 0,25% carbon, plated or coated with zinc, with a maximum cross-sectional dimension of < 0,8 mm (excl. bars and rods)",Iron & Steel,Column B,(E),0.099000000000000005
72172050,"Wire of iron or non-alloy steel, in coils, containing by weight >= 0,25% but < 0,6% carbon, plated or coated with zinc (excl. bars and rods)",Iron & Steel,Column A,,0.070999999999999994
72172050,"Wire of iron or non-alloy steel, in coils, containing by weight >= 0,25% but < 0,6% carbon, plated or coated with zinc (excl. bars and rods)",Iron & Steel,Column B,(C),1.397
72172050,"Wire of iron or non-alloy steel, in coils, containing by weight >= 0,25% but < 0,6% carbon, plated or coated with zinc (excl. bars and rods)",Iron & Steel,Column B,(D),0.50800000000000001
72172050,"Wire of iron or non-alloy steel, in coils, containing by weight >= 0,25% but < 0,6% carbon, plated or coated with zinc (excl. bars and rods)",Iron & Steel,Column B,(E),0.099000000000000005
72172090,"Wire of iron or non-alloy steel, in coils, containing by weight >= 0,6% carbon, plated or coated with zinc (excl. bars and rods)",Iron & Steel,Column A,,0.070999999999999994
72172090,"Wire of iron or non-alloy steel, in coils, containing by weight >= 0,6% carbon, plated or coated with zinc (excl. bars and rods)",Iron & Steel,Column B,(C),1.397
72172090,"Wire of iron or non-alloy steel, in coils, containing by weight >= 0,6% carbon, plated or coated with zinc (excl. bars and rods)",Iron & Steel,Column B,(D),0.50800000000000001
72172090,"Wire of iron or non-alloy steel, in coils, containing by weight >= 0,6% carbon, plated or coated with zinc (excl. bars and rods)",Iron & Steel,Column B,(E),0.099000000000000005
72173041,"Wire of iron or non-alloy steel, in coils, containing by weight < 0,25% carbon, copper-coated (excl. bars and rods)",Iron & Steel,Column A,,0.070999999999999994
72173041,"Wire of iron or non-alloy steel, in coils, containing by weight < 0,25% carbon, copper-coated (excl. bars and rods)",Iron & Steel,Column B,(C),1.397
72173041,"Wire of iron or non-alloy steel, in coils, containing by weight < 0,25% carbon, copper-coated (excl. bars and rods)",Iron & Steel,Column B,(D),0.50800000000000001
72173041,"Wire of iron or non-alloy steel, in coils, containing by weight < 0,25% carbon, copper-coated (excl. bars and rods)",Iron & Steel,Column B,(E),0.099000000000000005
72173049,"Wire of iron or non-alloy steel, in coils, containing by weight < 0,25% carbon, plated or coated with base metals (excl. products plated or coated with zinc or copper and bars and rods)",Iron & Steel,Column A,,0.070999999999999994
72173049,"Wire of iron or non-alloy steel, in coils, containing by weight < 0,25% carbon, plated or coated with base metals (excl. products plated or coated with zinc or copper and bars and rods)",Iron & Steel,Column B,(C),1.397
72173049,"Wire of iron or non-alloy steel, in coils, containing by weight < 0,25% carbon, plated or coated with base metals (excl. products plated or coated with zinc or copper and bars and rods)",Iron & Steel,Column B,(D),0.50800000000000001
72173049,"Wire of iron or non-alloy steel, in coils, containing by weight < 0,25% carbon, plated or coated with base metals (excl. products plated or coated with zinc or copper and bars and rods)",Iron & Steel,Column B,(E),0.099000000000000005
72173050,"Wire of iron or non-alloy steel, in coils, containing by weight >= 0,25% but < 0,6% carbon, plated or coated with base metals (excl. products plated or coated with zinc, and bars and rods)",Iron & Steel,Column A,,0.070999999999999994
72173050,"Wire of iron or non-alloy steel, in coils, containing by weight >= 0,25% but < 0,6% carbon, plated or coated with base metals (excl. products plated or coated with zinc, and bars and rods)",Iron & Steel,Column B,(C),1.397
72173050,"Wire of iron or non-alloy steel, in coils, containing by weight >= 0,25% but < 0,6% carbon, plated or coated with base metals (excl. products plated or coated with zinc, and bars and rods)",Iron & Steel,Column B,(D),0.50800000000000001
72173050,"Wire of iron or non-alloy steel, in coils, containing by weight >= 0,25% but < 0,6% carbon, plated or coated with base metals (excl. products plated or coated with zinc, and bars and rods)",Iron & Steel,Column B,(E),0.099000000000000005
72173090,"Wire of iron or non-alloy steel, in coils, containing by weight >= 0,6% carbon, plated or coated with base metals (excl. products plated or coated with zinc, and bars and rods)",Iron & Steel,Column A,,0.070999999999999994
72173090,"Wire of iron or non-alloy steel, in coils, containing by weight >= 0,6% carbon, plated or coated with base metals (excl. products plated or coated with zinc, and bars and rods)",Iron & Steel,Column B,(C),1.397
72173090,"Wire of iron or non-alloy steel, in coils, containing by weight >= 0,6% carbon, plated or coated with base metals (excl. products plated or coated with zinc, and bars and rods)",Iron & Steel,Column B,(D),0.50800000000000001
72173090,"Wire of iron or non-alloy steel, in coils, containing by weight >= 0,6% carbon, plated or coated with base metals (excl. products plated or coated with zinc, and bars and rods)",Iron & Steel,Column B,(E),0.099000000000000005
72179020,"Wire of iron or non-alloy steel, in coils, containing by weight < 0,25% carbon, plated or coated (excl. products plated or coated with base metals and bars and rods)",Iron & Steel,Column A,,0.070999999999999994
72179020,"Wire of iron or non-alloy steel, in coils, containing by weight < 0,25% carbon, plated or coated (excl. products plated or coated with base metals and bars and rods)",Iron & Steel,Column B,(C),1.397
72179020,"Wire of iron or non-alloy steel, in coils, containing by weight < 0,25% carbon, plated or coated (excl. products plated or coated with base metals and bars and rods)",Iron & Steel,Column B,(D),0.50800000000000001
72179020,"Wire of iron or non-alloy steel, in coils, containing by weight < 0,25% carbon, plated or coated (excl. products plated or coated with base metals and bars and rods)",Iron & Steel,Column B,(E),0.099000000000000005
72179050,"Wire of iron or non-alloy steel, in coils, containing by weight >= 0,25% but < 0,6% carbon, plated or coated (excl. products plated or coated with with base metals, and bars and rods)",Iron & Steel,Column A,,0.070999999999999994
72179050,"Wire of iron or non-alloy steel, in coils, containing by weight >= 0,25% but < 0,6% carbon, plated or coated (excl. products plated or coated with with base metals, and bars and rods)",Iron & Steel,Column B,(C),1.397
72179050,"Wire of iron or non-alloy steel, in coils, containing by weight >= 0,25% but < 0,6% carbon, plated or coated (excl. products plated or coated with with base metals, and bars and rods)",Iron & Steel,Column B,(D),0.50800000000000001
72179050,"Wire of iron or non-alloy steel, in coils, containing by weight >= 0,25% but < 0,6% carbon, plated or coated (excl. products plated or coated with with base metals, and bars and rods)",Iron & Steel,Column B,(E),0.099000000000000005
72179090,"Wire of iron or non-alloy steel, in coils, containing by weight >= 0,6% carbon, plated or coated (excl. products plated or coated with base metals, and bars and rods)",Iron & Steel,Column A,,0.070999999999999994
72179090,"Wire of iron or non-alloy steel, in coils, containing by weight >= 0,6% carbon, plated or coated (excl. products plated or coated with base metals, and bars and rods)",Iron & Steel,Column B,(C),1.397
72179090,"Wire of iron or non-alloy steel, in coils, containing by weight >= 0,6% carbon, plated or coated (excl. products plated or coated with base metals, and bars and rods)",Iron & Steel,Column B,(D),0.50800000000000001
72179090,"Wire of iron or non-alloy steel, in coils, containing by weight >= 0,6% carbon, plated or coated (excl. products plated or coated with base metals, and bars and rods)",Iron & Steel,Column B,(E),0.099000000000000005
72181000,"Steel, stainless, in ingots and other primary forms (excl. waste and scrap in ingot form, and products obtained by continuous casting)",Iron & Steel,Column A,,0.35799999999999998
72181000,"Steel, stainless, in ingots and other primary forms (excl. waste and scrap in ingot form, and products obtained by continuous casting)",Iron & Steel,Column B,(1),1.419
72181000,"Steel, stainless, in ingots and other primary forms (excl. waste and scrap in ingot form, and products obtained by continuous casting)",Iron & Steel,Column B,(2),1.381
72189110,"Semi-finished products of stainless steel, of rectangular ""other than square"" cross-section, containing by weight >= 2,5% nickel",Iron & Steel,Column A,,0.128
72189110,"Semi-finished products of stainless steel, of rectangular ""other than square"" cross-section, containing by weight >= 2,5% nickel",Iron & Steel,Column B,(1),1.1890000000000001
72189110,"Semi-finished products of stainless steel, of rectangular ""other than square"" cross-section, containing by weight >= 2,5% nickel",Iron & Steel,Column B,(2),1.151
72189180,"Semi-finished products of stainless steel, of rectangular ""other than square"" cross-section, containing by weight < 2,5 nickel",Iron & Steel,Column A,,0.128
72189180,"Semi-finished products of stainless steel, of rectangular ""other than square"" cross-section, containing by weight < 2,5 nickel",Iron & Steel,Column B,(1),1.1890000000000001
72189180,"Semi-finished products of stainless steel, of rectangular ""other than square"" cross-section, containing by weight < 2,5 nickel",Iron & Steel,Column B,(2),1.151
72189911,"Semi-finished products of stainless steel, of square cross-section, rolled or obtained by continuous casting",Iron & Steel,Column A,,0.128
72189911,"Semi-finished products of stainless steel, of square cross-section, rolled or obtained by continuous casting",Iron & Steel,Column B,(1),1.1890000000000001
72189911,"Semi-finished products of stainless steel, of square cross-section, rolled or obtained by continuous casting",Iron & Steel,Column B,(2),1.151
72189919,"Semi-finished products of stainless steel, of square cross-section, forged",Iron & Steel,Column A,,0.35799999999999998
72189919,"Semi-finished products of stainless steel, of square cross-section, forged",Iron & Steel,Column B,(1),1.419
72189919,"Semi-finished products of stainless steel, of square cross-section, forged",Iron & Steel,Column B,(2),1.381
72189920,"Semi-finished products of stainless steel, of circular cross-section or of cross-section other than square or rectangular, rolled or obtained by continuous casting",Iron & Steel,Column A,,0.128
72189920,"Semi-finished products of stainless steel, of circular cross-section or of cross-section other than square or rectangular, rolled or obtained by continuous casting",Iron & Steel,Column B,(1),1.1890000000000001
72189920,"Semi-finished products of stainless steel, of circular cross-section or of cross-section other than square or rectangular, rolled or obtained by continuous casting",Iron & Steel,Column B,(2),1.151
72189980,"Semi-finished products of stainless steel, forged (excl. products of square or rectangular cross-section)",Iron & Steel,Column A,,0.35799999999999998
72189980,"Semi-finished products of stainless steel, forged (excl. products of square or rectangular cross-section)",Iron & Steel,Column B,(1),1.419
72189980,"Semi-finished products of stainless steel, forged (excl. products of square or rectangular cross-section)",Iron & Steel,Column B,(2),1.381
72191100,"Flat-rolled products of stainless steel, of a width of >= 600 mm, not further worked than hot-rolled, in coils, of a thickness of > 10 mm",Iron & Steel,Column A,,0.072999999999999995
72191100,"Flat-rolled products of stainless steel, of a width of >= 600 mm, not further worked than hot-rolled, in coils, of a thickness of > 10 mm",Iron & Steel,Column B,(1),1.1890000000000001
72191100,"Flat-rolled products of stainless steel, of a width of >= 600 mm, not further worked than hot-rolled, in coils, of a thickness of > 10 mm",Iron & Steel,Column B,(2),1.151
72191210,"Flat-rolled products of stainless steel, of a width of >= 600 mm, not further worked than hot-rolled, in coils, of a thickness of >= 4,75 mm but <= 10 mm, containing by weight >= 2,5 nickel",Iron & Steel,Column A,,0.072999999999999995
72191210,"Flat-rolled products of stainless steel, of a width of >= 600 mm, not further worked than hot-rolled, in coils, of a thickness of >= 4,75 mm but <= 10 mm, containing by weight >= 2,5 nickel",Iron & Steel,Column B,(1),1.1890000000000001
72191210,"Flat-rolled products of stainless steel, of a width of >= 600 mm, not further worked than hot-rolled, in coils, of a thickness of >= 4,75 mm but <= 10 mm, containing by weight >= 2,5 nickel",Iron & Steel,Column B,(2),1.151
72191290,"Flat-rolled products of stainless steel, of a width of >= 600 mm, not further worked than hot-rolled, in coils, of a thickness of >= 4,75 mm but <= 10 mm, containing by weight < 2,5 nickel",Iron & Steel,Column A,,0.072999999999999995
72191290,"Flat-rolled products of stainless steel, of a width of >= 600 mm, not further worked than hot-rolled, in coils, of a thickness of >= 4,75 mm but <= 10 mm, containing by weight < 2,5 nickel",Iron & Steel,Column B,(1),1.1890000000000001
72191290,"Flat-rolled products of stainless steel, of a width of >= 600 mm, not further worked than hot-rolled, in coils, of a thickness of >= 4,75 mm but <= 10 mm, containing by weight < 2,5 nickel",Iron & Steel,Column B,(2),1.151
72191310,"Flat-rolled products of stainless steel, of a width of >= 600 mm, not further worked than hot-rolled, in coils, of a thickness of >= 3 mm but <= 4,75 mm, containing by weight >= 2,5 nickel",Iron & Steel,Column A,,0.072999999999999995
72191310,"Flat-rolled products of stainless steel, of a width of >= 600 mm, not further worked than hot-rolled, in coils, of a thickness of >= 3 mm but <= 4,75 mm, containing by weight >= 2,5 nickel",Iron & Steel,Column B,(1),1.1890000000000001
72191310,"Flat-rolled products of stainless steel, of a width of >= 600 mm, not further worked than hot-rolled, in coils, of a thickness of >= 3 mm but <= 4,75 mm, containing by weight >= 2,5 nickel",Iron & Steel,Column B,(2),1.151
72191390,"Flat-rolled products of stainless steel, of a width of >= 600 mm, not further worked than hot-rolled, in coils, of a thickness of >= 3 mm but <= 4,75 mm, containing by weight < 2,5 nickel",Iron & Steel,Column A,,0.072999999999999995
72191390,"Flat-rolled products of stainless steel, of a width of >= 600 mm, not further worked than hot-rolled, in coils, of a thickness of >= 3 mm but <= 4,75 mm, containing by weight < 2,5 nickel",Iron & Steel,Column B,(1),1.1890000000000001
72191390,"Flat-rolled products of stainless steel, of a width of >= 600 mm, not further worked than hot-rolled, in coils, of a thickness of >= 3 mm but <= 4,75 mm, containing by weight < 2,5 nickel",Iron & Steel,Column B,(2),1.151
72191410,"Flat-rolled products of stainless steel, of a width of >= 600 mm, not further worked than hot-rolled, in coils, of a thickness of < 3 mm, containing by weight >= 2,5 nickel",Iron & Steel,Column A,,0.072999999999999995
72191410,"Flat-rolled products of stainless steel, of a width of >= 600 mm, not further worked than hot-rolled, in coils, of a thickness of < 3 mm, containing by weight >= 2,5 nickel",Iron & Steel,Column B,(1),1.1890000000000001
72191410,"Flat-rolled products of stainless steel, of a width of >= 600 mm, not further worked than hot-rolled, in coils, of a thickness of < 3 mm, containing by weight >= 2,5 nickel",Iron & Steel,Column B,(2),1.151
72191490,"Flat-rolled products of stainless steel, of a width of >= 600 mm, not further worked than hot-rolled, in coils, of a thickness of < 3 mm, containing by weight < 2,5 nickel",Iron & Steel,Column A,,0.072999999999999995
72191490,"Flat-rolled products of stainless steel, of a width of >= 600 mm, not further worked than hot-rolled, in coils, of a thickness of < 3 mm, containing by weight < 2,5 nickel",Iron & Steel,Column B,(1),1.1890000000000001
72191490,"Flat-rolled products of stainless steel, of a width of >= 600 mm, not further worked than hot-rolled, in coils, of a thickness of < 3 mm, containing by weight < 2,5 nickel",Iron & Steel,Column B,(2),1.151
72192110,"Flat-rolled products of stainless steel, of a width of >= 600 mm, not further worked than hot-rolled, not in coils, of a thickness of > 10 mm, containing by weight >= 2,5 nickel",Iron & Steel,Column A,,0.072999999999999995
72192110,"Flat-rolled products of stainless steel, of a width of >= 600 mm, not further worked than hot-rolled, not in coils, of a thickness of > 10 mm, containing by weight >= 2,5 nickel",Iron & Steel,Column B,(1),1.1890000000000001
72192110,"Flat-rolled products of stainless steel, of a width of >= 600 mm, not further worked than hot-rolled, not in coils, of a thickness of > 10 mm, containing by weight >= 2,5 nickel",Iron & Steel,Column B,(2),1.151
72192190,"Flat-rolled products of stainless steel, of a width of >= 600 mm, not further worked than hot-rolled, not in coils, of a thickness of > 10 mm, containing by weight < 2,5 nickel",Iron & Steel,Column A,,0.072999999999999995
72192190,"Flat-rolled products of stainless steel, of a width of >= 600 mm, not further worked than hot-rolled, not in coils, of a thickness of > 10 mm, containing by weight < 2,5 nickel",Iron & Steel,Column B,(1),1.1890000000000001
72192190,"Flat-rolled products of stainless steel, of a width of >= 600 mm, not further worked than hot-rolled, not in coils, of a thickness of > 10 mm, containing by weight < 2,5 nickel",Iron & Steel,Column B,(2),1.151
72192210,"Flat-rolled products of stainless steel, of a width of >= 600 mm, not further worked than hot-rolled, not in coils, of a thickness of >= 4,75 mm but <= 10 mm, containing by weight >= 2,5% nickel",Iron & Steel,Column A,,0.072999999999999995
72192210,"Flat-rolled products of stainless steel, of a width of >= 600 mm, not further worked than hot-rolled, not in coils, of a thickness of >= 4,75 mm but <= 10 mm, containing by weight >= 2,5% nickel",Iron & Steel,Column B,(1),1.1890000000000001
72192210,"Flat-rolled products of stainless steel, of a width of >= 600 mm, not further worked than hot-rolled, not in coils, of a thickness of >= 4,75 mm but <= 10 mm, containing by weight >= 2,5% nickel",Iron & Steel,Column B,(2),1.151
72192290,"Flat-rolled products of stainless steel, of a width of >= 600 mm, not further worked than hot-rolled, not in coils, of a thickness of >= 4,75 mm but <= 10 mm, containing by weight < 2,5% nickel",Iron & Steel,Column A,,0.072999999999999995
72192290,"Flat-rolled products of stainless steel, of a width of >= 600 mm, not further worked than hot-rolled, not in coils, of a thickness of >= 4,75 mm but <= 10 mm, containing by weight < 2,5% nickel",Iron & Steel,Column B,(1),1.1890000000000001
72192290,"Flat-rolled products of stainless steel, of a width of >= 600 mm, not further worked than hot-rolled, not in coils, of a thickness of >= 4,75 mm but <= 10 mm, containing by weight < 2,5% nickel",Iron & Steel,Column B,(2),1.151
72192300,"Flat-rolled products of stainless steel, of a width of >= 600 mm, not further worked than hot-rolled, not in coils, of a thickness of >= 3 mm and < 4,75 mm",Iron & Steel,Column A,,0.072999999999999995
72192300,"Flat-rolled products of stainless steel, of a width of >= 600 mm, not further worked than hot-rolled, not in coils, of a thickness of >= 3 mm and < 4,75 mm",Iron & Steel,Column B,(1),1.1890000000000001
72192300,"Flat-rolled products of stainless steel, of a width of >= 600 mm, not further worked than hot-rolled, not in coils, of a thickness of >= 3 mm and < 4,75 mm",Iron & Steel,Column B,(2),1.151
72192400,"Flat-rolled products of stainless steel, of a width of >= 600 mm, not further worked than hot-rolled, not in coils, of a thickness of < 3 mm",Iron & Steel,Column A,,0.072999999999999995
72192400,"Flat-rolled products of stainless steel, of a width of >= 600 mm, not further worked than hot-rolled, not in coils, of a thickness of < 3 mm",Iron & Steel,Column B,(1),1.1890000000000001
72192400,"Flat-rolled products of stainless steel, of a width of >= 600 mm, not further worked than hot-rolled, not in coils, of a thickness of < 3 mm",Iron & Steel,Column B,(2),1.151
72193100,"Flat-rolled products of stainless steel, of a width of >= 600 mm, not further worked than cold-rolled ""cold-reduced"", of a thickness of >= 4,75 mm",Iron & Steel,Column A,,0.109
72193100,"Flat-rolled products of stainless steel, of a width of >= 600 mm, not further worked than cold-rolled ""cold-reduced"", of a thickness of >= 4,75 mm",Iron & Steel,Column B,(1),1.27
72193100,"Flat-rolled products of stainless steel, of a width of >= 600 mm, not further worked than cold-rolled ""cold-reduced"", of a thickness of >= 4,75 mm",Iron & Steel,Column B,(2),1.23
72193210,"Flat-rolled products of stainless steel, of a width of >= 600 mm, not further worked than cold-rolled ""cold-reduced"", of a thickness of >= 3 mm but <= 4,75 mm, containing by weight >= 2,5% nickel",Iron & Steel,Column A,,0.109
72193210,"Flat-rolled products of stainless steel, of a width of >= 600 mm, not further worked than cold-rolled ""cold-reduced"", of a thickness of >= 3 mm but <= 4,75 mm, containing by weight >= 2,5% nickel",Iron & Steel,Column B,(1),1.27
72193210,"Flat-rolled products of stainless steel, of a width of >= 600 mm, not further worked than cold-rolled ""cold-reduced"", of a thickness of >= 3 mm but <= 4,75 mm, containing by weight >= 2,5% nickel",Iron & Steel,Column B,(2),1.23
72193290,"Flat-rolled products of stainless steel, of a width of >= 600 mm, not further worked than cold-rolled ""cold-reduced"", of a thickness of >= 3 mm but <= 4,75 mm, containing by weight < 2,5% nickel",Iron & Steel,Column A,,0.109
72193290,"Flat-rolled products of stainless steel, of a width of >= 600 mm, not further worked than cold-rolled ""cold-reduced"", of a thickness of >= 3 mm but <= 4,75 mm, containing by weight < 2,5% nickel",Iron & Steel,Column B,(1),1.27
72193290,"Flat-rolled products of stainless steel, of a width of >= 600 mm, not further worked than cold-rolled ""cold-reduced"", of a thickness of >= 3 mm but <= 4,75 mm, containing by weight < 2,5% nickel",Iron & Steel,Column B,(2),1.23
72193310,"Flat-rolled products of stainless steel, of a width of >= 600 mm, not further worked than cold-rolled ""cold-reduced"", of a thickness of > 1 mm but < 3 mm, containing by weight >= 2,5% nickel",Iron & Steel,Column A,,0.109
72193310,"Flat-rolled products of stainless steel, of a width of >= 600 mm, not further worked than cold-rolled ""cold-reduced"", of a thickness of > 1 mm but < 3 mm, containing by weight >= 2,5% nickel",Iron & Steel,Column B,(1),1.27
72193310,"Flat-rolled products of stainless steel, of a width of >= 600 mm, not further worked than cold-rolled ""cold-reduced"", of a thickness of > 1 mm but < 3 mm, containing by weight >= 2,5% nickel",Iron & Steel,Column B,(2),1.23
72193390,"Flat-rolled products of stainless steel, of a width of >= 600 mm, not further worked than cold-rolled ""cold-reduced"", of a thickness of > 1 mm but < 3 mm, containing by weight < 2,5% nickel",Iron & Steel,Column A,,0.109
72193390,"Flat-rolled products of stainless steel, of a width of >= 600 mm, not further worked than cold-rolled ""cold-reduced"", of a thickness of > 1 mm but < 3 mm, containing by weight < 2,5% nickel",Iron & Steel,Column B,(1),1.27
72193390,"Flat-rolled products of stainless steel, of a width of >= 600 mm, not further worked than cold-rolled ""cold-reduced"", of a thickness of > 1 mm but < 3 mm, containing by weight < 2,5% nickel",Iron & Steel,Column B,(2),1.23
72193410,"Flat-rolled products of stainless steel, of a width of >= 600 mm, not further worked than cold-rolled ""cold-reduced"", of a thickness of >= 0,5 mm but <= 1 mm, containing by weight >= 2,5% nickel",Iron & Steel,Column A,,0.109
72193410,"Flat-rolled products of stainless steel, of a width of >= 600 mm, not further worked than cold-rolled ""cold-reduced"", of a thickness of >= 0,5 mm but <= 1 mm, containing by weight >= 2,5% nickel",Iron & Steel,Column B,(1),1.27
72193410,"Flat-rolled products of stainless steel, of a width of >= 600 mm, not further worked than cold-rolled ""cold-reduced"", of a thickness of >= 0,5 mm but <= 1 mm, containing by weight >= 2,5% nickel",Iron & Steel,Column B,(2),1.23
72193490,"Flat-rolled products of stainless steel, of a width of >= 600 mm, not further worked than cold-rolled ""cold-reduced"", of a thickness of >= 0,5 mm but <= 1 mm, containing by weight < 2,5% nickel",Iron & Steel,Column A,,0.109
72193490,"Flat-rolled products of stainless steel, of a width of >= 600 mm, not further worked than cold-rolled ""cold-reduced"", of a thickness of >= 0,5 mm but <= 1 mm, containing by weight < 2,5% nickel",Iron & Steel,Column B,(1),1.27
72193490,"Flat-rolled products of stainless steel, of a width of >= 600 mm, not further worked than cold-rolled ""cold-reduced"", of a thickness of >= 0,5 mm but <= 1 mm, containing by weight < 2,5% nickel",Iron & Steel,Column B,(2),1.23
72193510,"Flat-rolled products of stainless steel, of a width of >= 600 mm, not further worked than cold-rolled ""cold-reduced"", of a thickness of < 0,5 mm, containing by weight >= 2,5% nickel",Iron & Steel,Column A,,0.109
72193510,"Flat-rolled products of stainless steel, of a width of >= 600 mm, not further worked than cold-rolled ""cold-reduced"", of a thickness of < 0,5 mm, containing by weight >= 2,5% nickel",Iron & Steel,Column B,(1),1.27
72193510,"Flat-rolled products of stainless steel, of a width of >= 600 mm, not further worked than cold-rolled ""cold-reduced"", of a thickness of < 0,5 mm, containing by weight >= 2,5% nickel",Iron & Steel,Column B,(2),1.23
72193590,"Flat-rolled products of stainless steel, of a width of >= 600 mm, not further worked than cold-rolled ""cold-reduced"", of a thickness of < 0,5 mm, containing by weight < 2,5% nickel",Iron & Steel,Column A,,0.109
72193590,"Flat-rolled products of stainless steel, of a width of >= 600 mm, not further worked than cold-rolled ""cold-reduced"", of a thickness of < 0,5 mm, containing by weight < 2,5% nickel",Iron & Steel,Column B,(1),1.27
72193590,"Flat-rolled products of stainless steel, of a width of >= 600 mm, not further worked than cold-rolled ""cold-reduced"", of a thickness of < 0,5 mm, containing by weight < 2,5% nickel",Iron & Steel,Column B,(2),1.23
72199020,"Flat-rolled products of stainless steel, of a width of >= 600 mm, hot-rolled or cold-rolled ""cold-reduced"" and further worked, perforated",Iron & Steel,Column A,,0.109
72199020,"Flat-rolled products of stainless steel, of a width of >= 600 mm, hot-rolled or cold-rolled ""cold-reduced"" and further worked, perforated",Iron & Steel,Column B,(1),1.27
72199020,"Flat-rolled products of stainless steel, of a width of >= 600 mm, hot-rolled or cold-rolled ""cold-reduced"" and further worked, perforated",Iron & Steel,Column B,(2),1.23
72199080,"Flat-rolled products of stainless steel, of a width of >= 600 mm, hot-rolled or cold-rolled ""cold-reduced"" and further worked, non-perforated",Iron & Steel,Column A,,0.109
72199080,"Flat-rolled products of stainless steel, of a width of >= 600 mm, hot-rolled or cold-rolled ""cold-reduced"" and further worked, non-perforated",Iron & Steel,Column B,(1),1.27
72199080,"Flat-rolled products of stainless steel, of a width of >= 600 mm, hot-rolled or cold-rolled ""cold-reduced"" and further worked, non-perforated",Iron & Steel,Column B,(2),1.23
72201100,"Flat-rolled products of stainless steel, of a width of < 600 mm, not further worked than hot-rolled, of a thickness of >= 4,75 mm",Iron & Steel,Column A,,0.072999999999999995
72201100,"Flat-rolled products of stainless steel, of a width of < 600 mm, not further worked than hot-rolled, of a thickness of >= 4,75 mm",Iron & Steel,Column B,(1),1.1890000000000001
72201100,"Flat-rolled products of stainless steel, of a width of < 600 mm, not further worked than hot-rolled, of a thickness of >= 4,75 mm",Iron & Steel,Column B,(2),1.151
72201200,"Flat-rolled products of stainless steel, of a width of < 600 mm, not further worked than hot-rolled, of a thickness of < 4,75 mm",Iron & Steel,Column A,,0.072999999999999995
72201200,"Flat-rolled products of stainless steel, of a width of < 600 mm, not further worked than hot-rolled, of a thickness of < 4,75 mm",Iron & Steel,Column B,(1),1.1890000000000001
72201200,"Flat-rolled products of stainless steel, of a width of < 600 mm, not further worked than hot-rolled, of a thickness of < 4,75 mm",Iron & Steel,Column B,(2),1.151
72202021,"Flat-rolled products of stainless steel, of a width of < 600 mm, not further worked than cold-rolled ""cold-reduced"", of a thickness of >= 3 mm and containing by weight >= 2,5% nickel",Iron & Steel,Column A,,0.109
72202021,"Flat-rolled products of stainless steel, of a width of < 600 mm, not further worked than cold-rolled ""cold-reduced"", of a thickness of >= 3 mm and containing by weight >= 2,5% nickel",Iron & Steel,Column B,(1),1.27
72202021,"Flat-rolled products of stainless steel, of a width of < 600 mm, not further worked than cold-rolled ""cold-reduced"", of a thickness of >= 3 mm and containing by weight >= 2,5% nickel",Iron & Steel,Column B,(2),1.23
72202029,"Flat-rolled products of stainless steel, of a width of < 600 mm, not further worked than cold-rolled ""cold-reduced"", of a thickness of >= 3 mm and containing by weight < 2,5% nickel",Iron & Steel,Column A,,0.109
72202029,"Flat-rolled products of stainless steel, of a width of < 600 mm, not further worked than cold-rolled ""cold-reduced"", of a thickness of >= 3 mm and containing by weight < 2,5% nickel",Iron & Steel,Column B,(1),1.27
72202029,"Flat-rolled products of stainless steel, of a width of < 600 mm, not further worked than cold-rolled ""cold-reduced"", of a thickness of >= 3 mm and containing by weight < 2,5% nickel",Iron & Steel,Column B,(2),1.23
72202041,"Flat-rolled products of stainless steel, of a width of < 600 mm, not further worked than cold-rolled ""cold-reduced"", of a thickness of > 0,35 mm but < 3 mm, and containing by weight >= 2,5% nickel",Iron & Steel,Column A,,0.109
72202041,"Flat-rolled products of stainless steel, of a width of < 600 mm, not further worked than cold-rolled ""cold-reduced"", of a thickness of > 0,35 mm but < 3 mm, and containing by weight >= 2,5% nickel",Iron & Steel,Column B,(1),1.27
72202041,"Flat-rolled products of stainless steel, of a width of < 600 mm, not further worked than cold-rolled ""cold-reduced"", of a thickness of > 0,35 mm but < 3 mm, and containing by weight >= 2,5% nickel",Iron & Steel,Column B,(2),1.23
72202049,"Flat-rolled products of stainless steel, of a width of < 600 mm, not further worked than cold-rolled ""cold-reduced"", of a thickness of > 0,35 mm but < 3 mm, and containing by weight < 2,5% nickel",Iron & Steel,Column A,,0.109
72202049,"Flat-rolled products of stainless steel, of a width of < 600 mm, not further worked than cold-rolled ""cold-reduced"", of a thickness of > 0,35 mm but < 3 mm, and containing by weight < 2,5% nickel",Iron & Steel,Column B,(1),1.27
72202049,"Flat-rolled products of stainless steel, of a width of < 600 mm, not further worked than cold-rolled ""cold-reduced"", of a thickness of > 0,35 mm but < 3 mm, and containing by weight < 2,5% nickel",Iron & Steel,Column B,(2),1.23
72202081,"Flat-rolled products of stainless steel, of a width of < 600 mm, not further worked than cold-rolled ""cold-reduced"", of a thickness of <= 0,35 mm and containing by weight >= 2,5% nickel",Iron & Steel,Column A,,0.109
72202081,"Flat-rolled products of stainless steel, of a width of < 600 mm, not further worked than cold-rolled ""cold-reduced"", of a thickness of <= 0,35 mm and containing by weight >= 2,5% nickel",Iron & Steel,Column B,(1),1.27
72202081,"Flat-rolled products of stainless steel, of a width of < 600 mm, not further worked than cold-rolled ""cold-reduced"", of a thickness of <= 0,35 mm and containing by weight >= 2,5% nickel",Iron & Steel,Column B,(2),1.23
72202089,"Flat-rolled products of stainless steel, of a width of < 600 mm, not further worked than cold-rolled ""cold-reduced"", of a thickness of <= 0,35 mm and containing by weight < 2,5% nickel",Iron & Steel,Column A,,0.109
72202089,"Flat-rolled products of stainless steel, of a width of < 600 mm, not further worked than cold-rolled ""cold-reduced"", of a thickness of <= 0,35 mm and containing by weight < 2,5% nickel",Iron & Steel,Column B,(1),1.27
72202089,"Flat-rolled products of stainless steel, of a width of < 600 mm, not further worked than cold-rolled ""cold-reduced"", of a thickness of <= 0,35 mm and containing by weight < 2,5% nickel",Iron & Steel,Column B,(2),1.23
72209020,"Flat-rolled products of stainless steel, of a width of < 600 mm, hot-rolled or cold-rolled ""cold-reduced"" and further worked, perforated",Iron & Steel,Column A,,0.109
72209020,"Flat-rolled products of stainless steel, of a width of < 600 mm, hot-rolled or cold-rolled ""cold-reduced"" and further worked, perforated",Iron & Steel,Column B,(1),1.27
72209020,"Flat-rolled products of stainless steel, of a width of < 600 mm, hot-rolled or cold-rolled ""cold-reduced"" and further worked, perforated",Iron & Steel,Column B,(2),1.23
72209080,"Flat-rolled products of stainless steel, of a width of < 600 mm, hot-rolled or cold-rolled ""cold-reduced"" and further worked, non-perforated",Iron & Steel,Column A,,0.109
72209080,"Flat-rolled products of stainless steel, of a width of < 600 mm, hot-rolled or cold-rolled ""cold-reduced"" and further worked, non-perforated",Iron & Steel,Column B,(1),1.27
72209080,"Flat-rolled products of stainless steel, of a width of < 600 mm, hot-rolled or cold-rolled ""cold-reduced"" and further worked, non-perforated",Iron & Steel,Column B,(2),1.23
72210010,"Bars and rods of stainless steel, hot-rolled, in irregularly wound coils, containing by weight >= 2,5% nickel",Iron & Steel,Column A,,0.109
72210010,"Bars and rods of stainless steel, hot-rolled, in irregularly wound coils, containing by weight >= 2,5% nickel",Iron & Steel,Column B,(1),1.2250000000000001
72210010,"Bars and rods of stainless steel, hot-rolled, in irregularly wound coils, containing by weight >= 2,5% nickel",Iron & Steel,Column B,(2),1.1870000000000001
72210090,"Bars and rods of stainless steel, hot-rolled, in irregularly wound coils, containing by weight < 2,5% nickel",Iron & Steel,Column A,,0.109
72210090,"Bars and rods of stainless steel, hot-rolled, in irregularly wound coils, containing by weight < 2,5% nickel",Iron & Steel,Column B,(1),1.2250000000000001
72210090,"Bars and rods of stainless steel, hot-rolled, in irregularly wound coils, containing by weight < 2,5% nickel",Iron & Steel,Column B,(2),1.1870000000000001
72221111,"Bars and rods of stainless steel, not further worked than hot-rolled, hot-drawn or extruded, of circular cross-section of a diameter of >= 800 mm, containing by weight >= 2,5% nickel",Iron & Steel,Column A,,0.109
72221111,"Bars and rods of stainless steel, not further worked than hot-rolled, hot-drawn or extruded, of circular cross-section of a diameter of >= 800 mm, containing by weight >= 2,5% nickel",Iron & Steel,Column B,(1),1.2250000000000001
72221111,"Bars and rods of stainless steel, not further worked than hot-rolled, hot-drawn or extruded, of circular cross-section of a diameter of >= 800 mm, containing by weight >= 2,5% nickel",Iron & Steel,Column B,(2),1.1870000000000001
72221119,"Bars and rods of stainless steel, not further worked than hot-rolled, hot-drawn or extruded, of circular cross-section of a diameter of >= 800 mm, containing by weight < 2,5% nickel",Iron & Steel,Column A,,0.109
72221119,"Bars and rods of stainless steel, not further worked than hot-rolled, hot-drawn or extruded, of circular cross-section of a diameter of >= 800 mm, containing by weight < 2,5% nickel",Iron & Steel,Column B,(1),1.2250000000000001
72221119,"Bars and rods of stainless steel, not further worked than hot-rolled, hot-drawn or extruded, of circular cross-section of a diameter of >= 800 mm, containing by weight < 2,5% nickel",Iron & Steel,Column B,(2),1.1870000000000001
72221181,"Bars and rods of stainless steel, not further worked than hot-rolled, hot-drawn or extruded, of circular cross-section measuring < 80 mm and containing by weight >= 2,5% nickel",Iron & Steel,Column A,,0.109
72221181,"Bars and rods of stainless steel, not further worked than hot-rolled, hot-drawn or extruded, of circular cross-section measuring < 80 mm and containing by weight >= 2,5% nickel",Iron & Steel,Column B,(1),1.2250000000000001
72221181,"Bars and rods of stainless steel, not further worked than hot-rolled, hot-drawn or extruded, of circular cross-section measuring < 80 mm and containing by weight >= 2,5% nickel",Iron & Steel,Column B,(2),1.1870000000000001
72221189,"Bars and rods of stainless steel, not further worked than hot-rolled, hot-drawn or extruded, of circular cross-section measuring < 80 mm and containing by weight < 2,5% nickel",Iron & Steel,Column A,,0.109
72221189,"Bars and rods of stainless steel, not further worked than hot-rolled, hot-drawn or extruded, of circular cross-section measuring < 80 mm and containing by weight < 2,5% nickel",Iron & Steel,Column B,(1),1.2250000000000001
72221189,"Bars and rods of stainless steel, not further worked than hot-rolled, hot-drawn or extruded, of circular cross-section measuring < 80 mm and containing by weight < 2,5% nickel",Iron & Steel,Column B,(2),1.1870000000000001
72221910,"Bars and rods of stainless steel, not further worked than hot-rolled, hot-drawn or extruded, containing by weight >= 2,5% nickel (excl. such products of circular cross-section)",Iron & Steel,Column A,,0.109
72221910,"Bars and rods of stainless steel, not further worked than hot-rolled, hot-drawn or extruded, containing by weight >= 2,5% nickel (excl. such products of circular cross-section)",Iron & Steel,Column B,(1),1.2250000000000001
72221910,"Bars and rods of stainless steel, not further worked than hot-rolled, hot-drawn or extruded, containing by weight >= 2,5% nickel (excl. such products of circular cross-section)",Iron & Steel,Column B,(2),1.1870000000000001
72221990,"Bars and rods of stainless steel, not further worked than hot-rolled, hot-drawn or extruded, containing by weight < 2,5% nickel (excl. such products of circular cross-section)",Iron & Steel,Column A,,0.109
72221990,"Bars and rods of stainless steel, not further worked than hot-rolled, hot-drawn or extruded, containing by weight < 2,5% nickel (excl. such products of circular cross-section)",Iron & Steel,Column B,(1),1.2250000000000001
72221990,"Bars and rods of stainless steel, not further worked than hot-rolled, hot-drawn or extruded, containing by weight < 2,5% nickel (excl. such products of circular cross-section)",Iron & Steel,Column B,(2),1.1870000000000001
72222011,"Bars and rods of stainless steel, of circular cross-section of a diameter >= 80 mm, simply cold-formed or cold-finished, containing by weight >= 2,5% nickel",Iron & Steel,Column A,,0.109
72222011,"Bars and rods of stainless steel, of circular cross-section of a diameter >= 80 mm, simply cold-formed or cold-finished, containing by weight >= 2,5% nickel",Iron & Steel,Column B,(1),1.2250000000000001
72222011,"Bars and rods of stainless steel, of circular cross-section of a diameter >= 80 mm, simply cold-formed or cold-finished, containing by weight >= 2,5% nickel",Iron & Steel,Column B,(2),1.1870000000000001
72222019,"Bars and rods of stainless steel, of circular cross-section of a diameter >= 80 mm, simply cold-formed or cold-finished, containing by weight < 2,5% nickel",Iron & Steel,Column A,,0.109
72222019,"Bars and rods of stainless steel, of circular cross-section of a diameter >= 80 mm, simply cold-formed or cold-finished, containing by weight < 2,5% nickel",Iron & Steel,Column B,(1),1.2250000000000001
72222019,"Bars and rods of stainless steel, of circular cross-section of a diameter >= 80 mm, simply cold-formed or cold-finished, containing by weight < 2,5% nickel",Iron & Steel,Column B,(2),1.1870000000000001
72222021,"Bars and rods of stainless steel, not further worked than cold-formed or cold-finished, of circular cross-section measuring >= 25 mm but < 80 mm and containing by weight >= 2,5% nickel",Iron & Steel,Column A,,0.109
72222021,"Bars and rods of stainless steel, not further worked than cold-formed or cold-finished, of circular cross-section measuring >= 25 mm but < 80 mm and containing by weight >= 2,5% nickel",Iron & Steel,Column B,(1),1.2250000000000001
72222021,"Bars and rods of stainless steel, not further worked than cold-formed or cold-finished, of circular cross-section measuring >= 25 mm but < 80 mm and containing by weight >= 2,5% nickel",Iron & Steel,Column B,(2),1.1870000000000001
72222029,"Bars and rods of stainless steel, not further worked than cold-formed or cold-finished, of circular cross-section measuring >= 25 mm but < 80 mm and containing by weight < 2,5% nickel",Iron & Steel,Column A,,0.109
72222029,"Bars and rods of stainless steel, not further worked than cold-formed or cold-finished, of circular cross-section measuring >= 25 mm but < 80 mm and containing by weight < 2,5% nickel",Iron & Steel,Column B,(1),1.2250000000000001
72222029,"Bars and rods of stainless steel, not further worked than cold-formed or cold-finished, of circular cross-section measuring >= 25 mm but < 80 mm and containing by weight < 2,5% nickel",Iron & Steel,Column B,(2),1.1870000000000001
72222031,"Bars and rods of stainless steel, not further worked than cold-formed or cold-finished, of circular cross-section measuring < 25 mm and containing by weight >= 2,5% nickel",Iron & Steel,Column A,,0.109
72222031,"Bars and rods of stainless steel, not further worked than cold-formed or cold-finished, of circular cross-section measuring < 25 mm and containing by weight >= 2,5% nickel",Iron & Steel,Column B,(1),1.2250000000000001
72222031,"Bars and rods of stainless steel, not further worked than cold-formed or cold-finished, of circular cross-section measuring < 25 mm and containing by weight >= 2,5% nickel",Iron & Steel,Column B,(2),1.1870000000000001
72222039,"Bars and rods of stainless steel, not further worked than cold-formed or cold-finished, of circular cross-section measuring < 25 mm and containing by weight < 2,5% nickel",Iron & Steel,Column A,,0.109
72222039,"Bars and rods of stainless steel, not further worked than cold-formed or cold-finished, of circular cross-section measuring < 25 mm and containing by weight < 2,5% nickel",Iron & Steel,Column B,(1),1.2250000000000001
72222039,"Bars and rods of stainless steel, not further worked than cold-formed or cold-finished, of circular cross-section measuring < 25 mm and containing by weight < 2,5% nickel",Iron & Steel,Column B,(2),1.1870000000000001
72222081,"Bars and rods of stainless steel, not further worked than cold-formed or cold-finished, containing by weight >= 2,5% nickel (excl. such products of circular cross-section)",Iron & Steel,Column A,,0.109
72222081,"Bars and rods of stainless steel, not further worked than cold-formed or cold-finished, containing by weight >= 2,5% nickel (excl. such products of circular cross-section)",Iron & Steel,Column B,(1),1.2250000000000001
72222081,"Bars and rods of stainless steel, not further worked than cold-formed or cold-finished, containing by weight >= 2,5% nickel (excl. such products of circular cross-section)",Iron & Steel,Column B,(2),1.1870000000000001
72222089,"Bars and rods of stainless steel, not further worked than cold-formed or cold-finished, containing by weight < 2,5% nickel (excl. such products of circular cross-section)",Iron & Steel,Column A,,0.109
72222089,"Bars and rods of stainless steel, not further worked than cold-formed or cold-finished, containing by weight < 2,5% nickel (excl. such products of circular cross-section)",Iron & Steel,Column B,(1),1.2250000000000001
72222089,"Bars and rods of stainless steel, not further worked than cold-formed or cold-finished, containing by weight < 2,5% nickel (excl. such products of circular cross-section)",Iron & Steel,Column B,(2),1.1870000000000001
72223051,"Other bars and rods of stainless steel, containing by weight >= 2,5% of nickel, forged",Iron & Steel,Column A,,0.30299999999999999
72223051,"Other bars and rods of stainless steel, containing by weight >= 2,5% of nickel, forged",Iron & Steel,Column B,(1),1.419
72223051,"Other bars and rods of stainless steel, containing by weight >= 2,5% of nickel, forged",Iron & Steel,Column B,(2),1.381
72223091,"Other bars and rods of stainless steel, containing by weight < 2,5% of nickel, forged",Iron & Steel,Column A,,0.30299999999999999
72223091,"Other bars and rods of stainless steel, containing by weight < 2,5% of nickel, forged",Iron & Steel,Column B,(1),1.419
72223091,"Other bars and rods of stainless steel, containing by weight < 2,5% of nickel, forged",Iron & Steel,Column B,(2),1.381
72223097,"Bars and rods of stainless steel, cold-formed or cold-finished and further worked, or hot-formed and further worked, n.e.s. (excl. forged products)",Iron & Steel,Column A,,0.30299999999999999
72223097,"Bars and rods of stainless steel, cold-formed or cold-finished and further worked, or hot-formed and further worked, n.e.s. (excl. forged products)",Iron & Steel,Column B,(1),1.419
72223097,"Bars and rods of stainless steel, cold-formed or cold-finished and further worked, or hot-formed and further worked, n.e.s. (excl. forged products)",Iron & Steel,Column B,(2),1.381
72224010,"Angles, shapes and sections of stainless steel, only hot-rolled, only hot-drawn or only extruded",Iron & Steel,Column A,,0.109
72224010,"Angles, shapes and sections of stainless steel, only hot-rolled, only hot-drawn or only extruded",Iron & Steel,Column B,(1),1.2250000000000001
72224010,"Angles, shapes and sections of stainless steel, only hot-rolled, only hot-drawn or only extruded",Iron & Steel,Column B,(2),1.1870000000000001
72224050,"Angles, shapes and sections of stainless steel, not further worked than cold-formed or cold-finished",Iron & Steel,Column A,,0.109
72224050,"Angles, shapes and sections of stainless steel, not further worked than cold-formed or cold-finished",Iron & Steel,Column B,(1),1.2250000000000001
72224050,"Angles, shapes and sections of stainless steel, not further worked than cold-formed or cold-finished",Iron & Steel,Column B,(2),1.1870000000000001
72224090,"Angles, shapes and sections of stainless steel, cold-formed or cold-finished and further worked, or not further worked than forged, or forged, or hot-formed by other means and further worked, n.e.s.",Iron & Steel,Column A,,0.109
72224090,"Angles, shapes and sections of stainless steel, cold-formed or cold-finished and further worked, or not further worked than forged, or forged, or hot-formed by other means and further worked, n.e.s.",Iron & Steel,Column B,(1),1.2250000000000001
72224090,"Angles, shapes and sections of stainless steel, cold-formed or cold-finished and further worked, or not further worked than forged, or forged, or hot-formed by other means and further worked, n.e.s.",Iron & Steel,Column B,(2),1.1870000000000001
72230011,"Wire of stainless steel, in coils, containing by weight 28% to 31% nickel and 20% to 22% chromium (excl. bars and rods)",Iron & Steel,Column A,,0.109
72230011,"Wire of stainless steel, in coils, containing by weight 28% to 31% nickel and 20% to 22% chromium (excl. bars and rods)",Iron & Steel,Column B,(1),1.2250000000000001
72230011,"Wire of stainless steel, in coils, containing by weight 28% to 31% nickel and 20% to 22% chromium (excl. bars and rods)",Iron & Steel,Column B,(2),1.1870000000000001
72230019,"Wire of stainless steel, in coils, containing by weight >= 2,5% nickel (excl. such products containing 28% to 31% nickel and 20% to 22% chromium, and bars and rods)",Iron & Steel,Column A,,0.109
72230019,"Wire of stainless steel, in coils, containing by weight >= 2,5% nickel (excl. such products containing 28% to 31% nickel and 20% to 22% chromium, and bars and rods)",Iron & Steel,Column B,(1),1.2250000000000001
72230019,"Wire of stainless steel, in coils, containing by weight >= 2,5% nickel (excl. such products containing 28% to 31% nickel and 20% to 22% chromium, and bars and rods)",Iron & Steel,Column B,(2),1.1870000000000001
72230091,"Wire of stainless steel, in coils, containing by weight < 2,5% nickel, 13% to 25% chromium and 3,5% to 6% aluminium (excl. bars and rods)",Iron & Steel,Column A,,0.109
72230091,"Wire of stainless steel, in coils, containing by weight < 2,5% nickel, 13% to 25% chromium and 3,5% to 6% aluminium (excl. bars and rods)",Iron & Steel,Column B,(1),1.2250000000000001
72230091,"Wire of stainless steel, in coils, containing by weight < 2,5% nickel, 13% to 25% chromium and 3,5% to 6% aluminium (excl. bars and rods)",Iron & Steel,Column B,(2),1.1870000000000001
72230099,"Wire of stainless steel, in coils, containing by weight < 2,5% nickel (excl. such products containing 13% to 25% chromium and 3,5% to 6% aluminium, and bars and rods)",Iron & Steel,Column A,,0.109
72230099,"Wire of stainless steel, in coils, containing by weight < 2,5% nickel (excl. such products containing 13% to 25% chromium and 3,5% to 6% aluminium, and bars and rods)",Iron & Steel,Column B,(1),1.2250000000000001
72230099,"Wire of stainless steel, in coils, containing by weight < 2,5% nickel (excl. such products containing 13% to 25% chromium and 3,5% to 6% aluminium, and bars and rods)",Iron & Steel,Column B,(2),1.1870000000000001
72241010,"Ingots and other primary forms, of tool steel",Iron & Steel,Column A,(F),0.45300000000000001
72241010,"Ingots and other primary forms, of tool steel",Iron & Steel,Column B,(F)(1),1.8069999999999999
72241010,"Ingots and other primary forms, of tool steel",Iron & Steel,Column A,(G),0.33
72241010,"Ingots and other primary forms, of tool steel",Iron & Steel,Column B,(G)(1),0.98199999999999998
72241010,"Ingots and other primary forms, of tool steel",Iron & Steel,Column A,(H),0.33
72241010,"Ingots and other primary forms, of tool steel",Iron & Steel,Column B,(H)(1),0.64
72241010,"Ingots and other primary forms, of tool steel",Iron & Steel,Column A,(J),0.35799999999999998
72241010,"Ingots and other primary forms, of tool steel",Iron & Steel,Column B,(J)(1),1.18
72241010,"Ingots and other primary forms, of tool steel",Iron & Steel,Column B,(F)(2),1.64
72241010,"Ingots and other primary forms, of tool steel",Iron & Steel,Column B,(G)(2),0.96899999999999997
72241010,"Ingots and other primary forms, of tool steel",Iron & Steel,Column B,(H)(2),0.628
72241010,"Ingots and other primary forms, of tool steel",Iron & Steel,Column B,(J)(2),1.1479999999999999
72241090,"Steel, alloy, other than stainless, in ingots or other primary forms (excl. of tool steel, waste and scrap in ingot form and products obtained by continuous casting)",Iron & Steel,Column A,(F),0.45300000000000001
72241090,"Steel, alloy, other than stainless, in ingots or other primary forms (excl. of tool steel, waste and scrap in ingot form and products obtained by continuous casting)",Iron & Steel,Column B,(F)(1),1.8069999999999999
72241090,"Steel, alloy, other than stainless, in ingots or other primary forms (excl. of tool steel, waste and scrap in ingot form and products obtained by continuous casting)",Iron & Steel,Column A,(G),0.33
72241090,"Steel, alloy, other than stainless, in ingots or other primary forms (excl. of tool steel, waste and scrap in ingot form and products obtained by continuous casting)",Iron & Steel,Column B,(G)(1),0.98199999999999998
72241090,"Steel, alloy, other than stainless, in ingots or other primary forms (excl. of tool steel, waste and scrap in ingot form and products obtained by continuous casting)",Iron & Steel,Column A,(H),0.33
72241090,"Steel, alloy, other than stainless, in ingots or other primary forms (excl. of tool steel, waste and scrap in ingot form and products obtained by continuous casting)",Iron & Steel,Column B,(H)(1),0.64
72241090,"Steel, alloy, other than stainless, in ingots or other primary forms (excl. of tool steel, waste and scrap in ingot form and products obtained by continuous casting)",Iron & Steel,Column A,(J),0.35799999999999998
72241090,"Steel, alloy, other than stainless, in ingots or other primary forms (excl. of tool steel, waste and scrap in ingot form and products obtained by continuous casting)",Iron & Steel,Column B,(J)(1),1.18
72241090,"Steel, alloy, other than stainless, in ingots or other primary forms (excl. of tool steel, waste and scrap in ingot form and products obtained by continuous casting)",Iron & Steel,Column B,(F)(2),1.64
72241090,"Steel, alloy, other than stainless, in ingots or other primary forms (excl. of tool steel, waste and scrap in ingot form and products obtained by continuous casting)",Iron & Steel,Column B,(G)(2),0.96899999999999997
72241090,"Steel, alloy, other than stainless, in ingots or other primary forms (excl. of tool steel, waste and scrap in ingot form and products obtained by continuous casting)",Iron & Steel,Column B,(H)(2),0.628
72241090,"Steel, alloy, other than stainless, in ingots or other primary forms (excl. of tool steel, waste and scrap in ingot form and products obtained by continuous casting)",Iron & Steel,Column B,(J)(2),1.1479999999999999
72249002,Semi-finished products of tool steel,Iron & Steel,Column A,(F),0.223
72249002,Semi-finished products of tool steel,Iron & Steel,Column B,(F)(1),1.577
72249002,Semi-finished products of tool steel,Iron & Steel,Column A,(G),0.1
72249002,Semi-finished products of tool steel,Iron & Steel,Column B,(G)(1),0.752
72249002,Semi-finished products of tool steel,Iron & Steel,Column A,(H),0.1
72249002,Semi-finished products of tool steel,Iron & Steel,Column B,(H)(1),0.41
72249002,Semi-finished products of tool steel,Iron & Steel,Column A,(J),0.128
72249002,Semi-finished products of tool steel,Iron & Steel,Column B,(J)(1),0.95
72249002,Semi-finished products of tool steel,Iron & Steel,Column B,(F)(2),1.409
72249002,Semi-finished products of tool steel,Iron & Steel,Column B,(G)(2),0.73899999999999999
72249002,Semi-finished products of tool steel,Iron & Steel,Column B,(H)(2),0.39700000000000002
72249002,Semi-finished products of tool steel,Iron & Steel,Column B,(J)(2),0.91800000000000004
72249003,"Semi-finished products of high-speed steel, of square or rectangular cross-section, hot-rolled or obtained by continuous casting the width measuring < twice the thickness",Iron & Steel,Column A,(F),0.223
72249003,"Semi-finished products of high-speed steel, of square or rectangular cross-section, hot-rolled or obtained by continuous casting the width measuring < twice the thickness",Iron & Steel,Column B,(F)(1),1.577
72249003,"Semi-finished products of high-speed steel, of square or rectangular cross-section, hot-rolled or obtained by continuous casting the width measuring < twice the thickness",Iron & Steel,Column A,(G),0.1
72249003,"Semi-finished products of high-speed steel, of square or rectangular cross-section, hot-rolled or obtained by continuous casting the width measuring < twice the thickness",Iron & Steel,Column B,(G)(1),0.752
72249003,"Semi-finished products of high-speed steel, of square or rectangular cross-section, hot-rolled or obtained by continuous casting the width measuring < twice the thickness",Iron & Steel,Column A,(H),0.1
72249003,"Semi-finished products of high-speed steel, of square or rectangular cross-section, hot-rolled or obtained by continuous casting the width measuring < twice the thickness",Iron & Steel,Column B,(H)(1),0.41
72249003,"Semi-finished products of high-speed steel, of square or rectangular cross-section, hot-rolled or obtained by continuous casting the width measuring < twice the thickness",Iron & Steel,Column A,(J),0.128
72249003,"Semi-finished products of high-speed steel, of square or rectangular cross-section, hot-rolled or obtained by continuous casting the width measuring < twice the thickness",Iron & Steel,Column B,(J)(1),0.95
72249003,"Semi-finished products of high-speed steel, of square or rectangular cross-section, hot-rolled or obtained by continuous casting the width measuring < twice the thickness",Iron & Steel,Column B,(F)(2),1.409
72249003,"Semi-finished products of high-speed steel, of square or rectangular cross-section, hot-rolled or obtained by continuous casting the width measuring < twice the thickness",Iron & Steel,Column B,(G)(2),0.73899999999999999
72249003,"Semi-finished products of high-speed steel, of square or rectangular cross-section, hot-rolled or obtained by continuous casting the width measuring < twice the thickness",Iron & Steel,Column B,(H)(2),0.39700000000000002
72249003,"Semi-finished products of high-speed steel, of square or rectangular cross-section, hot-rolled or obtained by continuous casting the width measuring < twice the thickness",Iron & Steel,Column B,(J)(2),0.91800000000000004
72249005,"Semi-finished products of steel containing by weight <= 0,7% of carbon, 0,5% to 1,2% of manganese, 0,6% to 2,3% of silicon, or of steel containing by weight >= 0,0008% of boron with any other element < the minimum content referred to in Note 1 f to chapter 72, of square or rectangular cross-section, hot rolled or obtained by continuous casting, the width measuring < twice the thickness",Iron & Steel,Column A,(F),0.223
72249005,"Semi-finished products of steel containing by weight <= 0,7% of carbon, 0,5% to 1,2% of manganese, 0,6% to 2,3% of silicon, or of steel containing by weight >= 0,0008% of boron with any other element < the minimum content referred to in Note 1 f to chapter 72, of square or rectangular cross-section, hot rolled or obtained by continuous casting, the width measuring < twice the thickness",Iron & Steel,Column B,(F)(1),1.577
72249005,"Semi-finished products of steel containing by weight <= 0,7% of carbon, 0,5% to 1,2% of manganese, 0,6% to 2,3% of silicon, or of steel containing by weight >= 0,0008% of boron with any other element < the minimum content referred to in Note 1 f to chapter 72, of square or rectangular cross-section, hot rolled or obtained by continuous casting, the width measuring < twice the thickness",Iron & Steel,Column A,(G),0.1
72249005,"Semi-finished products of steel containing by weight <= 0,7% of carbon, 0,5% to 1,2% of manganese, 0,6% to 2,3% of silicon, or of steel containing by weight >= 0,0008% of boron with any other element < the minimum content referred to in Note 1 f to chapter 72, of square or rectangular cross-section, hot rolled or obtained by continuous casting, the width measuring < twice the thickness",Iron & Steel,Column B,(G)(1),0.752
72249005,"Semi-finished products of steel containing by weight <= 0,7% of carbon, 0,5% to 1,2% of manganese, 0,6% to 2,3% of silicon, or of steel containing by weight >= 0,0008% of boron with any other element < the minimum content referred to in Note 1 f to chapter 72, of square or rectangular cross-section, hot rolled or obtained by continuous casting, the width measuring < twice the thickness",Iron & Steel,Column A,(H),0.1
72249005,"Semi-finished products of steel containing by weight <= 0,7% of carbon, 0,5% to 1,2% of manganese, 0,6% to 2,3% of silicon, or of steel containing by weight >= 0,0008% of boron with any other element < the minimum content referred to in Note 1 f to chapter 72, of square or rectangular cross-section, hot rolled or obtained by continuous casting, the width measuring < twice the thickness",Iron & Steel,Column B,(H)(1),0.41
72249005,"Semi-finished products of steel containing by weight <= 0,7% of carbon, 0,5% to 1,2% of manganese, 0,6% to 2,3% of silicon, or of steel containing by weight >= 0,0008% of boron with any other element < the minimum content referred to in Note 1 f to chapter 72, of square or rectangular cross-section, hot rolled or obtained by continuous casting, the width measuring < twice the thickness",Iron & Steel,Column A,(J),0.128
72249005,"Semi-finished products of steel containing by weight <= 0,7% of carbon, 0,5% to 1,2% of manganese, 0,6% to 2,3% of silicon, or of steel containing by weight >= 0,0008% of boron with any other element < the minimum content referred to in Note 1 f to chapter 72, of square or rectangular cross-section, hot rolled or obtained by continuous casting, the width measuring < twice the thickness",Iron & Steel,Column B,(J)(1),0.95
72249005,"Semi-finished products of steel containing by weight <= 0,7% of carbon, 0,5% to 1,2% of manganese, 0,6% to 2,3% of silicon, or of steel containing by weight >= 0,0008% of boron with any other element < the minimum content referred to in Note 1 f to chapter 72, of square or rectangular cross-section, hot rolled or obtained by continuous casting, the width measuring < twice the thickness",Iron & Steel,Column B,(F)(2),1.409
72249005,"Semi-finished products of steel containing by weight <= 0,7% of carbon, 0,5% to 1,2% of manganese, 0,6% to 2,3% of silicon, or of steel containing by weight >= 0,0008% of boron with any other element < the minimum content referred to in Note 1 f to chapter 72, of square or rectangular cross-section, hot rolled or obtained by continuous casting, the width measuring < twice the thickness",Iron & Steel,Column B,(G)(2),0.73899999999999999
72249005,"Semi-finished products of steel containing by weight <= 0,7% of carbon, 0,5% to 1,2% of manganese, 0,6% to 2,3% of silicon, or of steel containing by weight >= 0,0008% of boron with any other element < the minimum content referred to in Note 1 f to chapter 72, of square or rectangular cross-section, hot rolled or obtained by continuous casting, the width measuring < twice the thickness",Iron & Steel,Column B,(H)(2),0.39700000000000002
72249005,"Semi-finished products of steel containing by weight <= 0,7% of carbon, 0,5% to 1,2% of manganese, 0,6% to 2,3% of silicon, or of steel containing by weight >= 0,0008% of boron with any other element < the minimum content referred to in Note 1 f to chapter 72, of square or rectangular cross-section, hot rolled or obtained by continuous casting, the width measuring < twice the thickness",Iron & Steel,Column B,(J)(2),0.91800000000000004
72249007,"Semi-finished products of alloy steel other than stainless steel, of square or rectangular cross-section, hot-rolled or obtained by continuous casting, the width measuring < twice the thickness (excl. of tool steel, high-speed steel and articles of subheading 7224.90.05)",Iron & Steel,Column A,(F),0.223
72249007,"Semi-finished products of alloy steel other than stainless steel, of square or rectangular cross-section, hot-rolled or obtained by continuous casting, the width measuring < twice the thickness (excl. of tool steel, high-speed steel and articles of subheading 7224.90.05)",Iron & Steel,Column B,(F)(1),1.577
72249007,"Semi-finished products of alloy steel other than stainless steel, of square or rectangular cross-section, hot-rolled or obtained by continuous casting, the width measuring < twice the thickness (excl. of tool steel, high-speed steel and articles of subheading 7224.90.05)",Iron & Steel,Column A,(G),0.1
72249007,"Semi-finished products of alloy steel other than stainless steel, of square or rectangular cross-section, hot-rolled or obtained by continuous casting, the width measuring < twice the thickness (excl. of tool steel, high-speed steel and articles of subheading 7224.90.05)",Iron & Steel,Column B,(G)(1),0.752
72249007,"Semi-finished products of alloy steel other than stainless steel, of square or rectangular cross-section, hot-rolled or obtained by continuous casting, the width measuring < twice the thickness (excl. of tool steel, high-speed steel and articles of subheading 7224.90.05)",Iron & Steel,Column A,(H),0.1
72249007,"Semi-finished products of alloy steel other than stainless steel, of square or rectangular cross-section, hot-rolled or obtained by continuous casting, the width measuring < twice the thickness (excl. of tool steel, high-speed steel and articles of subheading 7224.90.05)",Iron & Steel,Column B,(H)(1),0.41
72249007,"Semi-finished products of alloy steel other than stainless steel, of square or rectangular cross-section, hot-rolled or obtained by continuous casting, the width measuring < twice the thickness (excl. of tool steel, high-speed steel and articles of subheading 7224.90.05)",Iron & Steel,Column A,(J),0.128
72249007,"Semi-finished products of alloy steel other than stainless steel, of square or rectangular cross-section, hot-rolled or obtained by continuous casting, the width measuring < twice the thickness (excl. of tool steel, high-speed steel and articles of subheading 7224.90.05)",Iron & Steel,Column B,(J)(1),0.95
72249007,"Semi-finished products of alloy steel other than stainless steel, of square or rectangular cross-section, hot-rolled or obtained by continuous casting, the width measuring < twice the thickness (excl. of tool steel, high-speed steel and articles of subheading 7224.90.05)",Iron & Steel,Column B,(F)(2),1.409
72249007,"Semi-finished products of alloy steel other than stainless steel, of square or rectangular cross-section, hot-rolled or obtained by continuous casting, the width measuring < twice the thickness (excl. of tool steel, high-speed steel and articles of subheading 7224.90.05)",Iron & Steel,Column B,(G)(2),0.73899999999999999
72249007,"Semi-finished products of alloy steel other than stainless steel, of square or rectangular cross-section, hot-rolled or obtained by continuous casting, the width measuring < twice the thickness (excl. of tool steel, high-speed steel and articles of subheading 7224.90.05)",Iron & Steel,Column B,(H)(2),0.39700000000000002
72249007,"Semi-finished products of alloy steel other than stainless steel, of square or rectangular cross-section, hot-rolled or obtained by continuous casting, the width measuring < twice the thickness (excl. of tool steel, high-speed steel and articles of subheading 7224.90.05)",Iron & Steel,Column B,(J)(2),0.91800000000000004
72249014,"Semi-finished products of alloy steel other than stainless steel, of square or rectangular cross-section, hot-rolled or obtained by continuous casting, the width measuring >= twice the thickness (excl. of tool steel)",Iron & Steel,Column A,(F),0.223
72249014,"Semi-finished products of alloy steel other than stainless steel, of square or rectangular cross-section, hot-rolled or obtained by continuous casting, the width measuring >= twice the thickness (excl. of tool steel)",Iron & Steel,Column B,(F)(1),1.577
72249014,"Semi-finished products of alloy steel other than stainless steel, of square or rectangular cross-section, hot-rolled or obtained by continuous casting, the width measuring >= twice the thickness (excl. of tool steel)",Iron & Steel,Column A,(G),0.1
72249014,"Semi-finished products of alloy steel other than stainless steel, of square or rectangular cross-section, hot-rolled or obtained by continuous casting, the width measuring >= twice the thickness (excl. of tool steel)",Iron & Steel,Column B,(G)(1),0.752
72249014,"Semi-finished products of alloy steel other than stainless steel, of square or rectangular cross-section, hot-rolled or obtained by continuous casting, the width measuring >= twice the thickness (excl. of tool steel)",Iron & Steel,Column A,(H),0.1
72249014,"Semi-finished products of alloy steel other than stainless steel, of square or rectangular cross-section, hot-rolled or obtained by continuous casting, the width measuring >= twice the thickness (excl. of tool steel)",Iron & Steel,Column B,(H)(1),0.41
72249014,"Semi-finished products of alloy steel other than stainless steel, of square or rectangular cross-section, hot-rolled or obtained by continuous casting, the width measuring >= twice the thickness (excl. of tool steel)",Iron & Steel,Column A,(J),0.128
72249014,"Semi-finished products of alloy steel other than stainless steel, of square or rectangular cross-section, hot-rolled or obtained by continuous casting, the width measuring >= twice the thickness (excl. of tool steel)",Iron & Steel,Column B,(J)(1),0.95
72249014,"Semi-finished products of alloy steel other than stainless steel, of square or rectangular cross-section, hot-rolled or obtained by continuous casting, the width measuring >= twice the thickness (excl. of tool steel)",Iron & Steel,Column B,(F)(2),1.409
72249014,"Semi-finished products of alloy steel other than stainless steel, of square or rectangular cross-section, hot-rolled or obtained by continuous casting, the width measuring >= twice the thickness (excl. of tool steel)",Iron & Steel,Column B,(G)(2),0.73899999999999999
72249014,"Semi-finished products of alloy steel other than stainless steel, of square or rectangular cross-section, hot-rolled or obtained by continuous casting, the width measuring >= twice the thickness (excl. of tool steel)",Iron & Steel,Column B,(H)(2),0.39700000000000002
72249014,"Semi-finished products of alloy steel other than stainless steel, of square or rectangular cross-section, hot-rolled or obtained by continuous casting, the width measuring >= twice the thickness (excl. of tool steel)",Iron & Steel,Column B,(J)(2),0.91800000000000004
72249018,"Semi-finished products of alloy steel other than stainless steel, of square or rectangular cross-section, forged (excl. of tool steel)",Iron & Steel,Column A,(F),0.45300000000000001
72249018,"Semi-finished products of alloy steel other than stainless steel, of square or rectangular cross-section, forged (excl. of tool steel)",Iron & Steel,Column B,(F)(1),1.8069999999999999
72249018,"Semi-finished products of alloy steel other than stainless steel, of square or rectangular cross-section, forged (excl. of tool steel)",Iron & Steel,Column A,(G),0.33
72249018,"Semi-finished products of alloy steel other than stainless steel, of square or rectangular cross-section, forged (excl. of tool steel)",Iron & Steel,Column B,(G)(1),0.98199999999999998
72249018,"Semi-finished products of alloy steel other than stainless steel, of square or rectangular cross-section, forged (excl. of tool steel)",Iron & Steel,Column A,(H),0.33
72249018,"Semi-finished products of alloy steel other than stainless steel, of square or rectangular cross-section, forged (excl. of tool steel)",Iron & Steel,Column B,(H)(1),0.64
72249018,"Semi-finished products of alloy steel other than stainless steel, of square or rectangular cross-section, forged (excl. of tool steel)",Iron & Steel,Column A,(J),0.35799999999999998
72249018,"Semi-finished products of alloy steel other than stainless steel, of square or rectangular cross-section, forged (excl. of tool steel)",Iron & Steel,Column B,(J)(1),1.18
72249018,"Semi-finished products of alloy steel other than stainless steel, of square or rectangular cross-section, forged (excl. of tool steel)",Iron & Steel,Column B,(F)(2),1.64
72249018,"Semi-finished products of alloy steel other than stainless steel, of square or rectangular cross-section, forged (excl. of tool steel)",Iron & Steel,Column B,(G)(2),0.96899999999999997
72249018,"Semi-finished products of alloy steel other than stainless steel, of square or rectangular cross-section, forged (excl. of tool steel)",Iron & Steel,Column B,(H)(2),0.628
72249018,"Semi-finished products of alloy steel other than stainless steel, of square or rectangular cross-section, forged (excl. of tool steel)",Iron & Steel,Column B,(J)(2),1.1479999999999999
72249031,"Semi-finished products of steel containing by weight 0,9% to 1,15% carbon, 0,5% to 2% of chromium and, if present, <= 0,5% of molybdenum, cut into shapes other than square or rectangular, hot-rolled or obtained by continuous casting",Iron & Steel,Column A,(F),0.223
72249031,"Semi-finished products of steel containing by weight 0,9% to 1,15% carbon, 0,5% to 2% of chromium and, if present, <= 0,5% of molybdenum, cut into shapes other than square or rectangular, hot-rolled or obtained by continuous casting",Iron & Steel,Column B,(F)(1),1.577
72249031,"Semi-finished products of steel containing by weight 0,9% to 1,15% carbon, 0,5% to 2% of chromium and, if present, <= 0,5% of molybdenum, cut into shapes other than square or rectangular, hot-rolled or obtained by continuous casting",Iron & Steel,Column A,(G),0.1
72249031,"Semi-finished products of steel containing by weight 0,9% to 1,15% carbon, 0,5% to 2% of chromium and, if present, <= 0,5% of molybdenum, cut into shapes other than square or rectangular, hot-rolled or obtained by continuous casting",Iron & Steel,Column B,(G)(1),0.752
72249031,"Semi-finished products of steel containing by weight 0,9% to 1,15% carbon, 0,5% to 2% of chromium and, if present, <= 0,5% of molybdenum, cut into shapes other than square or rectangular, hot-rolled or obtained by continuous casting",Iron & Steel,Column A,(H),0.1
72249031,"Semi-finished products of steel containing by weight 0,9% to 1,15% carbon, 0,5% to 2% of chromium and, if present, <= 0,5% of molybdenum, cut into shapes other than square or rectangular, hot-rolled or obtained by continuous casting",Iron & Steel,Column B,(H)(1),0.41
72249031,"Semi-finished products of steel containing by weight 0,9% to 1,15% carbon, 0,5% to 2% of chromium and, if present, <= 0,5% of molybdenum, cut into shapes other than square or rectangular, hot-rolled or obtained by continuous casting",Iron & Steel,Column A,(J),0.128
72249031,"Semi-finished products of steel containing by weight 0,9% to 1,15% carbon, 0,5% to 2% of chromium and, if present, <= 0,5% of molybdenum, cut into shapes other than square or rectangular, hot-rolled or obtained by continuous casting",Iron & Steel,Column B,(J)(1),0.95
72249031,"Semi-finished products of steel containing by weight 0,9% to 1,15% carbon, 0,5% to 2% of chromium and, if present, <= 0,5% of molybdenum, cut into shapes other than square or rectangular, hot-rolled or obtained by continuous casting",Iron & Steel,Column B,(F)(2),1.409
72249031,"Semi-finished products of steel containing by weight 0,9% to 1,15% carbon, 0,5% to 2% of chromium and, if present, <= 0,5% of molybdenum, cut into shapes other than square or rectangular, hot-rolled or obtained by continuous casting",Iron & Steel,Column B,(G)(2),0.73899999999999999
72249031,"Semi-finished products of steel containing by weight 0,9% to 1,15% carbon, 0,5% to 2% of chromium and, if present, <= 0,5% of molybdenum, cut into shapes other than square or rectangular, hot-rolled or obtained by continuous casting",Iron & Steel,Column B,(H)(2),0.39700000000000002
72249031,"Semi-finished products of steel containing by weight 0,9% to 1,15% carbon, 0,5% to 2% of chromium and, if present, <= 0,5% of molybdenum, cut into shapes other than square or rectangular, hot-rolled or obtained by continuous casting",Iron & Steel,Column B,(J)(2),0.91800000000000004
72249038,"Semi-finished products of alloy steel, other than stainless steel, cut into shapes other than square or rectangular, hot-rolled or obtained by continuous casting (excl. of tool steel and products containing by weight 0,9% to 1,15% of carbon, 0,5% to 2% of chromium and, if present, <= 0,5% of molybdenum)",Iron & Steel,Column A,(F),0.223
72249038,"Semi-finished products of alloy steel, other than stainless steel, cut into shapes other than square or rectangular, hot-rolled or obtained by continuous casting (excl. of tool steel and products containing by weight 0,9% to 1,15% of carbon, 0,5% to 2% of chromium and, if present, <= 0,5% of molybdenum)",Iron & Steel,Column B,(F)(1),1.577
72249038,"Semi-finished products of alloy steel, other than stainless steel, cut into shapes other than square or rectangular, hot-rolled or obtained by continuous casting (excl. of tool steel and products containing by weight 0,9% to 1,15% of carbon, 0,5% to 2% of chromium and, if present, <= 0,5% of molybdenum)",Iron & Steel,Column A,(G),0.1
72249038,"Semi-finished products of alloy steel, other than stainless steel, cut into shapes other than square or rectangular, hot-rolled or obtained by continuous casting (excl. of tool steel and products containing by weight 0,9% to 1,15% of carbon, 0,5% to 2% of chromium and, if present, <= 0,5% of molybdenum)",Iron & Steel,Column B,(G)(1),0.752
72249038,"Semi-finished products of alloy steel, other than stainless steel, cut into shapes other than square or rectangular, hot-rolled or obtained by continuous casting (excl. of tool steel and products containing by weight 0,9% to 1,15% of carbon, 0,5% to 2% of chromium and, if present, <= 0,5% of molybdenum)",Iron & Steel,Column A,(H),0.1
72249038,"Semi-finished products of alloy steel, other than stainless steel, cut into shapes other than square or rectangular, hot-rolled or obtained by continuous casting (excl. of tool steel and products containing by weight 0,9% to 1,15% of carbon, 0,5% to 2% of chromium and, if present, <= 0,5% of molybdenum)",Iron & Steel,Column B,(H)(1),0.41
72249038,"Semi-finished products of alloy steel, other than stainless steel, cut into shapes other than square or rectangular, hot-rolled or obtained by continuous casting (excl. of tool steel and products containing by weight 0,9% to 1,15% of carbon, 0,5% to 2% of chromium and, if present, <= 0,5% of molybdenum)",Iron & Steel,Column A,(J),0.128
72249038,"Semi-finished products of alloy steel, other than stainless steel, cut into shapes other than square or rectangular, hot-rolled or obtained by continuous casting (excl. of tool steel and products containing by weight 0,9% to 1,15% of carbon, 0,5% to 2% of chromium and, if present, <= 0,5% of molybdenum)",Iron & Steel,Column B,(J)(1),0.95
72249038,"Semi-finished products of alloy steel, other than stainless steel, cut into shapes other than square or rectangular, hot-rolled or obtained by continuous casting (excl. of tool steel and products containing by weight 0,9% to 1,15% of carbon, 0,5% to 2% of chromium and, if present, <= 0,5% of molybdenum)",Iron & Steel,Column B,(F)(2),1.409
72249038,"Semi-finished products of alloy steel, other than stainless steel, cut into shapes other than square or rectangular, hot-rolled or obtained by continuous casting (excl. of tool steel and products containing by weight 0,9% to 1,15% of carbon, 0,5% to 2% of chromium and, if present, <= 0,5% of molybdenum)",Iron & Steel,Column B,(G)(2),0.73899999999999999
72249038,"Semi-finished products of alloy steel, other than stainless steel, cut into shapes other than square or rectangular, hot-rolled or obtained by continuous casting (excl. of tool steel and products containing by weight 0,9% to 1,15% of carbon, 0,5% to 2% of chromium and, if present, <= 0,5% of molybdenum)",Iron & Steel,Column B,(H)(2),0.39700000000000002
72249038,"Semi-finished products of alloy steel, other than stainless steel, cut into shapes other than square or rectangular, hot-rolled or obtained by continuous casting (excl. of tool steel and products containing by weight 0,9% to 1,15% of carbon, 0,5% to 2% of chromium and, if present, <= 0,5% of molybdenum)",Iron & Steel,Column B,(J)(2),0.91800000000000004
72249090,"Semi-finished products of alloy steel, other than stainless steel, forged (excl. of tool steel and products of square or rectangular, circular or polygamol cross-section)",Iron & Steel,Column A,(F),0.45300000000000001
72249090,"Semi-finished products of alloy steel, other than stainless steel, forged (excl. of tool steel and products of square or rectangular, circular or polygamol cross-section)",Iron & Steel,Column B,(F)(1),1.8069999999999999
72249090,"Semi-finished products of alloy steel, other than stainless steel, forged (excl. of tool steel and products of square or rectangular, circular or polygamol cross-section)",Iron & Steel,Column A,(G),0.33
72249090,"Semi-finished products of alloy steel, other than stainless steel, forged (excl. of tool steel and products of square or rectangular, circular or polygamol cross-section)",Iron & Steel,Column B,(G)(1),0.98199999999999998
72249090,"Semi-finished products of alloy steel, other than stainless steel, forged (excl. of tool steel and products of square or rectangular, circular or polygamol cross-section)",Iron & Steel,Column A,(H),0.33
72249090,"Semi-finished products of alloy steel, other than stainless steel, forged (excl. of tool steel and products of square or rectangular, circular or polygamol cross-section)",Iron & Steel,Column B,(H)(1),0.64
72249090,"Semi-finished products of alloy steel, other than stainless steel, forged (excl. of tool steel and products of square or rectangular, circular or polygamol cross-section)",Iron & Steel,Column A,(J),0.35799999999999998
72249090,"Semi-finished products of alloy steel, other than stainless steel, forged (excl. of tool steel and products of square or rectangular, circular or polygamol cross-section)",Iron & Steel,Column B,(J)(1),1.18
72249090,"Semi-finished products of alloy steel, other than stainless steel, forged (excl. of tool steel and products of square or rectangular, circular or polygamol cross-section)",Iron & Steel,Column B,(F)(2),1.64
72249090,"Semi-finished products of alloy steel, other than stainless steel, forged (excl. of tool steel and products of square or rectangular, circular or polygamol cross-section)",Iron & Steel,Column B,(G)(2),0.96899999999999997
72249090,"Semi-finished products of alloy steel, other than stainless steel, forged (excl. of tool steel and products of square or rectangular, circular or polygamol cross-section)",Iron & Steel,Column B,(H)(2),0.628
72249090,"Semi-finished products of alloy steel, other than stainless steel, forged (excl. of tool steel and products of square or rectangular, circular or polygamol cross-section)",Iron & Steel,Column B,(J)(2),1.1479999999999999
72251100,"Flat-rolled products of silicon-electrical steel, of a width of >= 600 mm, grain-oriented",Iron & Steel,Column A,,0.072999999999999995
72251100,"Flat-rolled products of silicon-electrical steel, of a width of >= 600 mm, grain-oriented",Iron & Steel,Column B,(C),1.7789999999999999
72251100,"Flat-rolled products of silicon-electrical steel, of a width of >= 600 mm, grain-oriented",Iron & Steel,Column B,(D),0.63500000000000001
72251100,"Flat-rolled products of silicon-electrical steel, of a width of >= 600 mm, grain-oriented",Iron & Steel,Column B,(E),0.109
72251910,"Flat-rolled products of silicon-electrical steel, of a width of >= 600 mm, hot-rolled",Iron & Steel,Column A,,0.072999999999999995
72251910,"Flat-rolled products of silicon-electrical steel, of a width of >= 600 mm, hot-rolled",Iron & Steel,Column B,(C),1.399
72251910,"Flat-rolled products of silicon-electrical steel, of a width of >= 600 mm, hot-rolled",Iron & Steel,Column B,(D),0.51
72251910,"Flat-rolled products of silicon-electrical steel, of a width of >= 600 mm, hot-rolled",Iron & Steel,Column B,(E),0.10100000000000001
72251990,"Flat-rolled products of silicon-electrical steel, of a width of >= 600 mm, cold-rolled ""cold-reduced"", non-grain-oriented",Iron & Steel,Column A,,0.109
72251990,"Flat-rolled products of silicon-electrical steel, of a width of >= 600 mm, cold-rolled ""cold-reduced"", non-grain-oriented",Iron & Steel,Column B,(C),1.488
72251990,"Flat-rolled products of silicon-electrical steel, of a width of >= 600 mm, cold-rolled ""cold-reduced"", non-grain-oriented",Iron & Steel,Column B,(D),0.56299999999999994
72251990,"Flat-rolled products of silicon-electrical steel, of a width of >= 600 mm, cold-rolled ""cold-reduced"", non-grain-oriented",Iron & Steel,Column B,(E),0.13800000000000001
72253010,"Flat-rolled products of tool steel, of a width of >= 600 mm, not further worked than hot-rolled, in coils",Iron & Steel,Column A,,0.072999999999999995
72253010,"Flat-rolled products of tool steel, of a width of >= 600 mm, not further worked than hot-rolled, in coils",Iron & Steel,Column B,(F)(1),1.577
72253010,"Flat-rolled products of tool steel, of a width of >= 600 mm, not further worked than hot-rolled, in coils",Iron & Steel,Column B,(G)(1),0.752
72253010,"Flat-rolled products of tool steel, of a width of >= 600 mm, not further worked than hot-rolled, in coils",Iron & Steel,Column B,(H)(1),0.41
72253010,"Flat-rolled products of tool steel, of a width of >= 600 mm, not further worked than hot-rolled, in coils",Iron & Steel,Column B,(J)(1),0.95
72253010,"Flat-rolled products of tool steel, of a width of >= 600 mm, not further worked than hot-rolled, in coils",Iron & Steel,Column B,(F)(2),1.409
72253010,"Flat-rolled products of tool steel, of a width of >= 600 mm, not further worked than hot-rolled, in coils",Iron & Steel,Column B,(G)(2),0.73899999999999999
72253010,"Flat-rolled products of tool steel, of a width of >= 600 mm, not further worked than hot-rolled, in coils",Iron & Steel,Column B,(H)(2),0.39700000000000002
72253010,"Flat-rolled products of tool steel, of a width of >= 600 mm, not further worked than hot-rolled, in coils",Iron & Steel,Column B,(J)(2),0.91800000000000004
72253030,"Flat-rolled products of high-speed steel, of a width of >= 600 mm, not further worked than hot-rolled, in coils",Iron & Steel,Column A,,0.072999999999999995
72253030,"Flat-rolled products of high-speed steel, of a width of >= 600 mm, not further worked than hot-rolled, in coils",Iron & Steel,Column B,(F)(1),1.577
72253030,"Flat-rolled products of high-speed steel, of a width of >= 600 mm, not further worked than hot-rolled, in coils",Iron & Steel,Column B,(G)(1),0.752
72253030,"Flat-rolled products of high-speed steel, of a width of >= 600 mm, not further worked than hot-rolled, in coils",Iron & Steel,Column B,(H)(1),0.41
72253030,"Flat-rolled products of high-speed steel, of a width of >= 600 mm, not further worked than hot-rolled, in coils",Iron & Steel,Column B,(J)(1),0.95
72253030,"Flat-rolled products of high-speed steel, of a width of >= 600 mm, not further worked than hot-rolled, in coils",Iron & Steel,Column B,(F)(2),1.409
72253030,"Flat-rolled products of high-speed steel, of a width of >= 600 mm, not further worked than hot-rolled, in coils",Iron & Steel,Column B,(G)(2),0.73899999999999999
72253030,"Flat-rolled products of high-speed steel, of a width of >= 600 mm, not further worked than hot-rolled, in coils",Iron & Steel,Column B,(H)(2),0.39700000000000002
72253030,"Flat-rolled products of high-speed steel, of a width of >= 600 mm, not further worked than hot-rolled, in coils",Iron & Steel,Column B,(J)(2),0.91800000000000004
72253090,"Flat-rolled products of alloy steel other than stainless, of a width of >= 600 mm, not further worked than hot-rolled, in coils (excl. products of tool steel, high-speed steel or silicon-electrical steel)",Iron & Steel,Column A,,0.072999999999999995
72253090,"Flat-rolled products of alloy steel other than stainless, of a width of >= 600 mm, not further worked than hot-rolled, in coils (excl. products of tool steel, high-speed steel or silicon-electrical steel)",Iron & Steel,Column B,(F)(1),1.577
72253090,"Flat-rolled products of alloy steel other than stainless, of a width of >= 600 mm, not further worked than hot-rolled, in coils (excl. products of tool steel, high-speed steel or silicon-electrical steel)",Iron & Steel,Column B,(G)(1),0.752
72253090,"Flat-rolled products of alloy steel other than stainless, of a width of >= 600 mm, not further worked than hot-rolled, in coils (excl. products of tool steel, high-speed steel or silicon-electrical steel)",Iron & Steel,Column B,(H)(1),0.41
72253090,"Flat-rolled products of alloy steel other than stainless, of a width of >= 600 mm, not further worked than hot-rolled, in coils (excl. products of tool steel, high-speed steel or silicon-electrical steel)",Iron & Steel,Column B,(J)(1),0.95
72253090,"Flat-rolled products of alloy steel other than stainless, of a width of >= 600 mm, not further worked than hot-rolled, in coils (excl. products of tool steel, high-speed steel or silicon-electrical steel)",Iron & Steel,Column B,(F)(2),1.409
72253090,"Flat-rolled products of alloy steel other than stainless, of a width of >= 600 mm, not further worked than hot-rolled, in coils (excl. products of tool steel, high-speed steel or silicon-electrical steel)",Iron & Steel,Column B,(G)(2),0.73899999999999999
72253090,"Flat-rolled products of alloy steel other than stainless, of a width of >= 600 mm, not further worked than hot-rolled, in coils (excl. products of tool steel, high-speed steel or silicon-electrical steel)",Iron & Steel,Column B,(H)(2),0.39700000000000002
72253090,"Flat-rolled products of alloy steel other than stainless, of a width of >= 600 mm, not further worked than hot-rolled, in coils (excl. products of tool steel, high-speed steel or silicon-electrical steel)",Iron & Steel,Column B,(J)(2),0.91800000000000004
72254012,"Flat-rolled products of tool steel, of a width of >= 600 mm, not further worked than hot-rolled, not in coils",Iron & Steel,Column A,,0.072999999999999995
72254012,"Flat-rolled products of tool steel, of a width of >= 600 mm, not further worked than hot-rolled, not in coils",Iron & Steel,Column B,(F)(1),1.577
72254012,"Flat-rolled products of tool steel, of a width of >= 600 mm, not further worked than hot-rolled, not in coils",Iron & Steel,Column B,(G)(1),0.752
72254012,"Flat-rolled products of tool steel, of a width of >= 600 mm, not further worked than hot-rolled, not in coils",Iron & Steel,Column B,(H)(1),0.41
72254012,"Flat-rolled products of tool steel, of a width of >= 600 mm, not further worked than hot-rolled, not in coils",Iron & Steel,Column B,(J)(1),0.95
72254012,"Flat-rolled products of tool steel, of a width of >= 600 mm, not further worked than hot-rolled, not in coils",Iron & Steel,Column B,(F)(2),1.409
72254012,"Flat-rolled products of tool steel, of a width of >= 600 mm, not further worked than hot-rolled, not in coils",Iron & Steel,Column B,(G)(2),0.73899999999999999
72254012,"Flat-rolled products of tool steel, of a width of >= 600 mm, not further worked than hot-rolled, not in coils",Iron & Steel,Column B,(H)(2),0.39700000000000002
72254012,"Flat-rolled products of tool steel, of a width of >= 600 mm, not further worked than hot-rolled, not in coils",Iron & Steel,Column B,(J)(2),0.91800000000000004
72254015,"Flat-rolled products of high-speed steel, of a width of >= 600 mm, not further worked than hot-rolled, not in coils",Iron & Steel,Column A,,0.072999999999999995
72254015,"Flat-rolled products of high-speed steel, of a width of >= 600 mm, not further worked than hot-rolled, not in coils",Iron & Steel,Column B,(F)(1),1.577
72254015,"Flat-rolled products of high-speed steel, of a width of >= 600 mm, not further worked than hot-rolled, not in coils",Iron & Steel,Column B,(G)(1),0.752
72254015,"Flat-rolled products of high-speed steel, of a width of >= 600 mm, not further worked than hot-rolled, not in coils",Iron & Steel,Column B,(H)(1),0.41
72254015,"Flat-rolled products of high-speed steel, of a width of >= 600 mm, not further worked than hot-rolled, not in coils",Iron & Steel,Column B,(J)(1),0.95
72254015,"Flat-rolled products of high-speed steel, of a width of >= 600 mm, not further worked than hot-rolled, not in coils",Iron & Steel,Column B,(F)(2),1.409
72254015,"Flat-rolled products of high-speed steel, of a width of >= 600 mm, not further worked than hot-rolled, not in coils",Iron & Steel,Column B,(G)(2),0.73899999999999999
72254015,"Flat-rolled products of high-speed steel, of a width of >= 600 mm, not further worked than hot-rolled, not in coils",Iron & Steel,Column B,(H)(2),0.39700000000000002
72254015,"Flat-rolled products of high-speed steel, of a width of >= 600 mm, not further worked than hot-rolled, not in coils",Iron & Steel,Column B,(J)(2),0.91800000000000004
72254040,"Flat-rolled products of alloy steel other than stainless, of a width of >= 600 mm, not further worked than hot-rolled, not in coils, of a thickness of > 10 mm (excl. products of tool steel, high-speed steel or silicon-electrical steel)",Iron & Steel,Column A,,0.072999999999999995
72254040,"Flat-rolled products of alloy steel other than stainless, of a width of >= 600 mm, not further worked than hot-rolled, not in coils, of a thickness of > 10 mm (excl. products of tool steel, high-speed steel or silicon-electrical steel)",Iron & Steel,Column B,(F)(1),1.577
72254040,"Flat-rolled products of alloy steel other than stainless, of a width of >= 600 mm, not further worked than hot-rolled, not in coils, of a thickness of > 10 mm (excl. products of tool steel, high-speed steel or silicon-electrical steel)",Iron & Steel,Column B,(G)(1),0.752
72254040,"Flat-rolled products of alloy steel other than stainless, of a width of >= 600 mm, not further worked than hot-rolled, not in coils, of a thickness of > 10 mm (excl. products of tool steel, high-speed steel or silicon-electrical steel)",Iron & Steel,Column B,(H)(1),0.41
72254040,"Flat-rolled products of alloy steel other than stainless, of a width of >= 600 mm, not further worked than hot-rolled, not in coils, of a thickness of > 10 mm (excl. products of tool steel, high-speed steel or silicon-electrical steel)",Iron & Steel,Column B,(J)(1),0.95
72254040,"Flat-rolled products of alloy steel other than stainless, of a width of >= 600 mm, not further worked than hot-rolled, not in coils, of a thickness of > 10 mm (excl. products of tool steel, high-speed steel or silicon-electrical steel)",Iron & Steel,Column B,(F)(2),1.409
72254040,"Flat-rolled products of alloy steel other than stainless, of a width of >= 600 mm, not further worked than hot-rolled, not in coils, of a thickness of > 10 mm (excl. products of tool steel, high-speed steel or silicon-electrical steel)",Iron & Steel,Column B,(G)(2),0.73899999999999999
72254040,"Flat-rolled products of alloy steel other than stainless, of a width of >= 600 mm, not further worked than hot-rolled, not in coils, of a thickness of > 10 mm (excl. products of tool steel, high-speed steel or silicon-electrical steel)",Iron & Steel,Column B,(H)(2),0.39700000000000002
72254040,"Flat-rolled products of alloy steel other than stainless, of a width of >= 600 mm, not further worked than hot-rolled, not in coils, of a thickness of > 10 mm (excl. products of tool steel, high-speed steel or silicon-electrical steel)",Iron & Steel,Column B,(J)(2),0.91800000000000004
72254060,"Flat-rolled products of alloy steel other than stainless, of a width of >= 600 mm, not further worked than hot-rolled, not in coils, of a thickness of >= 4,75 mm but <= 10 mm (excl. products of tool steel, high-speed steel or silicon-electrical steel)",Iron & Steel,Column A,,0.072999999999999995
72254060,"Flat-rolled products of alloy steel other than stainless, of a width of >= 600 mm, not further worked than hot-rolled, not in coils, of a thickness of >= 4,75 mm but <= 10 mm (excl. products of tool steel, high-speed steel or silicon-electrical steel)",Iron & Steel,Column B,(F)(1),1.577
72254060,"Flat-rolled products of alloy steel other than stainless, of a width of >= 600 mm, not further worked than hot-rolled, not in coils, of a thickness of >= 4,75 mm but <= 10 mm (excl. products of tool steel, high-speed steel or silicon-electrical steel)",Iron & Steel,Column B,(G)(1),0.752
72254060,"Flat-rolled products of alloy steel other than stainless, of a width of >= 600 mm, not further worked than hot-rolled, not in coils, of a thickness of >= 4,75 mm but <= 10 mm (excl. products of tool steel, high-speed steel or silicon-electrical steel)",Iron & Steel,Column B,(H)(1),0.41
72254060,"Flat-rolled products of alloy steel other than stainless, of a width of >= 600 mm, not further worked than hot-rolled, not in coils, of a thickness of >= 4,75 mm but <= 10 mm (excl. products of tool steel, high-speed steel or silicon-electrical steel)",Iron & Steel,Column B,(J)(1),0.95
72254060,"Flat-rolled products of alloy steel other than stainless, of a width of >= 600 mm, not further worked than hot-rolled, not in coils, of a thickness of >= 4,75 mm but <= 10 mm (excl. products of tool steel, high-speed steel or silicon-electrical steel)",Iron & Steel,Column B,(F)(2),1.409
72254060,"Flat-rolled products of alloy steel other than stainless, of a width of >= 600 mm, not further worked than hot-rolled, not in coils, of a thickness of >= 4,75 mm but <= 10 mm (excl. products of tool steel, high-speed steel or silicon-electrical steel)",Iron & Steel,Column B,(G)(2),0.73899999999999999
72254060,"Flat-rolled products of alloy steel other than stainless, of a width of >= 600 mm, not further worked than hot-rolled, not in coils, of a thickness of >= 4,75 mm but <= 10 mm (excl. products of tool steel, high-speed steel or silicon-electrical steel)",Iron & Steel,Column B,(H)(2),0.39700000000000002
72254060,"Flat-rolled products of alloy steel other than stainless, of a width of >= 600 mm, not further worked than hot-rolled, not in coils, of a thickness of >= 4,75 mm but <= 10 mm (excl. products of tool steel, high-speed steel or silicon-electrical steel)",Iron & Steel,Column B,(J)(2),0.91800000000000004
72254090,"Flat-rolled products of alloy steel other than stainless, of a width of >= 600 mm, not further worked than hot-rolled, not in coils, of a thickness of < 4,75 mm (excl. products of tool steel, high-speed steel or silicon-electrical steel)",Iron & Steel,Column A,,0.072999999999999995
72254090,"Flat-rolled products of alloy steel other than stainless, of a width of >= 600 mm, not further worked than hot-rolled, not in coils, of a thickness of < 4,75 mm (excl. products of tool steel, high-speed steel or silicon-electrical steel)",Iron & Steel,Column B,(F)(1),1.577
72254090,"Flat-rolled products of alloy steel other than stainless, of a width of >= 600 mm, not further worked than hot-rolled, not in coils, of a thickness of < 4,75 mm (excl. products of tool steel, high-speed steel or silicon-electrical steel)",Iron & Steel,Column B,(G)(1),0.752
72254090,"Flat-rolled products of alloy steel other than stainless, of a width of >= 600 mm, not further worked than hot-rolled, not in coils, of a thickness of < 4,75 mm (excl. products of tool steel, high-speed steel or silicon-electrical steel)",Iron & Steel,Column B,(H)(1),0.41
72254090,"Flat-rolled products of alloy steel other than stainless, of a width of >= 600 mm, not further worked than hot-rolled, not in coils, of a thickness of < 4,75 mm (excl. products of tool steel, high-speed steel or silicon-electrical steel)",Iron & Steel,Column B,(J)(1),0.95
72254090,"Flat-rolled products of alloy steel other than stainless, of a width of >= 600 mm, not further worked than hot-rolled, not in coils, of a thickness of < 4,75 mm (excl. products of tool steel, high-speed steel or silicon-electrical steel)",Iron & Steel,Column B,(F)(2),1.409
72254090,"Flat-rolled products of alloy steel other than stainless, of a width of >= 600 mm, not further worked than hot-rolled, not in coils, of a thickness of < 4,75 mm (excl. products of tool steel, high-speed steel or silicon-electrical steel)",Iron & Steel,Column B,(G)(2),0.73899999999999999
72254090,"Flat-rolled products of alloy steel other than stainless, of a width of >= 600 mm, not further worked than hot-rolled, not in coils, of a thickness of < 4,75 mm (excl. products of tool steel, high-speed steel or silicon-electrical steel)",Iron & Steel,Column B,(H)(2),0.39700000000000002
72254090,"Flat-rolled products of alloy steel other than stainless, of a width of >= 600 mm, not further worked than hot-rolled, not in coils, of a thickness of < 4,75 mm (excl. products of tool steel, high-speed steel or silicon-electrical steel)",Iron & Steel,Column B,(J)(2),0.91800000000000004
72255020,"Flat-rolled products of high-speed steel, of a width of >= 600 mm, not further worked than cold-rolled ""cold-reduced""",Iron & Steel,Column A,,0.109
72255020,"Flat-rolled products of high-speed steel, of a width of >= 600 mm, not further worked than cold-rolled ""cold-reduced""",Iron & Steel,Column B,(F)(1),1.673
72255020,"Flat-rolled products of high-speed steel, of a width of >= 600 mm, not further worked than cold-rolled ""cold-reduced""",Iron & Steel,Column B,(G)(1),0.81499999999999995
72255020,"Flat-rolled products of high-speed steel, of a width of >= 600 mm, not further worked than cold-rolled ""cold-reduced""",Iron & Steel,Column B,(H)(1),0.46
72255020,"Flat-rolled products of high-speed steel, of a width of >= 600 mm, not further worked than cold-rolled ""cold-reduced""",Iron & Steel,Column B,(J)(1),1.0209999999999999
72255020,"Flat-rolled products of high-speed steel, of a width of >= 600 mm, not further worked than cold-rolled ""cold-reduced""",Iron & Steel,Column B,(F)(2),1.4990000000000001
72255020,"Flat-rolled products of high-speed steel, of a width of >= 600 mm, not further worked than cold-rolled ""cold-reduced""",Iron & Steel,Column B,(G)(2),0.80100000000000005
72255020,"Flat-rolled products of high-speed steel, of a width of >= 600 mm, not further worked than cold-rolled ""cold-reduced""",Iron & Steel,Column B,(H)(2),0.44600000000000001
72255020,"Flat-rolled products of high-speed steel, of a width of >= 600 mm, not further worked than cold-rolled ""cold-reduced""",Iron & Steel,Column B,(J)(2),0.98699999999999999
72255080,"Flat-rolled products of alloy steel other than stainless, of a width of >= 600 mm, not further worked than cold-rolled ""cold-reduced"" (excl. products of high-speed steel or silicon-electrical steel)",Iron & Steel,Column A,,0.109
72255080,"Flat-rolled products of alloy steel other than stainless, of a width of >= 600 mm, not further worked than cold-rolled ""cold-reduced"" (excl. products of high-speed steel or silicon-electrical steel)",Iron & Steel,Column B,(F)(1),1.673
72255080,"Flat-rolled products of alloy steel other than stainless, of a width of >= 600 mm, not further worked than cold-rolled ""cold-reduced"" (excl. products of high-speed steel or silicon-electrical steel)",Iron & Steel,Column B,(G)(1),0.81499999999999995
72255080,"Flat-rolled products of alloy steel other than stainless, of a width of >= 600 mm, not further worked than cold-rolled ""cold-reduced"" (excl. products of high-speed steel or silicon-electrical steel)",Iron & Steel,Column B,(H)(1),0.46
72255080,"Flat-rolled products of alloy steel other than stainless, of a width of >= 600 mm, not further worked than cold-rolled ""cold-reduced"" (excl. products of high-speed steel or silicon-electrical steel)",Iron & Steel,Column B,(J)(1),1.0209999999999999
72255080,"Flat-rolled products of alloy steel other than stainless, of a width of >= 600 mm, not further worked than cold-rolled ""cold-reduced"" (excl. products of high-speed steel or silicon-electrical steel)",Iron & Steel,Column B,(F)(2),1.4990000000000001
72255080,"Flat-rolled products of alloy steel other than stainless, of a width of >= 600 mm, not further worked than cold-rolled ""cold-reduced"" (excl. products of high-speed steel or silicon-electrical steel)",Iron & Steel,Column B,(G)(2),0.80100000000000005
72255080,"Flat-rolled products of alloy steel other than stainless, of a width of >= 600 mm, not further worked than cold-rolled ""cold-reduced"" (excl. products of high-speed steel or silicon-electrical steel)",Iron & Steel,Column B,(H)(2),0.44600000000000001
72255080,"Flat-rolled products of alloy steel other than stainless, of a width of >= 600 mm, not further worked than cold-rolled ""cold-reduced"" (excl. products of high-speed steel or silicon-electrical steel)",Iron & Steel,Column B,(J)(2),0.98699999999999999
72259100,"Flat-rolled products of alloy steel other than stainless, of a width of >= 600 mm, hot-rolled or cold-rolled ""cold-reduced"" and electrolytically plated or coated with zinc (excl. products of silicon-electrical steel)",Iron & Steel,Column A,,0.14199999999999999
72259100,"Flat-rolled products of alloy steel other than stainless, of a width of >= 600 mm, hot-rolled or cold-rolled ""cold-reduced"" and electrolytically plated or coated with zinc (excl. products of silicon-electrical steel)",Iron & Steel,Column B,(F)(1),1.706
72259100,"Flat-rolled products of alloy steel other than stainless, of a width of >= 600 mm, hot-rolled or cold-rolled ""cold-reduced"" and electrolytically plated or coated with zinc (excl. products of silicon-electrical steel)",Iron & Steel,Column B,(G)(1),0.84799999999999998
72259100,"Flat-rolled products of alloy steel other than stainless, of a width of >= 600 mm, hot-rolled or cold-rolled ""cold-reduced"" and electrolytically plated or coated with zinc (excl. products of silicon-electrical steel)",Iron & Steel,Column B,(H)(1),0.49299999999999999
72259100,"Flat-rolled products of alloy steel other than stainless, of a width of >= 600 mm, hot-rolled or cold-rolled ""cold-reduced"" and electrolytically plated or coated with zinc (excl. products of silicon-electrical steel)",Iron & Steel,Column B,(J)(1),1.054
72259100,"Flat-rolled products of alloy steel other than stainless, of a width of >= 600 mm, hot-rolled or cold-rolled ""cold-reduced"" and electrolytically plated or coated with zinc (excl. products of silicon-electrical steel)",Iron & Steel,Column B,(F)(2),1.532
72259100,"Flat-rolled products of alloy steel other than stainless, of a width of >= 600 mm, hot-rolled or cold-rolled ""cold-reduced"" and electrolytically plated or coated with zinc (excl. products of silicon-electrical steel)",Iron & Steel,Column B,(G)(2),0.83499999999999996
72259100,"Flat-rolled products of alloy steel other than stainless, of a width of >= 600 mm, hot-rolled or cold-rolled ""cold-reduced"" and electrolytically plated or coated with zinc (excl. products of silicon-electrical steel)",Iron & Steel,Column B,(H)(2),0.48
72259100,"Flat-rolled products of alloy steel other than stainless, of a width of >= 600 mm, hot-rolled or cold-rolled ""cold-reduced"" and electrolytically plated or coated with zinc (excl. products of silicon-electrical steel)",Iron & Steel,Column B,(J)(2),1.0209999999999999
72259200,"Flat-rolled products of alloy steel other than stainless, of a width of >= 600 mm, hot-rolled or cold-rolled ""cold-reduced"" and plated or coated with zinc (excl. electrolytically plated or coated and products of silicon-electrical steel)",Iron & Steel,Column A,,0.14199999999999999
72259200,"Flat-rolled products of alloy steel other than stainless, of a width of >= 600 mm, hot-rolled or cold-rolled ""cold-reduced"" and plated or coated with zinc (excl. electrolytically plated or coated and products of silicon-electrical steel)",Iron & Steel,Column B,(F)(1),1.706
72259200,"Flat-rolled products of alloy steel other than stainless, of a width of >= 600 mm, hot-rolled or cold-rolled ""cold-reduced"" and plated or coated with zinc (excl. electrolytically plated or coated and products of silicon-electrical steel)",Iron & Steel,Column B,(G)(1),0.84799999999999998
72259200,"Flat-rolled products of alloy steel other than stainless, of a width of >= 600 mm, hot-rolled or cold-rolled ""cold-reduced"" and plated or coated with zinc (excl. electrolytically plated or coated and products of silicon-electrical steel)",Iron & Steel,Column B,(H)(1),0.49299999999999999
72259200,"Flat-rolled products of alloy steel other than stainless, of a width of >= 600 mm, hot-rolled or cold-rolled ""cold-reduced"" and plated or coated with zinc (excl. electrolytically plated or coated and products of silicon-electrical steel)",Iron & Steel,Column B,(J)(1),1.054
72259200,"Flat-rolled products of alloy steel other than stainless, of a width of >= 600 mm, hot-rolled or cold-rolled ""cold-reduced"" and plated or coated with zinc (excl. electrolytically plated or coated and products of silicon-electrical steel)",Iron & Steel,Column B,(F)(2),1.532
72259200,"Flat-rolled products of alloy steel other than stainless, of a width of >= 600 mm, hot-rolled or cold-rolled ""cold-reduced"" and plated or coated with zinc (excl. electrolytically plated or coated and products of silicon-electrical steel)",Iron & Steel,Column B,(G)(2),0.83499999999999996
72259200,"Flat-rolled products of alloy steel other than stainless, of a width of >= 600 mm, hot-rolled or cold-rolled ""cold-reduced"" and plated or coated with zinc (excl. electrolytically plated or coated and products of silicon-electrical steel)",Iron & Steel,Column B,(H)(2),0.48
72259200,"Flat-rolled products of alloy steel other than stainless, of a width of >= 600 mm, hot-rolled or cold-rolled ""cold-reduced"" and plated or coated with zinc (excl. electrolytically plated or coated and products of silicon-electrical steel)",Iron & Steel,Column B,(J)(2),1.0209999999999999
72259900,"Flat-rolled products of alloy steel other than stainless, of a width of >= 600 mm, hot-rolled or cold-rolled ""cold-reduced"" and further worked (excl. plated or coated with zinc and products of silicon-electrical steel)",Iron & Steel,Column A,,0.14199999999999999
72259900,"Flat-rolled products of alloy steel other than stainless, of a width of >= 600 mm, hot-rolled or cold-rolled ""cold-reduced"" and further worked (excl. plated or coated with zinc and products of silicon-electrical steel)",Iron & Steel,Column B,(F)(1),1.706
72259900,"Flat-rolled products of alloy steel other than stainless, of a width of >= 600 mm, hot-rolled or cold-rolled ""cold-reduced"" and further worked (excl. plated or coated with zinc and products of silicon-electrical steel)",Iron & Steel,Column B,(G)(1),0.84799999999999998
72259900,"Flat-rolled products of alloy steel other than stainless, of a width of >= 600 mm, hot-rolled or cold-rolled ""cold-reduced"" and further worked (excl. plated or coated with zinc and products of silicon-electrical steel)",Iron & Steel,Column B,(H)(1),0.49299999999999999
72259900,"Flat-rolled products of alloy steel other than stainless, of a width of >= 600 mm, hot-rolled or cold-rolled ""cold-reduced"" and further worked (excl. plated or coated with zinc and products of silicon-electrical steel)",Iron & Steel,Column B,(J)(1),1.054
72259900,"Flat-rolled products of alloy steel other than stainless, of a width of >= 600 mm, hot-rolled or cold-rolled ""cold-reduced"" and further worked (excl. plated or coated with zinc and products of silicon-electrical steel)",Iron & Steel,Column B,(F)(2),1.532
72259900,"Flat-rolled products of alloy steel other than stainless, of a width of >= 600 mm, hot-rolled or cold-rolled ""cold-reduced"" and further worked (excl. plated or coated with zinc and products of silicon-electrical steel)",Iron & Steel,Column B,(G)(2),0.83499999999999996
72259900,"Flat-rolled products of alloy steel other than stainless, of a width of >= 600 mm, hot-rolled or cold-rolled ""cold-reduced"" and further worked (excl. plated or coated with zinc and products of silicon-electrical steel)",Iron & Steel,Column B,(H)(2),0.48
72259900,"Flat-rolled products of alloy steel other than stainless, of a width of >= 600 mm, hot-rolled or cold-rolled ""cold-reduced"" and further worked (excl. plated or coated with zinc and products of silicon-electrical steel)",Iron & Steel,Column B,(J)(2),1.0209999999999999
72261100,"Flat-rolled products of silicon-electrical steel, of a width of < 600 mm, hot-rolled or cold-rolled ""cold-reduced"", grain-oriented",Iron & Steel,Column A,,0.072999999999999995
72261100,"Flat-rolled products of silicon-electrical steel, of a width of < 600 mm, hot-rolled or cold-rolled ""cold-reduced"", grain-oriented",Iron & Steel,Column B,(C),1.7789999999999999
72261100,"Flat-rolled products of silicon-electrical steel, of a width of < 600 mm, hot-rolled or cold-rolled ""cold-reduced"", grain-oriented",Iron & Steel,Column B,(D),0.63500000000000001
72261100,"Flat-rolled products of silicon-electrical steel, of a width of < 600 mm, hot-rolled or cold-rolled ""cold-reduced"", grain-oriented",Iron & Steel,Column B,(E),0.109
72261910,"Flat-rolled products of silicon-electrical steel, of a width of < 600 mm, not further worked than hot-rolled",Iron & Steel,Column A,,0.072999999999999995
72261910,"Flat-rolled products of silicon-electrical steel, of a width of < 600 mm, not further worked than hot-rolled",Iron & Steel,Column B,(C),1.399
72261910,"Flat-rolled products of silicon-electrical steel, of a width of < 600 mm, not further worked than hot-rolled",Iron & Steel,Column B,(D),0.51
72261910,"Flat-rolled products of silicon-electrical steel, of a width of < 600 mm, not further worked than hot-rolled",Iron & Steel,Column B,(E),0.10100000000000001
72261980,"Flat-rolled products of silicon-electrical steel, of a width of < 600 mm, cold-rolled ""cold-reduced"", whether or not further worked, or hot-rolled and further worked, non-grain-oriented",Iron & Steel,Column A,,0.109
72261980,"Flat-rolled products of silicon-electrical steel, of a width of < 600 mm, cold-rolled ""cold-reduced"", whether or not further worked, or hot-rolled and further worked, non-grain-oriented",Iron & Steel,Column B,(C),1.488
72261980,"Flat-rolled products of silicon-electrical steel, of a width of < 600 mm, cold-rolled ""cold-reduced"", whether or not further worked, or hot-rolled and further worked, non-grain-oriented",Iron & Steel,Column B,(D),0.56299999999999994
72261980,"Flat-rolled products of silicon-electrical steel, of a width of < 600 mm, cold-rolled ""cold-reduced"", whether or not further worked, or hot-rolled and further worked, non-grain-oriented",Iron & Steel,Column B,(E),0.13800000000000001
72262000,"Flat-rolled products of high-speed steel, of a width of <= 600 mm, hot-rolled or cold-rolled ""cold-reduced""",Iron & Steel,Column A,,0.072999999999999995
72262000,"Flat-rolled products of high-speed steel, of a width of <= 600 mm, hot-rolled or cold-rolled ""cold-reduced""",Iron & Steel,Column B,(F)(1),1.577
72262000,"Flat-rolled products of high-speed steel, of a width of <= 600 mm, hot-rolled or cold-rolled ""cold-reduced""",Iron & Steel,Column B,(G)(1),0.752
72262000,"Flat-rolled products of high-speed steel, of a width of <= 600 mm, hot-rolled or cold-rolled ""cold-reduced""",Iron & Steel,Column B,(H)(1),0.41
72262000,"Flat-rolled products of high-speed steel, of a width of <= 600 mm, hot-rolled or cold-rolled ""cold-reduced""",Iron & Steel,Column B,(J)(1),0.95
72262000,"Flat-rolled products of high-speed steel, of a width of <= 600 mm, hot-rolled or cold-rolled ""cold-reduced""",Iron & Steel,Column B,(F)(2),1.409
72262000,"Flat-rolled products of high-speed steel, of a width of <= 600 mm, hot-rolled or cold-rolled ""cold-reduced""",Iron & Steel,Column B,(G)(2),0.73899999999999999
72262000,"Flat-rolled products of high-speed steel, of a width of <= 600 mm, hot-rolled or cold-rolled ""cold-reduced""",Iron & Steel,Column B,(H)(2),0.39700000000000002
72262000,"Flat-rolled products of high-speed steel, of a width of <= 600 mm, hot-rolled or cold-rolled ""cold-reduced""",Iron & Steel,Column B,(J)(2),0.91800000000000004
72269120,"Flat-rolled products of tool steel, of a width of < 600 mm, simply hot-rolled",Iron & Steel,Column A,,0.072999999999999995
72269120,"Flat-rolled products of tool steel, of a width of < 600 mm, simply hot-rolled",Iron & Steel,Column B,(F)(1),1.577
72269120,"Flat-rolled products of tool steel, of a width of < 600 mm, simply hot-rolled",Iron & Steel,Column B,(G)(1),0.752
72269120,"Flat-rolled products of tool steel, of a width of < 600 mm, simply hot-rolled",Iron & Steel,Column B,(H)(1),0.41
72269120,"Flat-rolled products of tool steel, of a width of < 600 mm, simply hot-rolled",Iron & Steel,Column B,(J)(1),0.95
72269120,"Flat-rolled products of tool steel, of a width of < 600 mm, simply hot-rolled",Iron & Steel,Column B,(F)(2),1.409
72269120,"Flat-rolled products of tool steel, of a width of < 600 mm, simply hot-rolled",Iron & Steel,Column B,(G)(2),0.73899999999999999
72269120,"Flat-rolled products of tool steel, of a width of < 600 mm, simply hot-rolled",Iron & Steel,Column B,(H)(2),0.39700000000000002
72269120,"Flat-rolled products of tool steel, of a width of < 600 mm, simply hot-rolled",Iron & Steel,Column B,(J)(2),0.91800000000000004
72269191,"Flat-rolled products of alloy steel other than stainless steel, simply hot-rolled, of a thickness of >= 4,75 mm, of a width of < 600 mm (excl. of tool steel, silicon-electrical steel or high speed steel)",Iron & Steel,Column A,,0.072999999999999995
72269191,"Flat-rolled products of alloy steel other than stainless steel, simply hot-rolled, of a thickness of >= 4,75 mm, of a width of < 600 mm (excl. of tool steel, silicon-electrical steel or high speed steel)",Iron & Steel,Column B,(F)(1),1.577
72269191,"Flat-rolled products of alloy steel other than stainless steel, simply hot-rolled, of a thickness of >= 4,75 mm, of a width of < 600 mm (excl. of tool steel, silicon-electrical steel or high speed steel)",Iron & Steel,Column B,(G)(1),0.752
72269191,"Flat-rolled products of alloy steel other than stainless steel, simply hot-rolled, of a thickness of >= 4,75 mm, of a width of < 600 mm (excl. of tool steel, silicon-electrical steel or high speed steel)",Iron & Steel,Column B,(H)(1),0.41
72269191,"Flat-rolled products of alloy steel other than stainless steel, simply hot-rolled, of a thickness of >= 4,75 mm, of a width of < 600 mm (excl. of tool steel, silicon-electrical steel or high speed steel)",Iron & Steel,Column B,(J)(1),0.95
72269191,"Flat-rolled products of alloy steel other than stainless steel, simply hot-rolled, of a thickness of >= 4,75 mm, of a width of < 600 mm (excl. of tool steel, silicon-electrical steel or high speed steel)",Iron & Steel,Column B,(F)(2),1.409
72269191,"Flat-rolled products of alloy steel other than stainless steel, simply hot-rolled, of a thickness of >= 4,75 mm, of a width of < 600 mm (excl. of tool steel, silicon-electrical steel or high speed steel)",Iron & Steel,Column B,(G)(2),0.73899999999999999
72269191,"Flat-rolled products of alloy steel other than stainless steel, simply hot-rolled, of a thickness of >= 4,75 mm, of a width of < 600 mm (excl. of tool steel, silicon-electrical steel or high speed steel)",Iron & Steel,Column B,(H)(2),0.39700000000000002
72269191,"Flat-rolled products of alloy steel other than stainless steel, simply hot-rolled, of a thickness of >= 4,75 mm, of a width of < 600 mm (excl. of tool steel, silicon-electrical steel or high speed steel)",Iron & Steel,Column B,(J)(2),0.91800000000000004
72269199,"Flat-rolled products of alloy steel other than stainless steel, simply hot-rolled, of a thickness of < 4,75 mm, of a width of < 600 mm (excl. of tool steel, silicon-electrical steel or high speed steel)",Iron & Steel,Column A,,0.072999999999999995
72269199,"Flat-rolled products of alloy steel other than stainless steel, simply hot-rolled, of a thickness of < 4,75 mm, of a width of < 600 mm (excl. of tool steel, silicon-electrical steel or high speed steel)",Iron & Steel,Column B,(F)(1),1.577
72269199,"Flat-rolled products of alloy steel other than stainless steel, simply hot-rolled, of a thickness of < 4,75 mm, of a width of < 600 mm (excl. of tool steel, silicon-electrical steel or high speed steel)",Iron & Steel,Column B,(G)(1),0.752
72269199,"Flat-rolled products of alloy steel other than stainless steel, simply hot-rolled, of a thickness of < 4,75 mm, of a width of < 600 mm (excl. of tool steel, silicon-electrical steel or high speed steel)",Iron & Steel,Column B,(H)(1),0.41
72269199,"Flat-rolled products of alloy steel other than stainless steel, simply hot-rolled, of a thickness of < 4,75 mm, of a width of < 600 mm (excl. of tool steel, silicon-electrical steel or high speed steel)",Iron & Steel,Column B,(J)(1),0.95
72269199,"Flat-rolled products of alloy steel other than stainless steel, simply hot-rolled, of a thickness of < 4,75 mm, of a width of < 600 mm (excl. of tool steel, silicon-electrical steel or high speed steel)",Iron & Steel,Column B,(F)(2),1.409
72269199,"Flat-rolled products of alloy steel other than stainless steel, simply hot-rolled, of a thickness of < 4,75 mm, of a width of < 600 mm (excl. of tool steel, silicon-electrical steel or high speed steel)",Iron & Steel,Column B,(G)(2),0.73899999999999999
72269199,"Flat-rolled products of alloy steel other than stainless steel, simply hot-rolled, of a thickness of < 4,75 mm, of a width of < 600 mm (excl. of tool steel, silicon-electrical steel or high speed steel)",Iron & Steel,Column B,(H)(2),0.39700000000000002
72269199,"Flat-rolled products of alloy steel other than stainless steel, simply hot-rolled, of a thickness of < 4,75 mm, of a width of < 600 mm (excl. of tool steel, silicon-electrical steel or high speed steel)",Iron & Steel,Column B,(J)(2),0.91800000000000004
72269200,"Flat-rolled products of alloy steel other than stainless, of a width of < 600 mm, not further worked than cold-rolled ""cold-reduced"" (excl. products of high-speed steel or silicon-electrical steel)",Iron & Steel,Column A,,0.109
72269200,"Flat-rolled products of alloy steel other than stainless, of a width of < 600 mm, not further worked than cold-rolled ""cold-reduced"" (excl. products of high-speed steel or silicon-electrical steel)",Iron & Steel,Column B,(F)(1),1.673
72269200,"Flat-rolled products of alloy steel other than stainless, of a width of < 600 mm, not further worked than cold-rolled ""cold-reduced"" (excl. products of high-speed steel or silicon-electrical steel)",Iron & Steel,Column B,(G)(1),0.81499999999999995
72269200,"Flat-rolled products of alloy steel other than stainless, of a width of < 600 mm, not further worked than cold-rolled ""cold-reduced"" (excl. products of high-speed steel or silicon-electrical steel)",Iron & Steel,Column B,(H)(1),0.46
72269200,"Flat-rolled products of alloy steel other than stainless, of a width of < 600 mm, not further worked than cold-rolled ""cold-reduced"" (excl. products of high-speed steel or silicon-electrical steel)",Iron & Steel,Column B,(J)(1),1.0209999999999999
72269200,"Flat-rolled products of alloy steel other than stainless, of a width of < 600 mm, not further worked than cold-rolled ""cold-reduced"" (excl. products of high-speed steel or silicon-electrical steel)",Iron & Steel,Column B,(F)(2),1.4990000000000001
72269200,"Flat-rolled products of alloy steel other than stainless, of a width of < 600 mm, not further worked than cold-rolled ""cold-reduced"" (excl. products of high-speed steel or silicon-electrical steel)",Iron & Steel,Column B,(G)(2),0.80100000000000005
72269200,"Flat-rolled products of alloy steel other than stainless, of a width of < 600 mm, not further worked than cold-rolled ""cold-reduced"" (excl. products of high-speed steel or silicon-electrical steel)",Iron & Steel,Column B,(H)(2),0.44600000000000001
72269200,"Flat-rolled products of alloy steel other than stainless, of a width of < 600 mm, not further worked than cold-rolled ""cold-reduced"" (excl. products of high-speed steel or silicon-electrical steel)",Iron & Steel,Column B,(J)(2),0.98699999999999999
72269910,"Flat-rolled products of alloy steel other than stainless, of a width of < 600 mm, hot-rolled or cold-rolled ""cold-reduced"" and electrolytically plated or coated with zinc (excl. products of high-speed steel or silicon-electrical steel)",Iron & Steel,Column A,,0.14199999999999999
72269910,"Flat-rolled products of alloy steel other than stainless, of a width of < 600 mm, hot-rolled or cold-rolled ""cold-reduced"" and electrolytically plated or coated with zinc (excl. products of high-speed steel or silicon-electrical steel)",Iron & Steel,Column B,(F)(1),1.706
72269910,"Flat-rolled products of alloy steel other than stainless, of a width of < 600 mm, hot-rolled or cold-rolled ""cold-reduced"" and electrolytically plated or coated with zinc (excl. products of high-speed steel or silicon-electrical steel)",Iron & Steel,Column B,(G)(1),0.84799999999999998
72269910,"Flat-rolled products of alloy steel other than stainless, of a width of < 600 mm, hot-rolled or cold-rolled ""cold-reduced"" and electrolytically plated or coated with zinc (excl. products of high-speed steel or silicon-electrical steel)",Iron & Steel,Column B,(H)(1),0.49299999999999999
72269910,"Flat-rolled products of alloy steel other than stainless, of a width of < 600 mm, hot-rolled or cold-rolled ""cold-reduced"" and electrolytically plated or coated with zinc (excl. products of high-speed steel or silicon-electrical steel)",Iron & Steel,Column B,(J)(1),1.054
72269910,"Flat-rolled products of alloy steel other than stainless, of a width of < 600 mm, hot-rolled or cold-rolled ""cold-reduced"" and electrolytically plated or coated with zinc (excl. products of high-speed steel or silicon-electrical steel)",Iron & Steel,Column B,(F)(2),1.532
72269910,"Flat-rolled products of alloy steel other than stainless, of a width of < 600 mm, hot-rolled or cold-rolled ""cold-reduced"" and electrolytically plated or coated with zinc (excl. products of high-speed steel or silicon-electrical steel)",Iron & Steel,Column B,(G)(2),0.83499999999999996
72269910,"Flat-rolled products of alloy steel other than stainless, of a width of < 600 mm, hot-rolled or cold-rolled ""cold-reduced"" and electrolytically plated or coated with zinc (excl. products of high-speed steel or silicon-electrical steel)",Iron & Steel,Column B,(H)(2),0.48
72269910,"Flat-rolled products of alloy steel other than stainless, of a width of < 600 mm, hot-rolled or cold-rolled ""cold-reduced"" and electrolytically plated or coated with zinc (excl. products of high-speed steel or silicon-electrical steel)",Iron & Steel,Column B,(J)(2),1.0209999999999999
72269930,"Flat-rolled products of alloy steel other than stainless, of a width of < 600 mm, hot-rolled or cold-rolled ""cold-reduced"" and plated or coated with zinc (excl. electrolytically plated or coated, and products of high-speed steel or silicon-electrical steel)",Iron & Steel,Column A,,0.14199999999999999
72269930,"Flat-rolled products of alloy steel other than stainless, of a width of < 600 mm, hot-rolled or cold-rolled ""cold-reduced"" and plated or coated with zinc (excl. electrolytically plated or coated, and products of high-speed steel or silicon-electrical steel)",Iron & Steel,Column B,(F)(1),1.706
72269930,"Flat-rolled products of alloy steel other than stainless, of a width of < 600 mm, hot-rolled or cold-rolled ""cold-reduced"" and plated or coated with zinc (excl. electrolytically plated or coated, and products of high-speed steel or silicon-electrical steel)",Iron & Steel,Column B,(G)(1),0.84799999999999998
72269930,"Flat-rolled products of alloy steel other than stainless, of a width of < 600 mm, hot-rolled or cold-rolled ""cold-reduced"" and plated or coated with zinc (excl. electrolytically plated or coated, and products of high-speed steel or silicon-electrical steel)",Iron & Steel,Column B,(H)(1),0.49299999999999999
72269930,"Flat-rolled products of alloy steel other than stainless, of a width of < 600 mm, hot-rolled or cold-rolled ""cold-reduced"" and plated or coated with zinc (excl. electrolytically plated or coated, and products of high-speed steel or silicon-electrical steel)",Iron & Steel,Column B,(J)(1),1.054
72269930,"Flat-rolled products of alloy steel other than stainless, of a width of < 600 mm, hot-rolled or cold-rolled ""cold-reduced"" and plated or coated with zinc (excl. electrolytically plated or coated, and products of high-speed steel or silicon-electrical steel)",Iron & Steel,Column B,(F)(2),1.532
72269930,"Flat-rolled products of alloy steel other than stainless, of a width of < 600 mm, hot-rolled or cold-rolled ""cold-reduced"" and plated or coated with zinc (excl. electrolytically plated or coated, and products of high-speed steel or silicon-electrical steel)",Iron & Steel,Column B,(G)(2),0.83499999999999996
72269930,"Flat-rolled products of alloy steel other than stainless, of a width of < 600 mm, hot-rolled or cold-rolled ""cold-reduced"" and plated or coated with zinc (excl. electrolytically plated or coated, and products of high-speed steel or silicon-electrical steel)",Iron & Steel,Column B,(H)(2),0.48
72269930,"Flat-rolled products of alloy steel other than stainless, of a width of < 600 mm, hot-rolled or cold-rolled ""cold-reduced"" and plated or coated with zinc (excl. electrolytically plated or coated, and products of high-speed steel or silicon-electrical steel)",Iron & Steel,Column B,(J)(2),1.0209999999999999
72269970,"Flat-rolled products of alloy steel other than stainless, of a width of < 600 mm, hot-rolled or cold-rolled ""cold-reduced"" and further worked (excl. plated or coated with zinc, and products of high-speed steel or silicon-electrical steel)",Iron & Steel,Column A,,0.14199999999999999
72269970,"Flat-rolled products of alloy steel other than stainless, of a width of < 600 mm, hot-rolled or cold-rolled ""cold-reduced"" and further worked (excl. plated or coated with zinc, and products of high-speed steel or silicon-electrical steel)",Iron & Steel,Column B,(F)(1),1.706
72269970,"Flat-rolled products of alloy steel other than stainless, of a width of < 600 mm, hot-rolled or cold-rolled ""cold-reduced"" and further worked (excl. plated or coated with zinc, and products of high-speed steel or silicon-electrical steel)",Iron & Steel,Column B,(G)(1),0.84799999999999998
72269970,"Flat-rolled products of alloy steel other than stainless, of a width of < 600 mm, hot-rolled or cold-rolled ""cold-reduced"" and further worked (excl. plated or coated with zinc, and products of high-speed steel or silicon-electrical steel)",Iron & Steel,Column B,(H)(1),0.49299999999999999
72269970,"Flat-rolled products of alloy steel other than stainless, of a width of < 600 mm, hot-rolled or cold-rolled ""cold-reduced"" and further worked (excl. plated or coated with zinc, and products of high-speed steel or silicon-electrical steel)",Iron & Steel,Column B,(J)(1),1.054
72269970,"Flat-rolled products of alloy steel other than stainless, of a width of < 600 mm, hot-rolled or cold-rolled ""cold-reduced"" and further worked (excl. plated or coated with zinc, and products of high-speed steel or silicon-electrical steel)",Iron & Steel,Column B,(F)(2),1.532
72269970,"Flat-rolled products of alloy steel other than stainless, of a width of < 600 mm, hot-rolled or cold-rolled ""cold-reduced"" and further worked (excl. plated or coated with zinc, and products of high-speed steel or silicon-electrical steel)",Iron & Steel,Column B,(G)(2),0.83499999999999996
72269970,"Flat-rolled products of alloy steel other than stainless, of a width of < 600 mm, hot-rolled or cold-rolled ""cold-reduced"" and further worked (excl. plated or coated with zinc, and products of high-speed steel or silicon-electrical steel)",Iron & Steel,Column B,(H)(2),0.48
72269970,"Flat-rolled products of alloy steel other than stainless, of a width of < 600 mm, hot-rolled or cold-rolled ""cold-reduced"" and further worked (excl. plated or coated with zinc, and products of high-speed steel or silicon-electrical steel)",Iron & Steel,Column B,(J)(2),1.0209999999999999
72271000,"Bars and rods of high-speed steel, hot-rolled, in irregularly wound coils",Iron & Steel,Column A,,0.109
72271000,"Bars and rods of high-speed steel, hot-rolled, in irregularly wound coils",Iron & Steel,Column B,(F)(1),1.613
72271000,"Bars and rods of high-speed steel, hot-rolled, in irregularly wound coils",Iron & Steel,Column B,(G)(1),0.78800000000000003
72271000,"Bars and rods of high-speed steel, hot-rolled, in irregularly wound coils",Iron & Steel,Column B,(H)(1),0.44600000000000001
72271000,"Bars and rods of high-speed steel, hot-rolled, in irregularly wound coils",Iron & Steel,Column B,(J)(1),0.98599999999999999
72271000,"Bars and rods of high-speed steel, hot-rolled, in irregularly wound coils",Iron & Steel,Column B,(F)(2),1.446
72271000,"Bars and rods of high-speed steel, hot-rolled, in irregularly wound coils",Iron & Steel,Column B,(G)(2),0.77500000000000002
72271000,"Bars and rods of high-speed steel, hot-rolled, in irregularly wound coils",Iron & Steel,Column B,(H)(2),0.433
72271000,"Bars and rods of high-speed steel, hot-rolled, in irregularly wound coils",Iron & Steel,Column B,(J)(2),0.95399999999999996
72272000,"Bars and rods of silico-manganese steel, hot-rolled, in irregularly wound coils",Iron & Steel,Column A,,0.109
72272000,"Bars and rods of silico-manganese steel, hot-rolled, in irregularly wound coils",Iron & Steel,Column B,(F)(1),1.613
72272000,"Bars and rods of silico-manganese steel, hot-rolled, in irregularly wound coils",Iron & Steel,Column B,(G)(1),0.78800000000000003
72272000,"Bars and rods of silico-manganese steel, hot-rolled, in irregularly wound coils",Iron & Steel,Column B,(H)(1),0.44600000000000001
72272000,"Bars and rods of silico-manganese steel, hot-rolled, in irregularly wound coils",Iron & Steel,Column B,(J)(1),0.98599999999999999
72272000,"Bars and rods of silico-manganese steel, hot-rolled, in irregularly wound coils",Iron & Steel,Column B,(F)(2),1.446
72272000,"Bars and rods of silico-manganese steel, hot-rolled, in irregularly wound coils",Iron & Steel,Column B,(G)(2),0.77500000000000002
72272000,"Bars and rods of silico-manganese steel, hot-rolled, in irregularly wound coils",Iron & Steel,Column B,(H)(2),0.433
72272000,"Bars and rods of silico-manganese steel, hot-rolled, in irregularly wound coils",Iron & Steel,Column B,(J)(2),0.95399999999999996
72279010,"Bars and rods, hot-rolled, of steel containing by weight >= 0,0008% of boron with any other element < the minimum content referred to in Note 1 f to this chapter, in irregularly wound coils",Iron & Steel,Column A,,0.109
72279010,"Bars and rods, hot-rolled, of steel containing by weight >= 0,0008% of boron with any other element < the minimum content referred to in Note 1 f to this chapter, in irregularly wound coils",Iron & Steel,Column B,(C),1.4350000000000001
72279010,"Bars and rods, hot-rolled, of steel containing by weight >= 0,0008% of boron with any other element < the minimum content referred to in Note 1 f to this chapter, in irregularly wound coils",Iron & Steel,Column B,(D),0.54600000000000004
72279010,"Bars and rods, hot-rolled, of steel containing by weight >= 0,0008% of boron with any other element < the minimum content referred to in Note 1 f to this chapter, in irregularly wound coils",Iron & Steel,Column B,(E),0.13700000000000001
72279050,"Bars and rods, hot-rolled, of steel containing by weight 0,9% to 1,15% carbon, 0,5% to 2% of chromium and, if present, <= 0,5 of molybdenum, in irregularly wound coils",Iron & Steel,Column A,,0.109
72279050,"Bars and rods, hot-rolled, of steel containing by weight 0,9% to 1,15% carbon, 0,5% to 2% of chromium and, if present, <= 0,5 of molybdenum, in irregularly wound coils",Iron & Steel,Column B,(C),1.4350000000000001
72279050,"Bars and rods, hot-rolled, of steel containing by weight 0,9% to 1,15% carbon, 0,5% to 2% of chromium and, if present, <= 0,5 of molybdenum, in irregularly wound coils",Iron & Steel,Column B,(D),0.54600000000000004
72279050,"Bars and rods, hot-rolled, of steel containing by weight 0,9% to 1,15% carbon, 0,5% to 2% of chromium and, if present, <= 0,5 of molybdenum, in irregularly wound coils",Iron & Steel,Column B,(E),0.13700000000000001
72279095,"Bars and rods, hot-rolled, in irregularly wound coils of alloy steel other than stainless (excl. of high-speed steel or silico-manganese steel and bars and rods of subheadings 7227.90.10 and 7227.90.50)",Iron & Steel,Column A,,0.109
72279095,"Bars and rods, hot-rolled, in irregularly wound coils of alloy steel other than stainless (excl. of high-speed steel or silico-manganese steel and bars and rods of subheadings 7227.90.10 and 7227.90.50)",Iron & Steel,Column B,(F)(1),1.613
72279095,"Bars and rods, hot-rolled, in irregularly wound coils of alloy steel other than stainless (excl. of high-speed steel or silico-manganese steel and bars and rods of subheadings 7227.90.10 and 7227.90.50)",Iron & Steel,Column B,(G)(1),0.78800000000000003
72279095,"Bars and rods, hot-rolled, in irregularly wound coils of alloy steel other than stainless (excl. of high-speed steel or silico-manganese steel and bars and rods of subheadings 7227.90.10 and 7227.90.50)",Iron & Steel,Column B,(H)(1),0.44600000000000001
72279095,"Bars and rods, hot-rolled, in irregularly wound coils of alloy steel other than stainless (excl. of high-speed steel or silico-manganese steel and bars and rods of subheadings 7227.90.10 and 7227.90.50)",Iron & Steel,Column B,(J)(1),0.98599999999999999
72279095,"Bars and rods, hot-rolled, in irregularly wound coils of alloy steel other than stainless (excl. of high-speed steel or silico-manganese steel and bars and rods of subheadings 7227.90.10 and 7227.90.50)",Iron & Steel,Column B,(F)(2),1.446
72279095,"Bars and rods, hot-rolled, in irregularly wound coils of alloy steel other than stainless (excl. of high-speed steel or silico-manganese steel and bars and rods of subheadings 7227.90.10 and 7227.90.50)",Iron & Steel,Column B,(G)(2),0.77500000000000002
72279095,"Bars and rods, hot-rolled, in irregularly wound coils of alloy steel other than stainless (excl. of high-speed steel or silico-manganese steel and bars and rods of subheadings 7227.90.10 and 7227.90.50)",Iron & Steel,Column B,(H)(2),0.433
72279095,"Bars and rods, hot-rolled, in irregularly wound coils of alloy steel other than stainless (excl. of high-speed steel or silico-manganese steel and bars and rods of subheadings 7227.90.10 and 7227.90.50)",Iron & Steel,Column B,(J)(2),0.95399999999999996
72281020,"Bars and rods of high-speed steel, not further worked than hot-rolled, hot-drawn or extruded, and hot-rolled, hot-drawn or extruded, not further worked than clad (excl. semi-finished products, flat-rolled products and hot-rolled bars and rods in irregularly wound coils)",Iron & Steel,Column A,,0.109
72281020,"Bars and rods of high-speed steel, not further worked than hot-rolled, hot-drawn or extruded, and hot-rolled, hot-drawn or extruded, not further worked than clad (excl. semi-finished products, flat-rolled products and hot-rolled bars and rods in irregularly wound coils)",Iron & Steel,Column B,(F)(1),1.613
72281020,"Bars and rods of high-speed steel, not further worked than hot-rolled, hot-drawn or extruded, and hot-rolled, hot-drawn or extruded, not further worked than clad (excl. semi-finished products, flat-rolled products and hot-rolled bars and rods in irregularly wound coils)",Iron & Steel,Column B,(G)(1),0.78800000000000003
72281020,"Bars and rods of high-speed steel, not further worked than hot-rolled, hot-drawn or extruded, and hot-rolled, hot-drawn or extruded, not further worked than clad (excl. semi-finished products, flat-rolled products and hot-rolled bars and rods in irregularly wound coils)",Iron & Steel,Column B,(H)(1),0.44600000000000001
72281020,"Bars and rods of high-speed steel, not further worked than hot-rolled, hot-drawn or extruded, and hot-rolled, hot-drawn or extruded, not further worked than clad (excl. semi-finished products, flat-rolled products and hot-rolled bars and rods in irregularly wound coils)",Iron & Steel,Column B,(J)(1),0.98599999999999999
72281020,"Bars and rods of high-speed steel, not further worked than hot-rolled, hot-drawn or extruded, and hot-rolled, hot-drawn or extruded, not further worked than clad (excl. semi-finished products, flat-rolled products and hot-rolled bars and rods in irregularly wound coils)",Iron & Steel,Column B,(F)(2),1.446
72281020,"Bars and rods of high-speed steel, not further worked than hot-rolled, hot-drawn or extruded, and hot-rolled, hot-drawn or extruded, not further worked than clad (excl. semi-finished products, flat-rolled products and hot-rolled bars and rods in irregularly wound coils)",Iron & Steel,Column B,(G)(2),0.77500000000000002
72281020,"Bars and rods of high-speed steel, not further worked than hot-rolled, hot-drawn or extruded, and hot-rolled, hot-drawn or extruded, not further worked than clad (excl. semi-finished products, flat-rolled products and hot-rolled bars and rods in irregularly wound coils)",Iron & Steel,Column B,(H)(2),0.433
72281020,"Bars and rods of high-speed steel, not further worked than hot-rolled, hot-drawn or extruded, and hot-rolled, hot-drawn or extruded, not further worked than clad (excl. semi-finished products, flat-rolled products and hot-rolled bars and rods in irregularly wound coils)",Iron & Steel,Column B,(J)(2),0.95399999999999996
72281050,"Bars and rods of high-speed steel, forged (excl. semi-finished products, flat-rolled products and hot-rolled bars and rods in irregularly wound coils)",Iron & Steel,Column A,,0.30299999999999999
72281050,"Bars and rods of high-speed steel, forged (excl. semi-finished products, flat-rolled products and hot-rolled bars and rods in irregularly wound coils)",Iron & Steel,Column B,(F)(1),1.8069999999999999
72281050,"Bars and rods of high-speed steel, forged (excl. semi-finished products, flat-rolled products and hot-rolled bars and rods in irregularly wound coils)",Iron & Steel,Column B,(G)(1),0.98199999999999998
72281050,"Bars and rods of high-speed steel, forged (excl. semi-finished products, flat-rolled products and hot-rolled bars and rods in irregularly wound coils)",Iron & Steel,Column B,(H)(1),0.64
72281050,"Bars and rods of high-speed steel, forged (excl. semi-finished products, flat-rolled products and hot-rolled bars and rods in irregularly wound coils)",Iron & Steel,Column B,(J)(1),1.18
72281050,"Bars and rods of high-speed steel, forged (excl. semi-finished products, flat-rolled products and hot-rolled bars and rods in irregularly wound coils)",Iron & Steel,Column B,(F)(2),1.64
72281050,"Bars and rods of high-speed steel, forged (excl. semi-finished products, flat-rolled products and hot-rolled bars and rods in irregularly wound coils)",Iron & Steel,Column B,(G)(2),0.96899999999999997
72281050,"Bars and rods of high-speed steel, forged (excl. semi-finished products, flat-rolled products and hot-rolled bars and rods in irregularly wound coils)",Iron & Steel,Column B,(H)(2),0.628
72281050,"Bars and rods of high-speed steel, forged (excl. semi-finished products, flat-rolled products and hot-rolled bars and rods in irregularly wound coils)",Iron & Steel,Column B,(J)(2),1.1479999999999999
72281090,"Bars and rods of high-speed steel, not further worked than cold-formed or cold-finished, whether or not further worked, or hot-formed and further worked (excl. forged products, semi-finished products, flat-rolled products and hot-rolled bars and rods in irregularly wound coils)",Iron & Steel,Column A,,0.109
72281090,"Bars and rods of high-speed steel, not further worked than cold-formed or cold-finished, whether or not further worked, or hot-formed and further worked (excl. forged products, semi-finished products, flat-rolled products and hot-rolled bars and rods in irregularly wound coils)",Iron & Steel,Column B,(F)(1),1.613
72281090,"Bars and rods of high-speed steel, not further worked than cold-formed or cold-finished, whether or not further worked, or hot-formed and further worked (excl. forged products, semi-finished products, flat-rolled products and hot-rolled bars and rods in irregularly wound coils)",Iron & Steel,Column B,(G)(1),0.78800000000000003
72281090,"Bars and rods of high-speed steel, not further worked than cold-formed or cold-finished, whether or not further worked, or hot-formed and further worked (excl. forged products, semi-finished products, flat-rolled products and hot-rolled bars and rods in irregularly wound coils)",Iron & Steel,Column B,(H)(1),0.44600000000000001
72281090,"Bars and rods of high-speed steel, not further worked than cold-formed or cold-finished, whether or not further worked, or hot-formed and further worked (excl. forged products, semi-finished products, flat-rolled products and hot-rolled bars and rods in irregularly wound coils)",Iron & Steel,Column B,(J)(1),0.98599999999999999
72281090,"Bars and rods of high-speed steel, not further worked than cold-formed or cold-finished, whether or not further worked, or hot-formed and further worked (excl. forged products, semi-finished products, flat-rolled products and hot-rolled bars and rods in irregularly wound coils)",Iron & Steel,Column B,(F)(2),1.446
72281090,"Bars and rods of high-speed steel, not further worked than cold-formed or cold-finished, whether or not further worked, or hot-formed and further worked (excl. forged products, semi-finished products, flat-rolled products and hot-rolled bars and rods in irregularly wound coils)",Iron & Steel,Column B,(G)(2),0.77500000000000002
72281090,"Bars and rods of high-speed steel, not further worked than cold-formed or cold-finished, whether or not further worked, or hot-formed and further worked (excl. forged products, semi-finished products, flat-rolled products and hot-rolled bars and rods in irregularly wound coils)",Iron & Steel,Column B,(H)(2),0.433
72281090,"Bars and rods of high-speed steel, not further worked than cold-formed or cold-finished, whether or not further worked, or hot-formed and further worked (excl. forged products, semi-finished products, flat-rolled products and hot-rolled bars and rods in irregularly wound coils)",Iron & Steel,Column B,(J)(2),0.95399999999999996
72282010,"Bars and rods of silico-manganese steel, of rectangular ""other than square"" cross-section, hot-rolled on four faces (excl. semi-finished products, flat-rolled products and hot-rolled bars and rods in irregularly wound coils)",Iron & Steel,Column A,,0.109
72282010,"Bars and rods of silico-manganese steel, of rectangular ""other than square"" cross-section, hot-rolled on four faces (excl. semi-finished products, flat-rolled products and hot-rolled bars and rods in irregularly wound coils)",Iron & Steel,Column B,(F)(1),1.613
72282010,"Bars and rods of silico-manganese steel, of rectangular ""other than square"" cross-section, hot-rolled on four faces (excl. semi-finished products, flat-rolled products and hot-rolled bars and rods in irregularly wound coils)",Iron & Steel,Column B,(G)(1),0.78800000000000003
72282010,"Bars and rods of silico-manganese steel, of rectangular ""other than square"" cross-section, hot-rolled on four faces (excl. semi-finished products, flat-rolled products and hot-rolled bars and rods in irregularly wound coils)",Iron & Steel,Column B,(H)(1),0.44600000000000001
72282010,"Bars and rods of silico-manganese steel, of rectangular ""other than square"" cross-section, hot-rolled on four faces (excl. semi-finished products, flat-rolled products and hot-rolled bars and rods in irregularly wound coils)",Iron & Steel,Column B,(J)(1),0.98599999999999999
72282010,"Bars and rods of silico-manganese steel, of rectangular ""other than square"" cross-section, hot-rolled on four faces (excl. semi-finished products, flat-rolled products and hot-rolled bars and rods in irregularly wound coils)",Iron & Steel,Column B,(F)(2),1.446
72282010,"Bars and rods of silico-manganese steel, of rectangular ""other than square"" cross-section, hot-rolled on four faces (excl. semi-finished products, flat-rolled products and hot-rolled bars and rods in irregularly wound coils)",Iron & Steel,Column B,(G)(2),0.77500000000000002
72282010,"Bars and rods of silico-manganese steel, of rectangular ""other than square"" cross-section, hot-rolled on four faces (excl. semi-finished products, flat-rolled products and hot-rolled bars and rods in irregularly wound coils)",Iron & Steel,Column B,(H)(2),0.433
72282010,"Bars and rods of silico-manganese steel, of rectangular ""other than square"" cross-section, hot-rolled on four faces (excl. semi-finished products, flat-rolled products and hot-rolled bars and rods in irregularly wound coils)",Iron & Steel,Column B,(J)(2),0.95399999999999996
72282091,"Bars and rods of silico-manganese steel, of square or other than rectangular cross-section, not further worked than hot-rolled, hot-drawn or extruded, and hot-rolled, hot-drawn or extruded, not further worked than clad (excl. semi-finished products, flat-rolled products and hot-rolled bars and rods in irregularly wound coils)",Iron & Steel,Column A,,0.109
72282091,"Bars and rods of silico-manganese steel, of square or other than rectangular cross-section, not further worked than hot-rolled, hot-drawn or extruded, and hot-rolled, hot-drawn or extruded, not further worked than clad (excl. semi-finished products, flat-rolled products and hot-rolled bars and rods in irregularly wound coils)",Iron & Steel,Column B,(F)(1),1.613
72282091,"Bars and rods of silico-manganese steel, of square or other than rectangular cross-section, not further worked than hot-rolled, hot-drawn or extruded, and hot-rolled, hot-drawn or extruded, not further worked than clad (excl. semi-finished products, flat-rolled products and hot-rolled bars and rods in irregularly wound coils)",Iron & Steel,Column B,(G)(1),0.78800000000000003
72282091,"Bars and rods of silico-manganese steel, of square or other than rectangular cross-section, not further worked than hot-rolled, hot-drawn or extruded, and hot-rolled, hot-drawn or extruded, not further worked than clad (excl. semi-finished products, flat-rolled products and hot-rolled bars and rods in irregularly wound coils)",Iron & Steel,Column B,(H)(1),0.44600000000000001
72282091,"Bars and rods of silico-manganese steel, of square or other than rectangular cross-section, not further worked than hot-rolled, hot-drawn or extruded, and hot-rolled, hot-drawn or extruded, not further worked than clad (excl. semi-finished products, flat-rolled products and hot-rolled bars and rods in irregularly wound coils)",Iron & Steel,Column B,(J)(1),0.98599999999999999
72282091,"Bars and rods of silico-manganese steel, of square or other than rectangular cross-section, not further worked than hot-rolled, hot-drawn or extruded, and hot-rolled, hot-drawn or extruded, not further worked than clad (excl. semi-finished products, flat-rolled products and hot-rolled bars and rods in irregularly wound coils)",Iron & Steel,Column B,(F)(2),1.446
72282091,"Bars and rods of silico-manganese steel, of square or other than rectangular cross-section, not further worked than hot-rolled, hot-drawn or extruded, and hot-rolled, hot-drawn or extruded, not further worked than clad (excl. semi-finished products, flat-rolled products and hot-rolled bars and rods in irregularly wound coils)",Iron & Steel,Column B,(G)(2),0.77500000000000002
72282091,"Bars and rods of silico-manganese steel, of square or other than rectangular cross-section, not further worked than hot-rolled, hot-drawn or extruded, and hot-rolled, hot-drawn or extruded, not further worked than clad (excl. semi-finished products, flat-rolled products and hot-rolled bars and rods in irregularly wound coils)",Iron & Steel,Column B,(H)(2),0.433
72282091,"Bars and rods of silico-manganese steel, of square or other than rectangular cross-section, not further worked than hot-rolled, hot-drawn or extruded, and hot-rolled, hot-drawn or extruded, not further worked than clad (excl. semi-finished products, flat-rolled products and hot-rolled bars and rods in irregularly wound coils)",Iron & Steel,Column B,(J)(2),0.95399999999999996
72282099,"Bars and rods of silico-manganese stee, of square or other than rectangular cross-section, only cold-formed or cold-finished, incl. further worked, or hot-rolled and further worked (excl. hot-rolled, hot drawn or extruded, not further worked than clad, semi-finished products, flat-rolled products and hot-rolled bars and rods in irregularly wound coils)",Iron & Steel,Column A,,0.109
72282099,"Bars and rods of silico-manganese stee, of square or other than rectangular cross-section, only cold-formed or cold-finished, incl. further worked, or hot-rolled and further worked (excl. hot-rolled, hot drawn or extruded, not further worked than clad, semi-finished products, flat-rolled products and hot-rolled bars and rods in irregularly wound coils)",Iron & Steel,Column B,(F)(1),1.613
72282099,"Bars and rods of silico-manganese stee, of square or other than rectangular cross-section, only cold-formed or cold-finished, incl. further worked, or hot-rolled and further worked (excl. hot-rolled, hot drawn or extruded, not further worked than clad, semi-finished products, flat-rolled products and hot-rolled bars and rods in irregularly wound coils)",Iron & Steel,Column B,(G)(1),0.78800000000000003
72282099,"Bars and rods of silico-manganese stee, of square or other than rectangular cross-section, only cold-formed or cold-finished, incl. further worked, or hot-rolled and further worked (excl. hot-rolled, hot drawn or extruded, not further worked than clad, semi-finished products, flat-rolled products and hot-rolled bars and rods in irregularly wound coils)",Iron & Steel,Column B,(H)(1),0.44600000000000001
72282099,"Bars and rods of silico-manganese stee, of square or other than rectangular cross-section, only cold-formed or cold-finished, incl. further worked, or hot-rolled and further worked (excl. hot-rolled, hot drawn or extruded, not further worked than clad, semi-finished products, flat-rolled products and hot-rolled bars and rods in irregularly wound coils)",Iron & Steel,Column B,(J)(1),0.98599999999999999
72282099,"Bars and rods of silico-manganese stee, of square or other than rectangular cross-section, only cold-formed or cold-finished, incl. further worked, or hot-rolled and further worked (excl. hot-rolled, hot drawn or extruded, not further worked than clad, semi-finished products, flat-rolled products and hot-rolled bars and rods in irregularly wound coils)",Iron & Steel,Column B,(F)(2),1.446
72282099,"Bars and rods of silico-manganese stee, of square or other than rectangular cross-section, only cold-formed or cold-finished, incl. further worked, or hot-rolled and further worked (excl. hot-rolled, hot drawn or extruded, not further worked than clad, semi-finished products, flat-rolled products and hot-rolled bars and rods in irregularly wound coils)",Iron & Steel,Column B,(G)(2),0.77500000000000002
72282099,"Bars and rods of silico-manganese stee, of square or other than rectangular cross-section, only cold-formed or cold-finished, incl. further worked, or hot-rolled and further worked (excl. hot-rolled, hot drawn or extruded, not further worked than clad, semi-finished products, flat-rolled products and hot-rolled bars and rods in irregularly wound coils)",Iron & Steel,Column B,(H)(2),0.433
72282099,"Bars and rods of silico-manganese stee, of square or other than rectangular cross-section, only cold-formed or cold-finished, incl. further worked, or hot-rolled and further worked (excl. hot-rolled, hot drawn or extruded, not further worked than clad, semi-finished products, flat-rolled products and hot-rolled bars and rods in irregularly wound coils)",Iron & Steel,Column B,(J)(2),0.95399999999999996
72283020,"Bars and rods of tool steel, only hot-rolled, only hot-drawn or only extruded (excl. semi-finished products, flat-rolled products and hot-rolled bars and rods in irregularly wound coils)",Iron & Steel,Column A,,0.109
72283020,"Bars and rods of tool steel, only hot-rolled, only hot-drawn or only extruded (excl. semi-finished products, flat-rolled products and hot-rolled bars and rods in irregularly wound coils)",Iron & Steel,Column B,(F)(1),1.613
72283020,"Bars and rods of tool steel, only hot-rolled, only hot-drawn or only extruded (excl. semi-finished products, flat-rolled products and hot-rolled bars and rods in irregularly wound coils)",Iron & Steel,Column B,(G)(1),0.78800000000000003
72283020,"Bars and rods of tool steel, only hot-rolled, only hot-drawn or only extruded (excl. semi-finished products, flat-rolled products and hot-rolled bars and rods in irregularly wound coils)",Iron & Steel,Column B,(H)(1),0.44600000000000001
72283020,"Bars and rods of tool steel, only hot-rolled, only hot-drawn or only extruded (excl. semi-finished products, flat-rolled products and hot-rolled bars and rods in irregularly wound coils)",Iron & Steel,Column B,(J)(1),0.98599999999999999
72283020,"Bars and rods of tool steel, only hot-rolled, only hot-drawn or only extruded (excl. semi-finished products, flat-rolled products and hot-rolled bars and rods in irregularly wound coils)",Iron & Steel,Column B,(F)(2),1.446
72283020,"Bars and rods of tool steel, only hot-rolled, only hot-drawn or only extruded (excl. semi-finished products, flat-rolled products and hot-rolled bars and rods in irregularly wound coils)",Iron & Steel,Column B,(G)(2),0.77500000000000002
72283020,"Bars and rods of tool steel, only hot-rolled, only hot-drawn or only extruded (excl. semi-finished products, flat-rolled products and hot-rolled bars and rods in irregularly wound coils)",Iron & Steel,Column B,(H)(2),0.433
72283020,"Bars and rods of tool steel, only hot-rolled, only hot-drawn or only extruded (excl. semi-finished products, flat-rolled products and hot-rolled bars and rods in irregularly wound coils)",Iron & Steel,Column B,(J)(2),0.95399999999999996
72283041,"Bars and rods of steel containing by weight 0,9 to 1,15% of carbon and 0,5 to 2% of chromium, and, if present, <= 0,5% of molybdenum, only hot-rolled, hot-drawn or hot-extruded, of a circular cross-section of a diameter of >= 80 mm (excl. semi-finished products, flat-rolled products and hot-rolled bars and rods in irregularly wound coils)",Iron & Steel,Column A,,0.109
72283041,"Bars and rods of steel containing by weight 0,9 to 1,15% of carbon and 0,5 to 2% of chromium, and, if present, <= 0,5% of molybdenum, only hot-rolled, hot-drawn or hot-extruded, of a circular cross-section of a diameter of >= 80 mm (excl. semi-finished products, flat-rolled products and hot-rolled bars and rods in irregularly wound coils)",Iron & Steel,Column B,(C),1.4350000000000001
72283041,"Bars and rods of steel containing by weight 0,9 to 1,15% of carbon and 0,5 to 2% of chromium, and, if present, <= 0,5% of molybdenum, only hot-rolled, hot-drawn or hot-extruded, of a circular cross-section of a diameter of >= 80 mm (excl. semi-finished products, flat-rolled products and hot-rolled bars and rods in irregularly wound coils)",Iron & Steel,Column B,(D),0.54600000000000004
72283041,"Bars and rods of steel containing by weight 0,9 to 1,15% of carbon and 0,5 to 2% of chromium, and, if present, <= 0,5% of molybdenum, only hot-rolled, hot-drawn or hot-extruded, of a circular cross-section of a diameter of >= 80 mm (excl. semi-finished products, flat-rolled products and hot-rolled bars and rods in irregularly wound coils)",Iron & Steel,Column B,(E),0.13700000000000001
72283049,"Bars and rods of steel containing by weight 0,9 to 1,15% of carbon and 0,5 to 2% of chromium, and, if present, <= 0,5% of molybdenum, only hot-rolled, only hot-drawn or hot-extruded (other than of circular cross-section, of a diameter of >= 80 mm and excl. semi-finished products, flat-rolled products and hot-rolled bars and rods in irregularly wound coils)",Iron & Steel,Column A,,0.109
72283049,"Bars and rods of steel containing by weight 0,9 to 1,15% of carbon and 0,5 to 2% of chromium, and, if present, <= 0,5% of molybdenum, only hot-rolled, only hot-drawn or hot-extruded (other than of circular cross-section, of a diameter of >= 80 mm and excl. semi-finished products, flat-rolled products and hot-rolled bars and rods in irregularly wound coils)",Iron & Steel,Column B,(C),1.4350000000000001
72283049,"Bars and rods of steel containing by weight 0,9 to 1,15% of carbon and 0,5 to 2% of chromium, and, if present, <= 0,5% of molybdenum, only hot-rolled, only hot-drawn or hot-extruded (other than of circular cross-section, of a diameter of >= 80 mm and excl. semi-finished products, flat-rolled products and hot-rolled bars and rods in irregularly wound coils)",Iron & Steel,Column B,(D),0.54600000000000004
72283049,"Bars and rods of steel containing by weight 0,9 to 1,15% of carbon and 0,5 to 2% of chromium, and, if present, <= 0,5% of molybdenum, only hot-rolled, only hot-drawn or hot-extruded (other than of circular cross-section, of a diameter of >= 80 mm and excl. semi-finished products, flat-rolled products and hot-rolled bars and rods in irregularly wound coils)",Iron & Steel,Column B,(E),0.13700000000000001
72283061,"Bars and rods of alloy steel other than stainless steel, only hot-rolled, hot-drawn or hot-extruded, of circular cross-section, of a diameter of >= 80 mm (other than of high-speed steel, silico-manganese steel, tool steel, articles of subheading 7228.30.41 and excl. semi-finished products, flat-rolled products and hot-rolled bars and rods in irregularly wound coils)",Iron & Steel,Column A,,0.109
72283061,"Bars and rods of alloy steel other than stainless steel, only hot-rolled, hot-drawn or hot-extruded, of circular cross-section, of a diameter of >= 80 mm (other than of high-speed steel, silico-manganese steel, tool steel, articles of subheading 7228.30.41 and excl. semi-finished products, flat-rolled products and hot-rolled bars and rods in irregularly wound coils)",Iron & Steel,Column B,(F)(1),1.613
72283061,"Bars and rods of alloy steel other than stainless steel, only hot-rolled, hot-drawn or hot-extruded, of circular cross-section, of a diameter of >= 80 mm (other than of high-speed steel, silico-manganese steel, tool steel, articles of subheading 7228.30.41 and excl. semi-finished products, flat-rolled products and hot-rolled bars and rods in irregularly wound coils)",Iron & Steel,Column B,(G)(1),0.78800000000000003
72283061,"Bars and rods of alloy steel other than stainless steel, only hot-rolled, hot-drawn or hot-extruded, of circular cross-section, of a diameter of >= 80 mm (other than of high-speed steel, silico-manganese steel, tool steel, articles of subheading 7228.30.41 and excl. semi-finished products, flat-rolled products and hot-rolled bars and rods in irregularly wound coils)",Iron & Steel,Column B,(H)(1),0.44600000000000001
72283061,"Bars and rods of alloy steel other than stainless steel, only hot-rolled, hot-drawn or hot-extruded, of circular cross-section, of a diameter of >= 80 mm (other than of high-speed steel, silico-manganese steel, tool steel, articles of subheading 7228.30.41 and excl. semi-finished products, flat-rolled products and hot-rolled bars and rods in irregularly wound coils)",Iron & Steel,Column B,(J)(1),0.98599999999999999
72283061,"Bars and rods of alloy steel other than stainless steel, only hot-rolled, hot-drawn or hot-extruded, of circular cross-section, of a diameter of >= 80 mm (other than of high-speed steel, silico-manganese steel, tool steel, articles of subheading 7228.30.41 and excl. semi-finished products, flat-rolled products and hot-rolled bars and rods in irregularly wound coils)",Iron & Steel,Column B,(F)(2),1.446
72283061,"Bars and rods of alloy steel other than stainless steel, only hot-rolled, hot-drawn or hot-extruded, of circular cross-section, of a diameter of >= 80 mm (other than of high-speed steel, silico-manganese steel, tool steel, articles of subheading 7228.30.41 and excl. semi-finished products, flat-rolled products and hot-rolled bars and rods in irregularly wound coils)",Iron & Steel,Column B,(G)(2),0.77500000000000002
72283061,"Bars and rods of alloy steel other than stainless steel, only hot-rolled, hot-drawn or hot-extruded, of circular cross-section, of a diameter of >= 80 mm (other than of high-speed steel, silico-manganese steel, tool steel, articles of subheading 7228.30.41 and excl. semi-finished products, flat-rolled products and hot-rolled bars and rods in irregularly wound coils)",Iron & Steel,Column B,(H)(2),0.433
72283061,"Bars and rods of alloy steel other than stainless steel, only hot-rolled, hot-drawn or hot-extruded, of circular cross-section, of a diameter of >= 80 mm (other than of high-speed steel, silico-manganese steel, tool steel, articles of subheading 7228.30.41 and excl. semi-finished products, flat-rolled products and hot-rolled bars and rods in irregularly wound coils)",Iron & Steel,Column B,(J)(2),0.95399999999999996
72283069,"Bars and rods or alloy steel other than stainless steel, only hot-rolled, hot-drawn or hot-extruded, of circular cross-section, of a diameter of < 80 mm (other than of high-speed steel, silico-manganese steel, tool steel and articles of subheading 7228.30.49 and excl. semi-finished products, flat-rolled products and hot-rolled bars and rods in irregularly wound coils)",Iron & Steel,Column A,,0.109
72283069,"Bars and rods or alloy steel other than stainless steel, only hot-rolled, hot-drawn or hot-extruded, of circular cross-section, of a diameter of < 80 mm (other than of high-speed steel, silico-manganese steel, tool steel and articles of subheading 7228.30.49 and excl. semi-finished products, flat-rolled products and hot-rolled bars and rods in irregularly wound coils)",Iron & Steel,Column B,(F)(1),1.613
72283069,"Bars and rods or alloy steel other than stainless steel, only hot-rolled, hot-drawn or hot-extruded, of circular cross-section, of a diameter of < 80 mm (other than of high-speed steel, silico-manganese steel, tool steel and articles of subheading 7228.30.49 and excl. semi-finished products, flat-rolled products and hot-rolled bars and rods in irregularly wound coils)",Iron & Steel,Column B,(G)(1),0.78800000000000003
72283069,"Bars and rods or alloy steel other than stainless steel, only hot-rolled, hot-drawn or hot-extruded, of circular cross-section, of a diameter of < 80 mm (other than of high-speed steel, silico-manganese steel, tool steel and articles of subheading 7228.30.49 and excl. semi-finished products, flat-rolled products and hot-rolled bars and rods in irregularly wound coils)",Iron & Steel,Column B,(H)(1),0.44600000000000001
72283069,"Bars and rods or alloy steel other than stainless steel, only hot-rolled, hot-drawn or hot-extruded, of circular cross-section, of a diameter of < 80 mm (other than of high-speed steel, silico-manganese steel, tool steel and articles of subheading 7228.30.49 and excl. semi-finished products, flat-rolled products and hot-rolled bars and rods in irregularly wound coils)",Iron & Steel,Column B,(J)(1),0.98599999999999999
72283069,"Bars and rods or alloy steel other than stainless steel, only hot-rolled, hot-drawn or hot-extruded, of circular cross-section, of a diameter of < 80 mm (other than of high-speed steel, silico-manganese steel, tool steel and articles of subheading 7228.30.49 and excl. semi-finished products, flat-rolled products and hot-rolled bars and rods in irregularly wound coils)",Iron & Steel,Column B,(F)(2),1.446
72283069,"Bars and rods or alloy steel other than stainless steel, only hot-rolled, hot-drawn or hot-extruded, of circular cross-section, of a diameter of < 80 mm (other than of high-speed steel, silico-manganese steel, tool steel and articles of subheading 7228.30.49 and excl. semi-finished products, flat-rolled products and hot-rolled bars and rods in irregularly wound coils)",Iron & Steel,Column B,(G)(2),0.77500000000000002
72283069,"Bars and rods or alloy steel other than stainless steel, only hot-rolled, hot-drawn or hot-extruded, of circular cross-section, of a diameter of < 80 mm (other than of high-speed steel, silico-manganese steel, tool steel and articles of subheading 7228.30.49 and excl. semi-finished products, flat-rolled products and hot-rolled bars and rods in irregularly wound coils)",Iron & Steel,Column B,(H)(2),0.433
72283069,"Bars and rods or alloy steel other than stainless steel, only hot-rolled, hot-drawn or hot-extruded, of circular cross-section, of a diameter of < 80 mm (other than of high-speed steel, silico-manganese steel, tool steel and articles of subheading 7228.30.49 and excl. semi-finished products, flat-rolled products and hot-rolled bars and rods in irregularly wound coils)",Iron & Steel,Column B,(J)(2),0.95399999999999996
72283070,"Bars and rods of alloy steel other than stainless steel, of rectangular ""other than square"" cross-section, hot-rolled on four faces (other than of high-speed steel, silico-manganese steel, tool steel, articles of subheading 7228.30.41 and 7228.30.49 and excl. semi-finished products, flat-rolled products and hot-rolled bars and rods in irregularly wound coils)",Iron & Steel,Column A,,0.109
72283070,"Bars and rods of alloy steel other than stainless steel, of rectangular ""other than square"" cross-section, hot-rolled on four faces (other than of high-speed steel, silico-manganese steel, tool steel, articles of subheading 7228.30.41 and 7228.30.49 and excl. semi-finished products, flat-rolled products and hot-rolled bars and rods in irregularly wound coils)",Iron & Steel,Column B,(F)(1),1.613
72283070,"Bars and rods of alloy steel other than stainless steel, of rectangular ""other than square"" cross-section, hot-rolled on four faces (other than of high-speed steel, silico-manganese steel, tool steel, articles of subheading 7228.30.41 and 7228.30.49 and excl. semi-finished products, flat-rolled products and hot-rolled bars and rods in irregularly wound coils)",Iron & Steel,Column B,(G)(1),0.78800000000000003
72283070,"Bars and rods of alloy steel other than stainless steel, of rectangular ""other than square"" cross-section, hot-rolled on four faces (other than of high-speed steel, silico-manganese steel, tool steel, articles of subheading 7228.30.41 and 7228.30.49 and excl. semi-finished products, flat-rolled products and hot-rolled bars and rods in irregularly wound coils)",Iron & Steel,Column B,(H)(1),0.44600000000000001
72283070,"Bars and rods of alloy steel other than stainless steel, of rectangular ""other than square"" cross-section, hot-rolled on four faces (other than of high-speed steel, silico-manganese steel, tool steel, articles of subheading 7228.30.41 and 7228.30.49 and excl. semi-finished products, flat-rolled products and hot-rolled bars and rods in irregularly wound coils)",Iron & Steel,Column B,(J)(1),0.98599999999999999
72283070,"Bars and rods of alloy steel other than stainless steel, of rectangular ""other than square"" cross-section, hot-rolled on four faces (other than of high-speed steel, silico-manganese steel, tool steel, articles of subheading 7228.30.41 and 7228.30.49 and excl. semi-finished products, flat-rolled products and hot-rolled bars and rods in irregularly wound coils)",Iron & Steel,Column B,(F)(2),1.446
72283070,"Bars and rods of alloy steel other than stainless steel, of rectangular ""other than square"" cross-section, hot-rolled on four faces (other than of high-speed steel, silico-manganese steel, tool steel, articles of subheading 7228.30.41 and 7228.30.49 and excl. semi-finished products, flat-rolled products and hot-rolled bars and rods in irregularly wound coils)",Iron & Steel,Column B,(G)(2),0.77500000000000002
72283070,"Bars and rods of alloy steel other than stainless steel, of rectangular ""other than square"" cross-section, hot-rolled on four faces (other than of high-speed steel, silico-manganese steel, tool steel, articles of subheading 7228.30.41 and 7228.30.49 and excl. semi-finished products, flat-rolled products and hot-rolled bars and rods in irregularly wound coils)",Iron & Steel,Column B,(H)(2),0.433
72283070,"Bars and rods of alloy steel other than stainless steel, of rectangular ""other than square"" cross-section, hot-rolled on four faces (other than of high-speed steel, silico-manganese steel, tool steel, articles of subheading 7228.30.41 and 7228.30.49 and excl. semi-finished products, flat-rolled products and hot-rolled bars and rods in irregularly wound coils)",Iron & Steel,Column B,(J)(2),0.95399999999999996
72283089,"Bars and rods of alloy steel other than stainless steel, only hot-rolled, hot-drawn or hot-extruded, of other than rectangular [other than square] cross-section, rolled on four faces, or of circular cross-section (other than of high-speed steel, silico-manganese steel, tool steel, articles of subheading 7228.30.49 and excl. semi-finished products, flat-rolled products and hot-rolled bars and rods in irregularly wound coils)",Iron & Steel,Column A,,0.109
72283089,"Bars and rods of alloy steel other than stainless steel, only hot-rolled, hot-drawn or hot-extruded, of other than rectangular [other than square] cross-section, rolled on four faces, or of circular cross-section (other than of high-speed steel, silico-manganese steel, tool steel, articles of subheading 7228.30.49 and excl. semi-finished products, flat-rolled products and hot-rolled bars and rods in irregularly wound coils)",Iron & Steel,Column B,(F)(1),1.613
72283089,"Bars and rods of alloy steel other than stainless steel, only hot-rolled, hot-drawn or hot-extruded, of other than rectangular [other than square] cross-section, rolled on four faces, or of circular cross-section (other than of high-speed steel, silico-manganese steel, tool steel, articles of subheading 7228.30.49 and excl. semi-finished products, flat-rolled products and hot-rolled bars and rods in irregularly wound coils)",Iron & Steel,Column B,(G)(1),0.78800000000000003
72283089,"Bars and rods of alloy steel other than stainless steel, only hot-rolled, hot-drawn or hot-extruded, of other than rectangular [other than square] cross-section, rolled on four faces, or of circular cross-section (other than of high-speed steel, silico-manganese steel, tool steel, articles of subheading 7228.30.49 and excl. semi-finished products, flat-rolled products and hot-rolled bars and rods in irregularly wound coils)",Iron & Steel,Column B,(H)(1),0.44600000000000001
72283089,"Bars and rods of alloy steel other than stainless steel, only hot-rolled, hot-drawn or hot-extruded, of other than rectangular [other than square] cross-section, rolled on four faces, or of circular cross-section (other than of high-speed steel, silico-manganese steel, tool steel, articles of subheading 7228.30.49 and excl. semi-finished products, flat-rolled products and hot-rolled bars and rods in irregularly wound coils)",Iron & Steel,Column B,(J)(1),0.98599999999999999
72283089,"Bars and rods of alloy steel other than stainless steel, only hot-rolled, hot-drawn or hot-extruded, of other than rectangular [other than square] cross-section, rolled on four faces, or of circular cross-section (other than of high-speed steel, silico-manganese steel, tool steel, articles of subheading 7228.30.49 and excl. semi-finished products, flat-rolled products and hot-rolled bars and rods in irregularly wound coils)",Iron & Steel,Column B,(F)(2),1.446
72283089,"Bars and rods of alloy steel other than stainless steel, only hot-rolled, hot-drawn or hot-extruded, of other than rectangular [other than square] cross-section, rolled on four faces, or of circular cross-section (other than of high-speed steel, silico-manganese steel, tool steel, articles of subheading 7228.30.49 and excl. semi-finished products, flat-rolled products and hot-rolled bars and rods in irregularly wound coils)",Iron & Steel,Column B,(G)(2),0.77500000000000002
72283089,"Bars and rods of alloy steel other than stainless steel, only hot-rolled, hot-drawn or hot-extruded, of other than rectangular [other than square] cross-section, rolled on four faces, or of circular cross-section (other than of high-speed steel, silico-manganese steel, tool steel, articles of subheading 7228.30.49 and excl. semi-finished products, flat-rolled products and hot-rolled bars and rods in irregularly wound coils)",Iron & Steel,Column B,(H)(2),0.433
72283089,"Bars and rods of alloy steel other than stainless steel, only hot-rolled, hot-drawn or hot-extruded, of other than rectangular [other than square] cross-section, rolled on four faces, or of circular cross-section (other than of high-speed steel, silico-manganese steel, tool steel, articles of subheading 7228.30.49 and excl. semi-finished products, flat-rolled products and hot-rolled bars and rods in irregularly wound coils)",Iron & Steel,Column B,(J)(2),0.95399999999999996
72284010,"Bars and rods of tool steel, only forged (excl. semi-finished products, flat-rolled products and hot-rolled bars and rods in irregularly wound coils)",Iron & Steel,Column A,,0.30299999999999999
72284010,"Bars and rods of tool steel, only forged (excl. semi-finished products, flat-rolled products and hot-rolled bars and rods in irregularly wound coils)",Iron & Steel,Column B,(F)(1),1.8069999999999999
72284010,"Bars and rods of tool steel, only forged (excl. semi-finished products, flat-rolled products and hot-rolled bars and rods in irregularly wound coils)",Iron & Steel,Column B,(G)(1),0.98199999999999998
72284010,"Bars and rods of tool steel, only forged (excl. semi-finished products, flat-rolled products and hot-rolled bars and rods in irregularly wound coils)",Iron & Steel,Column B,(H)(1),0.64
72284010,"Bars and rods of tool steel, only forged (excl. semi-finished products, flat-rolled products and hot-rolled bars and rods in irregularly wound coils)",Iron & Steel,Column B,(J)(1),1.18
72284010,"Bars and rods of tool steel, only forged (excl. semi-finished products, flat-rolled products and hot-rolled bars and rods in irregularly wound coils)",Iron & Steel,Column B,(F)(2),1.64
72284010,"Bars and rods of tool steel, only forged (excl. semi-finished products, flat-rolled products and hot-rolled bars and rods in irregularly wound coils)",Iron & Steel,Column B,(G)(2),0.96899999999999997
72284010,"Bars and rods of tool steel, only forged (excl. semi-finished products, flat-rolled products and hot-rolled bars and rods in irregularly wound coils)",Iron & Steel,Column B,(H)(2),0.628
72284010,"Bars and rods of tool steel, only forged (excl. semi-finished products, flat-rolled products and hot-rolled bars and rods in irregularly wound coils)",Iron & Steel,Column B,(J)(2),1.1479999999999999
72284090,"Bars and rods of alloy steel, other than stainless steel, only forged (excl. of high-speed steel, silico-manganese steel, tool steel, semi-finished products, flat-rolled products and hot-rolled bars and rods in irregularly wound coils)",Iron & Steel,Column A,,0.30299999999999999
72284090,"Bars and rods of alloy steel, other than stainless steel, only forged (excl. of high-speed steel, silico-manganese steel, tool steel, semi-finished products, flat-rolled products and hot-rolled bars and rods in irregularly wound coils)",Iron & Steel,Column B,(F)(1),1.8069999999999999
72284090,"Bars and rods of alloy steel, other than stainless steel, only forged (excl. of high-speed steel, silico-manganese steel, tool steel, semi-finished products, flat-rolled products and hot-rolled bars and rods in irregularly wound coils)",Iron & Steel,Column B,(G)(1),0.98199999999999998
72284090,"Bars and rods of alloy steel, other than stainless steel, only forged (excl. of high-speed steel, silico-manganese steel, tool steel, semi-finished products, flat-rolled products and hot-rolled bars and rods in irregularly wound coils)",Iron & Steel,Column B,(H)(1),0.64
72284090,"Bars and rods of alloy steel, other than stainless steel, only forged (excl. of high-speed steel, silico-manganese steel, tool steel, semi-finished products, flat-rolled products and hot-rolled bars and rods in irregularly wound coils)",Iron & Steel,Column B,(J)(1),1.18
72284090,"Bars and rods of alloy steel, other than stainless steel, only forged (excl. of high-speed steel, silico-manganese steel, tool steel, semi-finished products, flat-rolled products and hot-rolled bars and rods in irregularly wound coils)",Iron & Steel,Column B,(F)(2),1.64
72284090,"Bars and rods of alloy steel, other than stainless steel, only forged (excl. of high-speed steel, silico-manganese steel, tool steel, semi-finished products, flat-rolled products and hot-rolled bars and rods in irregularly wound coils)",Iron & Steel,Column B,(G)(2),0.96899999999999997
72284090,"Bars and rods of alloy steel, other than stainless steel, only forged (excl. of high-speed steel, silico-manganese steel, tool steel, semi-finished products, flat-rolled products and hot-rolled bars and rods in irregularly wound coils)",Iron & Steel,Column B,(H)(2),0.628
72284090,"Bars and rods of alloy steel, other than stainless steel, only forged (excl. of high-speed steel, silico-manganese steel, tool steel, semi-finished products, flat-rolled products and hot-rolled bars and rods in irregularly wound coils)",Iron & Steel,Column B,(J)(2),1.1479999999999999
72285020,"Bars and rods of tool steel, only cold-formed or cold-finished (excl. semi-finished products, flat-rolled products and hot-rolled bars and rods in irregularly wound coils)",Iron & Steel,Column A,,0.109
72285020,"Bars and rods of tool steel, only cold-formed or cold-finished (excl. semi-finished products, flat-rolled products and hot-rolled bars and rods in irregularly wound coils)",Iron & Steel,Column B,(F)(1),1.613
72285020,"Bars and rods of tool steel, only cold-formed or cold-finished (excl. semi-finished products, flat-rolled products and hot-rolled bars and rods in irregularly wound coils)",Iron & Steel,Column B,(G)(1),0.78800000000000003
72285020,"Bars and rods of tool steel, only cold-formed or cold-finished (excl. semi-finished products, flat-rolled products and hot-rolled bars and rods in irregularly wound coils)",Iron & Steel,Column B,(H)(1),0.44600000000000001
72285020,"Bars and rods of tool steel, only cold-formed or cold-finished (excl. semi-finished products, flat-rolled products and hot-rolled bars and rods in irregularly wound coils)",Iron & Steel,Column B,(J)(1),0.98599999999999999
72285020,"Bars and rods of tool steel, only cold-formed or cold-finished (excl. semi-finished products, flat-rolled products and hot-rolled bars and rods in irregularly wound coils)",Iron & Steel,Column B,(F)(2),1.446
72285020,"Bars and rods of tool steel, only cold-formed or cold-finished (excl. semi-finished products, flat-rolled products and hot-rolled bars and rods in irregularly wound coils)",Iron & Steel,Column B,(G)(2),0.77500000000000002
72285020,"Bars and rods of tool steel, only cold-formed or cold-finished (excl. semi-finished products, flat-rolled products and hot-rolled bars and rods in irregularly wound coils)",Iron & Steel,Column B,(H)(2),0.433
72285020,"Bars and rods of tool steel, only cold-formed or cold-finished (excl. semi-finished products, flat-rolled products and hot-rolled bars and rods in irregularly wound coils)",Iron & Steel,Column B,(J)(2),0.95399999999999996
72285040,"Bars and rods of steel containing 0,9% to 1,15% of carbon, 0,5% to 2% of chromium and, if present <= 0,5% of molybdenum, only cold-formed or cold-finished (excl. semi-finished products, flat-rolled products and hot-rolled bars and rods in irregularly wound coils)",Iron & Steel,Column A,,0.109
72285040,"Bars and rods of steel containing 0,9% to 1,15% of carbon, 0,5% to 2% of chromium and, if present <= 0,5% of molybdenum, only cold-formed or cold-finished (excl. semi-finished products, flat-rolled products and hot-rolled bars and rods in irregularly wound coils)",Iron & Steel,Column B,(C),1.4350000000000001
72285040,"Bars and rods of steel containing 0,9% to 1,15% of carbon, 0,5% to 2% of chromium and, if present <= 0,5% of molybdenum, only cold-formed or cold-finished (excl. semi-finished products, flat-rolled products and hot-rolled bars and rods in irregularly wound coils)",Iron & Steel,Column B,(D),0.54600000000000004
72285040,"Bars and rods of steel containing 0,9% to 1,15% of carbon, 0,5% to 2% of chromium and, if present <= 0,5% of molybdenum, only cold-formed or cold-finished (excl. semi-finished products, flat-rolled products and hot-rolled bars and rods in irregularly wound coils)",Iron & Steel,Column B,(E),0.13700000000000001
72285061,"Bars and rods of alloy steel, other than stainless steel, not further worked than cold-formed or cold-finished, of circular cross-section, of a diameter of >= 80 mm (excl. of high-speed steel, silico-manganese steel, tool steel, articles of subheading 7228.50.40, semi-finished products, flat-rolled products and hot-rolled bars and rods in irregularly wound coils)",Iron & Steel,Column A,,0.109
72285061,"Bars and rods of alloy steel, other than stainless steel, not further worked than cold-formed or cold-finished, of circular cross-section, of a diameter of >= 80 mm (excl. of high-speed steel, silico-manganese steel, tool steel, articles of subheading 7228.50.40, semi-finished products, flat-rolled products and hot-rolled bars and rods in irregularly wound coils)",Iron & Steel,Column B,(F)(1),1.613
72285061,"Bars and rods of alloy steel, other than stainless steel, not further worked than cold-formed or cold-finished, of circular cross-section, of a diameter of >= 80 mm (excl. of high-speed steel, silico-manganese steel, tool steel, articles of subheading 7228.50.40, semi-finished products, flat-rolled products and hot-rolled bars and rods in irregularly wound coils)",Iron & Steel,Column B,(G)(1),0.78800000000000003
72285061,"Bars and rods of alloy steel, other than stainless steel, not further worked than cold-formed or cold-finished, of circular cross-section, of a diameter of >= 80 mm (excl. of high-speed steel, silico-manganese steel, tool steel, articles of subheading 7228.50.40, semi-finished products, flat-rolled products and hot-rolled bars and rods in irregularly wound coils)",Iron & Steel,Column B,(H)(1),0.44600000000000001
72285061,"Bars and rods of alloy steel, other than stainless steel, not further worked than cold-formed or cold-finished, of circular cross-section, of a diameter of >= 80 mm (excl. of high-speed steel, silico-manganese steel, tool steel, articles of subheading 7228.50.40, semi-finished products, flat-rolled products and hot-rolled bars and rods in irregularly wound coils)",Iron & Steel,Column B,(J)(1),0.98599999999999999
72285061,"Bars and rods of alloy steel, other than stainless steel, not further worked than cold-formed or cold-finished, of circular cross-section, of a diameter of >= 80 mm (excl. of high-speed steel, silico-manganese steel, tool steel, articles of subheading 7228.50.40, semi-finished products, flat-rolled products and hot-rolled bars and rods in irregularly wound coils)",Iron & Steel,Column B,(F)(2),1.446
72285061,"Bars and rods of alloy steel, other than stainless steel, not further worked than cold-formed or cold-finished, of circular cross-section, of a diameter of >= 80 mm (excl. of high-speed steel, silico-manganese steel, tool steel, articles of subheading 7228.50.40, semi-finished products, flat-rolled products and hot-rolled bars and rods in irregularly wound coils)",Iron & Steel,Column B,(G)(2),0.77500000000000002
72285061,"Bars and rods of alloy steel, other than stainless steel, not further worked than cold-formed or cold-finished, of circular cross-section, of a diameter of >= 80 mm (excl. of high-speed steel, silico-manganese steel, tool steel, articles of subheading 7228.50.40, semi-finished products, flat-rolled products and hot-rolled bars and rods in irregularly wound coils)",Iron & Steel,Column B,(H)(2),0.433
72285061,"Bars and rods of alloy steel, other than stainless steel, not further worked than cold-formed or cold-finished, of circular cross-section, of a diameter of >= 80 mm (excl. of high-speed steel, silico-manganese steel, tool steel, articles of subheading 7228.50.40, semi-finished products, flat-rolled products and hot-rolled bars and rods in irregularly wound coils)",Iron & Steel,Column B,(J)(2),0.95399999999999996
72285069,"Bars and rods of alloy steel, other than stainless steel, not further worked than cold-formed or cold-finished, of circular cross-section, of a diameter of < 80 mm (excl. of high-speed steel, silico-manganese steel, tool steel, articles of subheading 7228.50.40, semi-finished products, flat-rolled products and hot-rolled bars and rods in irregularly wound coils)",Iron & Steel,Column A,,0.109
72285069,"Bars and rods of alloy steel, other than stainless steel, not further worked than cold-formed or cold-finished, of circular cross-section, of a diameter of < 80 mm (excl. of high-speed steel, silico-manganese steel, tool steel, articles of subheading 7228.50.40, semi-finished products, flat-rolled products and hot-rolled bars and rods in irregularly wound coils)",Iron & Steel,Column B,(F)(1),1.613
72285069,"Bars and rods of alloy steel, other than stainless steel, not further worked than cold-formed or cold-finished, of circular cross-section, of a diameter of < 80 mm (excl. of high-speed steel, silico-manganese steel, tool steel, articles of subheading 7228.50.40, semi-finished products, flat-rolled products and hot-rolled bars and rods in irregularly wound coils)",Iron & Steel,Column B,(G)(1),0.78800000000000003
72285069,"Bars and rods of alloy steel, other than stainless steel, not further worked than cold-formed or cold-finished, of circular cross-section, of a diameter of < 80 mm (excl. of high-speed steel, silico-manganese steel, tool steel, articles of subheading 7228.50.40, semi-finished products, flat-rolled products and hot-rolled bars and rods in irregularly wound coils)",Iron & Steel,Column B,(H)(1),0.44600000000000001
72285069,"Bars and rods of alloy steel, other than stainless steel, not further worked than cold-formed or cold-finished, of circular cross-section, of a diameter of < 80 mm (excl. of high-speed steel, silico-manganese steel, tool steel, articles of subheading 7228.50.40, semi-finished products, flat-rolled products and hot-rolled bars and rods in irregularly wound coils)",Iron & Steel,Column B,(J)(1),0.98599999999999999
72285069,"Bars and rods of alloy steel, other than stainless steel, not further worked than cold-formed or cold-finished, of circular cross-section, of a diameter of < 80 mm (excl. of high-speed steel, silico-manganese steel, tool steel, articles of subheading 7228.50.40, semi-finished products, flat-rolled products and hot-rolled bars and rods in irregularly wound coils)",Iron & Steel,Column B,(F)(2),1.446
72285069,"Bars and rods of alloy steel, other than stainless steel, not further worked than cold-formed or cold-finished, of circular cross-section, of a diameter of < 80 mm (excl. of high-speed steel, silico-manganese steel, tool steel, articles of subheading 7228.50.40, semi-finished products, flat-rolled products and hot-rolled bars and rods in irregularly wound coils)",Iron & Steel,Column B,(G)(2),0.77500000000000002
72285069,"Bars and rods of alloy steel, other than stainless steel, not further worked than cold-formed or cold-finished, of circular cross-section, of a diameter of < 80 mm (excl. of high-speed steel, silico-manganese steel, tool steel, articles of subheading 7228.50.40, semi-finished products, flat-rolled products and hot-rolled bars and rods in irregularly wound coils)",Iron & Steel,Column B,(H)(2),0.433
72285069,"Bars and rods of alloy steel, other than stainless steel, not further worked than cold-formed or cold-finished, of circular cross-section, of a diameter of < 80 mm (excl. of high-speed steel, silico-manganese steel, tool steel, articles of subheading 7228.50.40, semi-finished products, flat-rolled products and hot-rolled bars and rods in irregularly wound coils)",Iron & Steel,Column B,(J)(2),0.95399999999999996
72285080,"Bars and rods of alloy steel, other than stainless steel, not further worked than cold-formed or cold-finished (excl. of circular cross-section and products of high-speed steel, silico-manganese steel, tool steel, articles of subheading 7228.50.40, semi-finished products, flat-rolled products and hot-rolled bars and rods in irregularly wound coils)",Iron & Steel,Column A,,0.109
72285080,"Bars and rods of alloy steel, other than stainless steel, not further worked than cold-formed or cold-finished (excl. of circular cross-section and products of high-speed steel, silico-manganese steel, tool steel, articles of subheading 7228.50.40, semi-finished products, flat-rolled products and hot-rolled bars and rods in irregularly wound coils)",Iron & Steel,Column B,(F)(1),1.613
72285080,"Bars and rods of alloy steel, other than stainless steel, not further worked than cold-formed or cold-finished (excl. of circular cross-section and products of high-speed steel, silico-manganese steel, tool steel, articles of subheading 7228.50.40, semi-finished products, flat-rolled products and hot-rolled bars and rods in irregularly wound coils)",Iron & Steel,Column B,(G)(1),0.78800000000000003
72285080,"Bars and rods of alloy steel, other than stainless steel, not further worked than cold-formed or cold-finished (excl. of circular cross-section and products of high-speed steel, silico-manganese steel, tool steel, articles of subheading 7228.50.40, semi-finished products, flat-rolled products and hot-rolled bars and rods in irregularly wound coils)",Iron & Steel,Column B,(H)(1),0.44600000000000001
72285080,"Bars and rods of alloy steel, other than stainless steel, not further worked than cold-formed or cold-finished (excl. of circular cross-section and products of high-speed steel, silico-manganese steel, tool steel, articles of subheading 7228.50.40, semi-finished products, flat-rolled products and hot-rolled bars and rods in irregularly wound coils)",Iron & Steel,Column B,(J)(1),0.98599999999999999
72285080,"Bars and rods of alloy steel, other than stainless steel, not further worked than cold-formed or cold-finished (excl. of circular cross-section and products of high-speed steel, silico-manganese steel, tool steel, articles of subheading 7228.50.40, semi-finished products, flat-rolled products and hot-rolled bars and rods in irregularly wound coils)",Iron & Steel,Column B,(F)(2),1.446
72285080,"Bars and rods of alloy steel, other than stainless steel, not further worked than cold-formed or cold-finished (excl. of circular cross-section and products of high-speed steel, silico-manganese steel, tool steel, articles of subheading 7228.50.40, semi-finished products, flat-rolled products and hot-rolled bars and rods in irregularly wound coils)",Iron & Steel,Column B,(G)(2),0.77500000000000002
72285080,"Bars and rods of alloy steel, other than stainless steel, not further worked than cold-formed or cold-finished (excl. of circular cross-section and products of high-speed steel, silico-manganese steel, tool steel, articles of subheading 7228.50.40, semi-finished products, flat-rolled products and hot-rolled bars and rods in irregularly wound coils)",Iron & Steel,Column B,(H)(2),0.433
72285080,"Bars and rods of alloy steel, other than stainless steel, not further worked than cold-formed or cold-finished (excl. of circular cross-section and products of high-speed steel, silico-manganese steel, tool steel, articles of subheading 7228.50.40, semi-finished products, flat-rolled products and hot-rolled bars and rods in irregularly wound coils)",Iron & Steel,Column B,(J)(2),0.95399999999999996
72286020,"Bars and rods of tool steel, cold-formed or cold-finished and further worked or hot-formed and further worked (excl. semi-finished products, flat-rolled products and hot-rolled bars and rods in irregularly wound coils)",Iron & Steel,Column A,,0.109
72286020,"Bars and rods of tool steel, cold-formed or cold-finished and further worked or hot-formed and further worked (excl. semi-finished products, flat-rolled products and hot-rolled bars and rods in irregularly wound coils)",Iron & Steel,Column B,(F)(1),1.613
72286020,"Bars and rods of tool steel, cold-formed or cold-finished and further worked or hot-formed and further worked (excl. semi-finished products, flat-rolled products and hot-rolled bars and rods in irregularly wound coils)",Iron & Steel,Column B,(G)(1),0.78800000000000003
72286020,"Bars and rods of tool steel, cold-formed or cold-finished and further worked or hot-formed and further worked (excl. semi-finished products, flat-rolled products and hot-rolled bars and rods in irregularly wound coils)",Iron & Steel,Column B,(H)(1),0.44600000000000001
72286020,"Bars and rods of tool steel, cold-formed or cold-finished and further worked or hot-formed and further worked (excl. semi-finished products, flat-rolled products and hot-rolled bars and rods in irregularly wound coils)",Iron & Steel,Column B,(J)(1),0.98599999999999999
72286020,"Bars and rods of tool steel, cold-formed or cold-finished and further worked or hot-formed and further worked (excl. semi-finished products, flat-rolled products and hot-rolled bars and rods in irregularly wound coils)",Iron & Steel,Column B,(F)(2),1.446
72286020,"Bars and rods of tool steel, cold-formed or cold-finished and further worked or hot-formed and further worked (excl. semi-finished products, flat-rolled products and hot-rolled bars and rods in irregularly wound coils)",Iron & Steel,Column B,(G)(2),0.77500000000000002
72286020,"Bars and rods of tool steel, cold-formed or cold-finished and further worked or hot-formed and further worked (excl. semi-finished products, flat-rolled products and hot-rolled bars and rods in irregularly wound coils)",Iron & Steel,Column B,(H)(2),0.433
72286020,"Bars and rods of tool steel, cold-formed or cold-finished and further worked or hot-formed and further worked (excl. semi-finished products, flat-rolled products and hot-rolled bars and rods in irregularly wound coils)",Iron & Steel,Column B,(J)(2),0.95399999999999996
72286080,"Bars and rods of alloy steel, other than stainless steel, cold-formed or cold-finished and further worked or hot-formed and further worked (excl. bars and rods of high-speed steel, silico-manganese steel or tool steel, semi-finished products, flat-rolled products and hot-rolled bars and rods in irregularly wound coils)",Iron & Steel,Column A,,0.109
72286080,"Bars and rods of alloy steel, other than stainless steel, cold-formed or cold-finished and further worked or hot-formed and further worked (excl. bars and rods of high-speed steel, silico-manganese steel or tool steel, semi-finished products, flat-rolled products and hot-rolled bars and rods in irregularly wound coils)",Iron & Steel,Column B,(F)(1),1.613
72286080,"Bars and rods of alloy steel, other than stainless steel, cold-formed or cold-finished and further worked or hot-formed and further worked (excl. bars and rods of high-speed steel, silico-manganese steel or tool steel, semi-finished products, flat-rolled products and hot-rolled bars and rods in irregularly wound coils)",Iron & Steel,Column B,(G)(1),0.78800000000000003
72286080,"Bars and rods of alloy steel, other than stainless steel, cold-formed or cold-finished and further worked or hot-formed and further worked (excl. bars and rods of high-speed steel, silico-manganese steel or tool steel, semi-finished products, flat-rolled products and hot-rolled bars and rods in irregularly wound coils)",Iron & Steel,Column B,(H)(1),0.44600000000000001
72286080,"Bars and rods of alloy steel, other than stainless steel, cold-formed or cold-finished and further worked or hot-formed and further worked (excl. bars and rods of high-speed steel, silico-manganese steel or tool steel, semi-finished products, flat-rolled products and hot-rolled bars and rods in irregularly wound coils)",Iron & Steel,Column B,(J)(1),0.98599999999999999
72286080,"Bars and rods of alloy steel, other than stainless steel, cold-formed or cold-finished and further worked or hot-formed and further worked (excl. bars and rods of high-speed steel, silico-manganese steel or tool steel, semi-finished products, flat-rolled products and hot-rolled bars and rods in irregularly wound coils)",Iron & Steel,Column B,(F)(2),1.446
72286080,"Bars and rods of alloy steel, other than stainless steel, cold-formed or cold-finished and further worked or hot-formed and further worked (excl. bars and rods of high-speed steel, silico-manganese steel or tool steel, semi-finished products, flat-rolled products and hot-rolled bars and rods in irregularly wound coils)",Iron & Steel,Column B,(G)(2),0.77500000000000002
72286080,"Bars and rods of alloy steel, other than stainless steel, cold-formed or cold-finished and further worked or hot-formed and further worked (excl. bars and rods of high-speed steel, silico-manganese steel or tool steel, semi-finished products, flat-rolled products and hot-rolled bars and rods in irregularly wound coils)",Iron & Steel,Column B,(H)(2),0.433
72286080,"Bars and rods of alloy steel, other than stainless steel, cold-formed or cold-finished and further worked or hot-formed and further worked (excl. bars and rods of high-speed steel, silico-manganese steel or tool steel, semi-finished products, flat-rolled products and hot-rolled bars and rods in irregularly wound coils)",Iron & Steel,Column B,(J)(2),0.95399999999999996
72287010,"Angles, shapes and sections of alloy steel other than stainless, not further worked than hot-rolled, hot-drawn or extruded",Iron & Steel,Column A,,0.109
72287010,"Angles, shapes and sections of alloy steel other than stainless, not further worked than hot-rolled, hot-drawn or extruded",Iron & Steel,Column B,(F)(1),1.613
72287010,"Angles, shapes and sections of alloy steel other than stainless, not further worked than hot-rolled, hot-drawn or extruded",Iron & Steel,Column B,(G)(1),0.78800000000000003
72287010,"Angles, shapes and sections of alloy steel other than stainless, not further worked than hot-rolled, hot-drawn or extruded",Iron & Steel,Column B,(H)(1),0.44600000000000001
72287010,"Angles, shapes and sections of alloy steel other than stainless, not further worked than hot-rolled, hot-drawn or extruded",Iron & Steel,Column B,(J)(1),0.98599999999999999
72287010,"Angles, shapes and sections of alloy steel other than stainless, not further worked than hot-rolled, hot-drawn or extruded",Iron & Steel,Column B,(F)(2),1.446
72287010,"Angles, shapes and sections of alloy steel other than stainless, not further worked than hot-rolled, hot-drawn or extruded",Iron & Steel,Column B,(G)(2),0.77500000000000002
72287010,"Angles, shapes and sections of alloy steel other than stainless, not further worked than hot-rolled, hot-drawn or extruded",Iron & Steel,Column B,(H)(2),0.433
72287010,"Angles, shapes and sections of alloy steel other than stainless, not further worked than hot-rolled, hot-drawn or extruded",Iron & Steel,Column B,(J)(2),0.95399999999999996
72287090,"Angles, shapes and sections of alloy steel other than stainless, n.e.s. (excl. products not further worked than hot-rolled, hot-drawn or extruded)",Iron & Steel,Column A,,0.109
72287090,"Angles, shapes and sections of alloy steel other than stainless, n.e.s. (excl. products not further worked than hot-rolled, hot-drawn or extruded)",Iron & Steel,Column B,(F)(1),1.613
72287090,"Angles, shapes and sections of alloy steel other than stainless, n.e.s. (excl. products not further worked than hot-rolled, hot-drawn or extruded)",Iron & Steel,Column B,(G)(1),0.78800000000000003
72287090,"Angles, shapes and sections of alloy steel other than stainless, n.e.s. (excl. products not further worked than hot-rolled, hot-drawn or extruded)",Iron & Steel,Column B,(H)(1),0.44600000000000001
72287090,"Angles, shapes and sections of alloy steel other than stainless, n.e.s. (excl. products not further worked than hot-rolled, hot-drawn or extruded)",Iron & Steel,Column B,(J)(1),0.98599999999999999
72287090,"Angles, shapes and sections of alloy steel other than stainless, n.e.s. (excl. products not further worked than hot-rolled, hot-drawn or extruded)",Iron & Steel,Column B,(F)(2),1.446
72287090,"Angles, shapes and sections of alloy steel other than stainless, n.e.s. (excl. products not further worked than hot-rolled, hot-drawn or extruded)",Iron & Steel,Column B,(G)(2),0.77500000000000002
72287090,"Angles, shapes and sections of alloy steel other than stainless, n.e.s. (excl. products not further worked than hot-rolled, hot-drawn or extruded)",Iron & Steel,Column B,(H)(2),0.433
72287090,"Angles, shapes and sections of alloy steel other than stainless, n.e.s. (excl. products not further worked than hot-rolled, hot-drawn or extruded)",Iron & Steel,Column B,(J)(2),0.95399999999999996
72288000,"Hollow drill bars and rods, of alloy or non-alloy steel",Iron & Steel,Column A,,0.109
72288000,"Hollow drill bars and rods, of alloy or non-alloy steel",Iron & Steel,Column B,(F)(1),1.613
72288000,"Hollow drill bars and rods, of alloy or non-alloy steel",Iron & Steel,Column B,(G)(1),0.78800000000000003
72288000,"Hollow drill bars and rods, of alloy or non-alloy steel",Iron & Steel,Column B,(H)(1),0.44600000000000001
72288000,"Hollow drill bars and rods, of alloy or non-alloy steel",Iron & Steel,Column B,(J)(1),0.98599999999999999
72288000,"Hollow drill bars and rods, of alloy or non-alloy steel",Iron & Steel,Column B,(F)(2),1.446
72288000,"Hollow drill bars and rods, of alloy or non-alloy steel",Iron & Steel,Column B,(G)(2),0.77500000000000002
72288000,"Hollow drill bars and rods, of alloy or non-alloy steel",Iron & Steel,Column B,(H)(2),0.433
72288000,"Hollow drill bars and rods, of alloy or non-alloy steel",Iron & Steel,Column B,(J)(2),0.95399999999999996
72292000,"Wire of silico-manganese steel, in coils (excl. bars and rods)",Iron & Steel,Column A,,0.109
72292000,"Wire of silico-manganese steel, in coils (excl. bars and rods)",Iron & Steel,Column B,(F)(1),1.613
72292000,"Wire of silico-manganese steel, in coils (excl. bars and rods)",Iron & Steel,Column B,(G)(1),0.78800000000000003
72292000,"Wire of silico-manganese steel, in coils (excl. bars and rods)",Iron & Steel,Column B,(H)(1),0.44600000000000001
72292000,"Wire of silico-manganese steel, in coils (excl. bars and rods)",Iron & Steel,Column B,(J)(1),0.98599999999999999
72292000,"Wire of silico-manganese steel, in coils (excl. bars and rods)",Iron & Steel,Column B,(F)(2),1.446
72292000,"Wire of silico-manganese steel, in coils (excl. bars and rods)",Iron & Steel,Column B,(G)(2),0.77500000000000002
72292000,"Wire of silico-manganese steel, in coils (excl. bars and rods)",Iron & Steel,Column B,(H)(2),0.433
72292000,"Wire of silico-manganese steel, in coils (excl. bars and rods)",Iron & Steel,Column B,(J)(2),0.95399999999999996
72299020,"Wire of high-speed steel, in coils (excl. bars and rods)",Iron & Steel,Column A,,0.109
72299020,"Wire of high-speed steel, in coils (excl. bars and rods)",Iron & Steel,Column B,(F)(1),1.613
72299020,"Wire of high-speed steel, in coils (excl. bars and rods)",Iron & Steel,Column B,(G)(1),0.78800000000000003
72299020,"Wire of high-speed steel, in coils (excl. bars and rods)",Iron & Steel,Column B,(H)(1),0.44600000000000001
72299020,"Wire of high-speed steel, in coils (excl. bars and rods)",Iron & Steel,Column B,(J)(1),0.98599999999999999
72299020,"Wire of high-speed steel, in coils (excl. bars and rods)",Iron & Steel,Column B,(F)(2),1.446
72299020,"Wire of high-speed steel, in coils (excl. bars and rods)",Iron & Steel,Column B,(G)(2),0.77500000000000002
72299020,"Wire of high-speed steel, in coils (excl. bars and rods)",Iron & Steel,Column B,(H)(2),0.433
72299020,"Wire of high-speed steel, in coils (excl. bars and rods)",Iron & Steel,Column B,(J)(2),0.95399999999999996
72299050,"Wire of steel containing by weight 0,9% to 1,1% of carbon, 0,5% to 2% of chromium and, if present, <= 0,5% of molybdenum, in coils (excl. rolled bars and rods)",Iron & Steel,Column A,,0.109
72299050,"Wire of steel containing by weight 0,9% to 1,1% of carbon, 0,5% to 2% of chromium and, if present, <= 0,5% of molybdenum, in coils (excl. rolled bars and rods)",Iron & Steel,Column B,(C),1.4350000000000001
72299050,"Wire of steel containing by weight 0,9% to 1,1% of carbon, 0,5% to 2% of chromium and, if present, <= 0,5% of molybdenum, in coils (excl. rolled bars and rods)",Iron & Steel,Column B,(D),0.54600000000000004
72299050,"Wire of steel containing by weight 0,9% to 1,1% of carbon, 0,5% to 2% of chromium and, if present, <= 0,5% of molybdenum, in coils (excl. rolled bars and rods)",Iron & Steel,Column B,(E),0.13700000000000001
72299090,"Wire of alloy steel other than stainless, in coils (excl. rolled bars and rods, wire of high-speed steel or silico-manganese steel and articles of subheading 7229.90.50)",Iron & Steel,Column A,,0.109
72299090,"Wire of alloy steel other than stainless, in coils (excl. rolled bars and rods, wire of high-speed steel or silico-manganese steel and articles of subheading 7229.90.50)",Iron & Steel,Column B,(F)(1),1.613
72299090,"Wire of alloy steel other than stainless, in coils (excl. rolled bars and rods, wire of high-speed steel or silico-manganese steel and articles of subheading 7229.90.50)",Iron & Steel,Column B,(G)(1),0.78800000000000003
72299090,"Wire of alloy steel other than stainless, in coils (excl. rolled bars and rods, wire of high-speed steel or silico-manganese steel and articles of subheading 7229.90.50)",Iron & Steel,Column B,(H)(1),0.44600000000000001
72299090,"Wire of alloy steel other than stainless, in coils (excl. rolled bars and rods, wire of high-speed steel or silico-manganese steel and articles of subheading 7229.90.50)",Iron & Steel,Column B,(J)(1),0.98599999999999999
72299090,"Wire of alloy steel other than stainless, in coils (excl. rolled bars and rods, wire of high-speed steel or silico-manganese steel and articles of subheading 7229.90.50)",Iron & Steel,Column B,(F)(2),1.446
72299090,"Wire of alloy steel other than stainless, in coils (excl. rolled bars and rods, wire of high-speed steel or silico-manganese steel and articles of subheading 7229.90.50)",Iron & Steel,Column B,(G)(2),0.77500000000000002
72299090,"Wire of alloy steel other than stainless, in coils (excl. rolled bars and rods, wire of high-speed steel or silico-manganese steel and articles of subheading 7229.90.50)",Iron & Steel,Column B,(H)(2),0.433
72299090,"Wire of alloy steel other than stainless, in coils (excl. rolled bars and rods, wire of high-speed steel or silico-manganese steel and articles of subheading 7229.90.50)",Iron & Steel,Column B,(J)(2),0.95399999999999996
73011000,"Sheet piling of iron or steel, whether or not drilled, punched or made from assembled elements",Iron & Steel,Column A,,0.079000000000000001
73011000,"Sheet piling of iron or steel, whether or not drilled, punched or made from assembled elements",Iron & Steel,Column B,(C),1.458
73011000,"Sheet piling of iron or steel, whether or not drilled, punched or made from assembled elements",Iron & Steel,Column B,(D),0.53300000000000003
73011000,"Sheet piling of iron or steel, whether or not drilled, punched or made from assembled elements",Iron & Steel,Column B,(E),0.108
73012000,"Angles, shapes and sections, of iron or steel, welded",Iron & Steel,Column A,,0.079000000000000001
73012000,"Angles, shapes and sections, of iron or steel, welded",Iron & Steel,Column B,(C),1.458
73012000,"Angles, shapes and sections, of iron or steel, welded",Iron & Steel,Column B,(D),0.53300000000000003
73012000,"Angles, shapes and sections, of iron or steel, welded",Iron & Steel,Column B,(E),0.108
73021010,"Current-conducting rails of iron or steel, with parts of non-ferrous metal, for railway or tramway track (excl. check-rails)",Iron & Steel,Column A,,0.057000000000000002
73021010,"Current-conducting rails of iron or steel, with parts of non-ferrous metal, for railway or tramway track (excl. check-rails)",Iron & Steel,Column B,(C),1.383
73021010,"Current-conducting rails of iron or steel, with parts of non-ferrous metal, for railway or tramway track (excl. check-rails)",Iron & Steel,Column B,(D),0.49399999999999999
73021010,"Current-conducting rails of iron or steel, with parts of non-ferrous metal, for railway or tramway track (excl. check-rails)",Iron & Steel,Column B,(E),0.085000000000000006
73021022,"Vignole rails of iron or steel, for railway or tramway track, new, of a weight of >= 36 kg/m",Iron & Steel,Column A,,0.057000000000000002
73021022,"Vignole rails of iron or steel, for railway or tramway track, new, of a weight of >= 36 kg/m",Iron & Steel,Column B,(C),1.383
73021022,"Vignole rails of iron or steel, for railway or tramway track, new, of a weight of >= 36 kg/m",Iron & Steel,Column B,(D),0.49399999999999999
73021022,"Vignole rails of iron or steel, for railway or tramway track, new, of a weight of >= 36 kg/m",Iron & Steel,Column B,(E),0.085000000000000006
73021028,"Vignole rails of iron or steel, for railway or tramway track, new, of a weight of < 36 kg/m",Iron & Steel,Column A,,0.057000000000000002
73021028,"Vignole rails of iron or steel, for railway or tramway track, new, of a weight of < 36 kg/m",Iron & Steel,Column B,(C),1.383
73021028,"Vignole rails of iron or steel, for railway or tramway track, new, of a weight of < 36 kg/m",Iron & Steel,Column B,(D),0.49399999999999999
73021028,"Vignole rails of iron or steel, for railway or tramway track, new, of a weight of < 36 kg/m",Iron & Steel,Column B,(E),0.085000000000000006
73021040,"Grooved rails of iron or steel, for railway or tramway track, new",Iron & Steel,Column A,,0.057000000000000002
73021040,"Grooved rails of iron or steel, for railway or tramway track, new",Iron & Steel,Column B,(C),1.383
73021040,"Grooved rails of iron or steel, for railway or tramway track, new",Iron & Steel,Column B,(D),0.49399999999999999
73021040,"Grooved rails of iron or steel, for railway or tramway track, new",Iron & Steel,Column B,(E),0.085000000000000006
73021050,"Rails of iron or steel, for railway or tramway track, new (excl. vignole rails, grooved rails, and current-conducting rails with parts of non-ferrous metal)",Iron & Steel,Column A,,0.057000000000000002
73021050,"Rails of iron or steel, for railway or tramway track, new (excl. vignole rails, grooved rails, and current-conducting rails with parts of non-ferrous metal)",Iron & Steel,Column B,(C),1.383
73021050,"Rails of iron or steel, for railway or tramway track, new (excl. vignole rails, grooved rails, and current-conducting rails with parts of non-ferrous metal)",Iron & Steel,Column B,(D),0.49399999999999999
73021050,"Rails of iron or steel, for railway or tramway track, new (excl. vignole rails, grooved rails, and current-conducting rails with parts of non-ferrous metal)",Iron & Steel,Column B,(E),0.085000000000000006
73021090,"Rails of iron or steel, for railway or tramway track, used (excl. current-conducting rails with parts of non-ferrous metal)",Iron & Steel,Column A,,0.057000000000000002
73021090,"Rails of iron or steel, for railway or tramway track, used (excl. current-conducting rails with parts of non-ferrous metal)",Iron & Steel,Column B,(C),1.383
73021090,"Rails of iron or steel, for railway or tramway track, used (excl. current-conducting rails with parts of non-ferrous metal)",Iron & Steel,Column B,(D),0.49399999999999999
73021090,"Rails of iron or steel, for railway or tramway track, used (excl. current-conducting rails with parts of non-ferrous metal)",Iron & Steel,Column B,(E),0.085000000000000006
73023000,"Switch blades, crossing frogs, point rods and other crossing pieces, for railway or tramway track, of iron or steel",Iron & Steel,Column A,,0.057000000000000002
73023000,"Switch blades, crossing frogs, point rods and other crossing pieces, for railway or tramway track, of iron or steel",Iron & Steel,Column B,(C),1.383
73023000,"Switch blades, crossing frogs, point rods and other crossing pieces, for railway or tramway track, of iron or steel",Iron & Steel,Column B,(D),0.49399999999999999
73023000,"Switch blades, crossing frogs, point rods and other crossing pieces, for railway or tramway track, of iron or steel",Iron & Steel,Column B,(E),0.085000000000000006
73024000,"Fish-plates and sole plates of iron or steel, for railways or tramways",Iron & Steel,Column A,,0.057000000000000002
73024000,"Fish-plates and sole plates of iron or steel, for railways or tramways",Iron & Steel,Column B,(C),1.383
73024000,"Fish-plates and sole plates of iron or steel, for railways or tramways",Iron & Steel,Column B,(D),0.49399999999999999
73024000,"Fish-plates and sole plates of iron or steel, for railways or tramways",Iron & Steel,Column B,(E),0.085000000000000006
73029000,"Sleepers ""cross-ties"", check-rails, rack rails, chairs, chair wedges, rail clips, bedplates and ties and other specialised material for the jointing or fixing of railway or tramway track, of iron or steel (excl. rails, switch blades, crossing frogs, point rods and other crossing pieces, and fish-plates and sole plates)",Iron & Steel,Column A,,0.057000000000000002
73029000,"Sleepers ""cross-ties"", check-rails, rack rails, chairs, chair wedges, rail clips, bedplates and ties and other specialised material for the jointing or fixing of railway or tramway track, of iron or steel (excl. rails, switch blades, crossing frogs, point rods and other crossing pieces, and fish-plates and sole plates)",Iron & Steel,Column B,(C),1.383
73029000,"Sleepers ""cross-ties"", check-rails, rack rails, chairs, chair wedges, rail clips, bedplates and ties and other specialised material for the jointing or fixing of railway or tramway track, of iron or steel (excl. rails, switch blades, crossing frogs, point rods and other crossing pieces, and fish-plates and sole plates)",Iron & Steel,Column B,(D),0.49399999999999999
73029000,"Sleepers ""cross-ties"", check-rails, rack rails, chairs, chair wedges, rail clips, bedplates and ties and other specialised material for the jointing or fixing of railway or tramway track, of iron or steel (excl. rails, switch blades, crossing frogs, point rods and other crossing pieces, and fish-plates and sole plates)",Iron & Steel,Column B,(E),0.085000000000000006
73030010,"Tubes and pipes of a kind used in pressure systems, of cast iron",Iron & Steel,Column A,,0.16300000000000001
73030010,"Tubes and pipes of a kind used in pressure systems, of cast iron",Iron & Steel,Column B,,1.484
73030090,"Tubes, pipes and hollow profiles, of cast iron (excl. products of a kind used in pressure systems)",Iron & Steel,Column A,,0.16300000000000001
73030090,"Tubes, pipes and hollow profiles, of cast iron (excl. products of a kind used in pressure systems)",Iron & Steel,Column B,,1.484
73041100,"Line pipe of a kind used for oil or gas pipelines, seamless, of stainless steel",Iron & Steel,Column A,,0.057000000000000002
73041100,"Line pipe of a kind used for oil or gas pipelines, seamless, of stainless steel",Iron & Steel,Column B,(1),1.173
73041100,"Line pipe of a kind used for oil or gas pipelines, seamless, of stainless steel",Iron & Steel,Column B,(2),1.135
73041910,"Line pipe of a kind used for oil or gas pipelines, seamless, of iron or steel, of an external diameter of <= 168,3 mm (excl. products of stainless steel or of cast iron)",Iron & Steel,Column A,,0.057000000000000002
73041910,"Line pipe of a kind used for oil or gas pipelines, seamless, of iron or steel, of an external diameter of <= 168,3 mm (excl. products of stainless steel or of cast iron)",Iron & Steel,Column B,(C),1.383
73041910,"Line pipe of a kind used for oil or gas pipelines, seamless, of iron or steel, of an external diameter of <= 168,3 mm (excl. products of stainless steel or of cast iron)",Iron & Steel,Column B,(D),0.49399999999999999
73041910,"Line pipe of a kind used for oil or gas pipelines, seamless, of iron or steel, of an external diameter of <= 168,3 mm (excl. products of stainless steel or of cast iron)",Iron & Steel,Column B,(E),0.085000000000000006
73041930,"Line pipe of a kind used for oil or gas pipelines, seamless, of iron or steel, of an external diameter of > 168,3 mm but <= 406,4 mm (excl. products of stainless steel or of cast iron)",Iron & Steel,Column A,,0.057000000000000002
73041930,"Line pipe of a kind used for oil or gas pipelines, seamless, of iron or steel, of an external diameter of > 168,3 mm but <= 406,4 mm (excl. products of stainless steel or of cast iron)",Iron & Steel,Column B,(C),1.383
73041930,"Line pipe of a kind used for oil or gas pipelines, seamless, of iron or steel, of an external diameter of > 168,3 mm but <= 406,4 mm (excl. products of stainless steel or of cast iron)",Iron & Steel,Column B,(D),0.49399999999999999
73041930,"Line pipe of a kind used for oil or gas pipelines, seamless, of iron or steel, of an external diameter of > 168,3 mm but <= 406,4 mm (excl. products of stainless steel or of cast iron)",Iron & Steel,Column B,(E),0.085000000000000006
73041990,"Line pipe of a kind used for oil or gas pipelines, seamless, of iron or steel, of an external diameter of > 406,4 mm (excl. products of stainless steel or of cast iron)",Iron & Steel,Column A,,0.057000000000000002
73041990,"Line pipe of a kind used for oil or gas pipelines, seamless, of iron or steel, of an external diameter of > 406,4 mm (excl. products of stainless steel or of cast iron)",Iron & Steel,Column B,(C),1.383
73041990,"Line pipe of a kind used for oil or gas pipelines, seamless, of iron or steel, of an external diameter of > 406,4 mm (excl. products of stainless steel or of cast iron)",Iron & Steel,Column B,(D),0.49399999999999999
73041990,"Line pipe of a kind used for oil or gas pipelines, seamless, of iron or steel, of an external diameter of > 406,4 mm (excl. products of stainless steel or of cast iron)",Iron & Steel,Column B,(E),0.085000000000000006
73042200,"Drill pipe, seamless, of stainless steel, of a kind used in drilling for oil or gas",Iron & Steel,Column A,,0.057000000000000002
73042200,"Drill pipe, seamless, of stainless steel, of a kind used in drilling for oil or gas",Iron & Steel,Column B,(1),1.173
73042200,"Drill pipe, seamless, of stainless steel, of a kind used in drilling for oil or gas",Iron & Steel,Column B,(2),1.135
73042300,"Drill pipe, seamless, of a kind used in drilling for oil or gas, of iron or steel (excl. products of stainless steel or of cast iron)",Iron & Steel,Column A,,0.057000000000000002
73042300,"Drill pipe, seamless, of a kind used in drilling for oil or gas, of iron or steel (excl. products of stainless steel or of cast iron)",Iron & Steel,Column B,(C),1.383
73042300,"Drill pipe, seamless, of a kind used in drilling for oil or gas, of iron or steel (excl. products of stainless steel or of cast iron)",Iron & Steel,Column B,(D),0.49399999999999999
73042300,"Drill pipe, seamless, of a kind used in drilling for oil or gas, of iron or steel (excl. products of stainless steel or of cast iron)",Iron & Steel,Column B,(E),0.085000000000000006
73042400,"Casing and tubing, seamless, of a kind used for drilling for oil or gas, of stainless steel",Iron & Steel,Column A,,0.057000000000000002
73042400,"Casing and tubing, seamless, of a kind used for drilling for oil or gas, of stainless steel",Iron & Steel,Column B,(1),1.173
73042400,"Casing and tubing, seamless, of a kind used for drilling for oil or gas, of stainless steel",Iron & Steel,Column B,(2),1.135
73042910,"Casing and tubing of a kind used for drilling for oil or gas, seamless, of iron or steel, of an external diameter <= 168,3 mm (excl. products of cast iron)",Iron & Steel,Column A,,0.057000000000000002
73042910,"Casing and tubing of a kind used for drilling for oil or gas, seamless, of iron or steel, of an external diameter <= 168,3 mm (excl. products of cast iron)",Iron & Steel,Column B,(C),1.383
73042910,"Casing and tubing of a kind used for drilling for oil or gas, seamless, of iron or steel, of an external diameter <= 168,3 mm (excl. products of cast iron)",Iron & Steel,Column B,(D),0.49399999999999999
73042910,"Casing and tubing of a kind used for drilling for oil or gas, seamless, of iron or steel, of an external diameter <= 168,3 mm (excl. products of cast iron)",Iron & Steel,Column B,(E),0.085000000000000006
73042930,"Casing and tubing of a kind used for drilling for oil or gas, seamless, of iron or steel, of an external diameter > 168,3 mm, but <= 406,4 mm (excl. products of cast iron)",Iron & Steel,Column A,,0.057000000000000002
73042930,"Casing and tubing of a kind used for drilling for oil or gas, seamless, of iron or steel, of an external diameter > 168,3 mm, but <= 406,4 mm (excl. products of cast iron)",Iron & Steel,Column B,(C),1.383
73042930,"Casing and tubing of a kind used for drilling for oil or gas, seamless, of iron or steel, of an external diameter > 168,3 mm, but <= 406,4 mm (excl. products of cast iron)",Iron & Steel,Column B,(D),0.49399999999999999
73042930,"Casing and tubing of a kind used for drilling for oil or gas, seamless, of iron or steel, of an external diameter > 168,3 mm, but <= 406,4 mm (excl. products of cast iron)",Iron & Steel,Column B,(E),0.085000000000000006
73042990,"Casing and tubing of a kind used for drilling for oil or gas, seamless, of iron or steel, of an external diameter > 406,4 mm (excl. products of cast iron)",Iron & Steel,Column A,,0.057000000000000002
73042990,"Casing and tubing of a kind used for drilling for oil or gas, seamless, of iron or steel, of an external diameter > 406,4 mm (excl. products of cast iron)",Iron & Steel,Column B,(C),1.383
73042990,"Casing and tubing of a kind used for drilling for oil or gas, seamless, of iron or steel, of an external diameter > 406,4 mm (excl. products of cast iron)",Iron & Steel,Column B,(D),0.49399999999999999
73042990,"Casing and tubing of a kind used for drilling for oil or gas, seamless, of iron or steel, of an external diameter > 406,4 mm (excl. products of cast iron)",Iron & Steel,Column B,(E),0.085000000000000006
73043120,"Precision tubes, seamless, of circular cross-section, of iron or non-alloy steel, cold-drawn or cold-rolled ""cold-reduced"" (excl. line pipe of a kind used for oil or gas pipelines or casing and tubing of a kind used for drilling for oil or gas)",Iron & Steel,Column A,,0.057000000000000002
73043120,"Precision tubes, seamless, of circular cross-section, of iron or non-alloy steel, cold-drawn or cold-rolled ""cold-reduced"" (excl. line pipe of a kind used for oil or gas pipelines or casing and tubing of a kind used for drilling for oil or gas)",Iron & Steel,Column B,(C),1.383
73043120,"Precision tubes, seamless, of circular cross-section, of iron or non-alloy steel, cold-drawn or cold-rolled ""cold-reduced"" (excl. line pipe of a kind used for oil or gas pipelines or casing and tubing of a kind used for drilling for oil or gas)",Iron & Steel,Column B,(D),0.49399999999999999
73043120,"Precision tubes, seamless, of circular cross-section, of iron or non-alloy steel, cold-drawn or cold-rolled ""cold-reduced"" (excl. line pipe of a kind used for oil or gas pipelines or casing and tubing of a kind used for drilling for oil or gas)",Iron & Steel,Column B,(E),0.085000000000000006
73043180,"Tubes, pipes and hollow profiles, seamless, of circular cross-section, of iron or non-alloy steel, cold-drawn or cold-rolled ""cold-reduced"" (excl. cast iron products, line pipe of a kind used for oil or gas pipelines, casing and tubing of a kind used for drilling for oil or gas and precision tubes)",Iron & Steel,Column A,,0.057000000000000002
73043180,"Tubes, pipes and hollow profiles, seamless, of circular cross-section, of iron or non-alloy steel, cold-drawn or cold-rolled ""cold-reduced"" (excl. cast iron products, line pipe of a kind used for oil or gas pipelines, casing and tubing of a kind used for drilling for oil or gas and precision tubes)",Iron & Steel,Column B,(C),1.383
73043180,"Tubes, pipes and hollow profiles, seamless, of circular cross-section, of iron or non-alloy steel, cold-drawn or cold-rolled ""cold-reduced"" (excl. cast iron products, line pipe of a kind used for oil or gas pipelines, casing and tubing of a kind used for drilling for oil or gas and precision tubes)",Iron & Steel,Column B,(D),0.49399999999999999
73043180,"Tubes, pipes and hollow profiles, seamless, of circular cross-section, of iron or non-alloy steel, cold-drawn or cold-rolled ""cold-reduced"" (excl. cast iron products, line pipe of a kind used for oil or gas pipelines, casing and tubing of a kind used for drilling for oil or gas and precision tubes)",Iron & Steel,Column B,(E),0.085000000000000006
73043950,"Threaded or threadable tubes ""gas pipe"", seamless, of iron or non-alloy steel (excl. of cast iron)",Iron & Steel,Column A,,0.057000000000000002
73043950,"Threaded or threadable tubes ""gas pipe"", seamless, of iron or non-alloy steel (excl. of cast iron)",Iron & Steel,Column B,(C),1.383
73043950,"Threaded or threadable tubes ""gas pipe"", seamless, of iron or non-alloy steel (excl. of cast iron)",Iron & Steel,Column B,(D),0.49399999999999999
73043950,"Threaded or threadable tubes ""gas pipe"", seamless, of iron or non-alloy steel (excl. of cast iron)",Iron & Steel,Column B,(E),0.085000000000000006
73043982,"Tubes, pipes and hollow profiles, seamless, of circular cross-section, of iron or non-alloy steel, of an external diameter of <= 168,3 mm (excl. cold-drawn or cold-rolled, of cast iron, line pipe of a kind used for oil or gas pipelines, casing, tubing and drill pipe of a kind used in drilling for oil or gas and tubes, and gas pipes of subheading 7304 39 50)",Iron & Steel,Column A,,0.057000000000000002
73043982,"Tubes, pipes and hollow profiles, seamless, of circular cross-section, of iron or non-alloy steel, of an external diameter of <= 168,3 mm (excl. cold-drawn or cold-rolled, of cast iron, line pipe of a kind used for oil or gas pipelines, casing, tubing and drill pipe of a kind used in drilling for oil or gas and tubes, and gas pipes of subheading 7304 39 50)",Iron & Steel,Column B,(C),1.383
73043982,"Tubes, pipes and hollow profiles, seamless, of circular cross-section, of iron or non-alloy steel, of an external diameter of <= 168,3 mm (excl. cold-drawn or cold-rolled, of cast iron, line pipe of a kind used for oil or gas pipelines, casing, tubing and drill pipe of a kind used in drilling for oil or gas and tubes, and gas pipes of subheading 7304 39 50)",Iron & Steel,Column B,(D),0.49399999999999999
73043982,"Tubes, pipes and hollow profiles, seamless, of circular cross-section, of iron or non-alloy steel, of an external diameter of <= 168,3 mm (excl. cold-drawn or cold-rolled, of cast iron, line pipe of a kind used for oil or gas pipelines, casing, tubing and drill pipe of a kind used in drilling for oil or gas and tubes, and gas pipes of subheading 7304 39 50)",Iron & Steel,Column B,(E),0.085000000000000006
73043983,"Tubes, pipes and hollow profiles, seamless, of circular cross-section, of iron or non-alloy steel, of an external diameter of > 168,3 mm but <= 406,4 mm (excl. cold-drawn or cold-rolled, of cast iron, line pipe of a kind used for oil or gas pipelines, casing, tubing and drill pipe of a kind used in drilling for oil or gas and tubes, and gas pipes of subheading 7304 39 50)",Iron & Steel,Column A,,0.057000000000000002
73043983,"Tubes, pipes and hollow profiles, seamless, of circular cross-section, of iron or non-alloy steel, of an external diameter of > 168,3 mm but <= 406,4 mm (excl. cold-drawn or cold-rolled, of cast iron, line pipe of a kind used for oil or gas pipelines, casing, tubing and drill pipe of a kind used in drilling for oil or gas and tubes, and gas pipes of subheading 7304 39 50)",Iron & Steel,Column B,(C),1.383
73043983,"Tubes, pipes and hollow profiles, seamless, of circular cross-section, of iron or non-alloy steel, of an external diameter of > 168,3 mm but <= 406,4 mm (excl. cold-drawn or cold-rolled, of cast iron, line pipe of a kind used for oil or gas pipelines, casing, tubing and drill pipe of a kind used in drilling for oil or gas and tubes, and gas pipes of subheading 7304 39 50)",Iron & Steel,Column B,(D),0.49399999999999999
73043983,"Tubes, pipes and hollow profiles, seamless, of circular cross-section, of iron or non-alloy steel, of an external diameter of > 168,3 mm but <= 406,4 mm (excl. cold-drawn or cold-rolled, of cast iron, line pipe of a kind used for oil or gas pipelines, casing, tubing and drill pipe of a kind used in drilling for oil or gas and tubes, and gas pipes of subheading 7304 39 50)",Iron & Steel,Column B,(E),0.085000000000000006
73043988,"Tubes, pipes and hollow profiles, seamless, of circular cross-section, of iron or non-alloy steel, of an external diameter of > 406,4 mm (excl. cold-drawn or cold-rolled, of cast iron, line pipe of a kind used for oil or gas pipelines, casing, tubing and drill pipe of a kind used in drilling for oil or gas and tubes, and gas pipes of subheading 7304 39 50)",Iron & Steel,Column A,,0.057000000000000002
73043988,"Tubes, pipes and hollow profiles, seamless, of circular cross-section, of iron or non-alloy steel, of an external diameter of > 406,4 mm (excl. cold-drawn or cold-rolled, of cast iron, line pipe of a kind used for oil or gas pipelines, casing, tubing and drill pipe of a kind used in drilling for oil or gas and tubes, and gas pipes of subheading 7304 39 50)",Iron & Steel,Column B,(C),1.383
73043988,"Tubes, pipes and hollow profiles, seamless, of circular cross-section, of iron or non-alloy steel, of an external diameter of > 406,4 mm (excl. cold-drawn or cold-rolled, of cast iron, line pipe of a kind used for oil or gas pipelines, casing, tubing and drill pipe of a kind used in drilling for oil or gas and tubes, and gas pipes of subheading 7304 39 50)",Iron & Steel,Column B,(D),0.49399999999999999
73043988,"Tubes, pipes and hollow profiles, seamless, of circular cross-section, of iron or non-alloy steel, of an external diameter of > 406,4 mm (excl. cold-drawn or cold-rolled, of cast iron, line pipe of a kind used for oil or gas pipelines, casing, tubing and drill pipe of a kind used in drilling for oil or gas and tubes, and gas pipes of subheading 7304 39 50)",Iron & Steel,Column B,(E),0.085000000000000006
73044100,"Tubes, pipes and hollow profiles, seamless, of circular cross-section, of stainless steel, cold-drawn or cold-rolled ""cold-reduced"" (excl. line pipe of a kind used for oil or gas pipelines, casing and tubing of a kind used for drilling for oil or gas)",Iron & Steel,Column A,,0.057000000000000002
73044100,"Tubes, pipes and hollow profiles, seamless, of circular cross-section, of stainless steel, cold-drawn or cold-rolled ""cold-reduced"" (excl. line pipe of a kind used for oil or gas pipelines, casing and tubing of a kind used for drilling for oil or gas)",Iron & Steel,Column B,(1),1.173
73044100,"Tubes, pipes and hollow profiles, seamless, of circular cross-section, of stainless steel, cold-drawn or cold-rolled ""cold-reduced"" (excl. line pipe of a kind used for oil or gas pipelines, casing and tubing of a kind used for drilling for oil or gas)",Iron & Steel,Column B,(2),1.135
73044983,"Tubes, pipes and hollow profiles, seamless, of circular cross-section, of stainless steel, of an external diameter of <= 168,3 mm (excl. cold-drawn or cold-rolled, line pipe of a kind used for oil or gas pipelines, and casing and tubing of a kind used for drilling for oil or gas and tubes)",Iron & Steel,Column A,,0.057000000000000002
73044983,"Tubes, pipes and hollow profiles, seamless, of circular cross-section, of stainless steel, of an external diameter of <= 168,3 mm (excl. cold-drawn or cold-rolled, line pipe of a kind used for oil or gas pipelines, and casing and tubing of a kind used for drilling for oil or gas and tubes)",Iron & Steel,Column B,(1),1.173
73044983,"Tubes, pipes and hollow profiles, seamless, of circular cross-section, of stainless steel, of an external diameter of <= 168,3 mm (excl. cold-drawn or cold-rolled, line pipe of a kind used for oil or gas pipelines, and casing and tubing of a kind used for drilling for oil or gas and tubes)",Iron & Steel,Column B,(2),1.135
73044985,"Tubes, pipes and hollow profiles, seamless, of circular cross-section, of stainless steel, of an external diameter of > 168,3 mm but <= 406,4 mm (excl. cold-drawn or cold-rolled, line pipe of a kind used for oil or gas pipelines, and casing and tubing of a kind used for drilling for oil or gas and tubes)",Iron & Steel,Column A,,0.057000000000000002
73044985,"Tubes, pipes and hollow profiles, seamless, of circular cross-section, of stainless steel, of an external diameter of > 168,3 mm but <= 406,4 mm (excl. cold-drawn or cold-rolled, line pipe of a kind used for oil or gas pipelines, and casing and tubing of a kind used for drilling for oil or gas and tubes)",Iron & Steel,Column B,(1),1.173
73044985,"Tubes, pipes and hollow profiles, seamless, of circular cross-section, of stainless steel, of an external diameter of > 168,3 mm but <= 406,4 mm (excl. cold-drawn or cold-rolled, line pipe of a kind used for oil or gas pipelines, and casing and tubing of a kind used for drilling for oil or gas and tubes)",Iron & Steel,Column B,(2),1.135
73044989,"Tubes, pipes and hollow profiles, seamless, of circular cross-section, of stainless steel, of an external diameter of > 406,4 mm (excl. cold-drawn or cold-rolled, line pipe of a kind used for oil or gas pipelines, and casing and tubing of a kind used for drilling for oil or gas and tubes)",Iron & Steel,Column A,,0.057000000000000002
73044989,"Tubes, pipes and hollow profiles, seamless, of circular cross-section, of stainless steel, of an external diameter of > 406,4 mm (excl. cold-drawn or cold-rolled, line pipe of a kind used for oil or gas pipelines, and casing and tubing of a kind used for drilling for oil or gas and tubes)",Iron & Steel,Column B,(1),1.173
73044989,"Tubes, pipes and hollow profiles, seamless, of circular cross-section, of stainless steel, of an external diameter of > 406,4 mm (excl. cold-drawn or cold-rolled, line pipe of a kind used for oil or gas pipelines, and casing and tubing of a kind used for drilling for oil or gas and tubes)",Iron & Steel,Column B,(2),1.135
73045110,"Tubes, pipes and hollow profiles, seamless, of circular cross-section, of alloy steel other than stainless, cold-drawn or cold-rolled ""cold-reduced"", straight and of uniform wall-thickness, containing by weight >= 0,9% but <= 1,15% carbon and >= 0,5% but <= 2% chromium, whether or not containing by weight <= 0,5% molybdenum (excl. tubes, pipes and hollow profiles of subheadings 7304 19 to 7304 29)",Iron & Steel,Column A,,0.057000000000000002
73045110,"Tubes, pipes and hollow profiles, seamless, of circular cross-section, of alloy steel other than stainless, cold-drawn or cold-rolled ""cold-reduced"", straight and of uniform wall-thickness, containing by weight >= 0,9% but <= 1,15% carbon and >= 0,5% but <= 2% chromium, whether or not containing by weight <= 0,5% molybdenum (excl. tubes, pipes and hollow profiles of subheadings 7304 19 to 7304 29)",Iron & Steel,Column B,(F)(1),1.5609999999999999
73045110,"Tubes, pipes and hollow profiles, seamless, of circular cross-section, of alloy steel other than stainless, cold-drawn or cold-rolled ""cold-reduced"", straight and of uniform wall-thickness, containing by weight >= 0,9% but <= 1,15% carbon and >= 0,5% but <= 2% chromium, whether or not containing by weight <= 0,5% molybdenum (excl. tubes, pipes and hollow profiles of subheadings 7304 19 to 7304 29)",Iron & Steel,Column B,(G)(1),0.73599999999999999
73045110,"Tubes, pipes and hollow profiles, seamless, of circular cross-section, of alloy steel other than stainless, cold-drawn or cold-rolled ""cold-reduced"", straight and of uniform wall-thickness, containing by weight >= 0,9% but <= 1,15% carbon and >= 0,5% but <= 2% chromium, whether or not containing by weight <= 0,5% molybdenum (excl. tubes, pipes and hollow profiles of subheadings 7304 19 to 7304 29)",Iron & Steel,Column B,(H)(1),0.39400000000000002
73045110,"Tubes, pipes and hollow profiles, seamless, of circular cross-section, of alloy steel other than stainless, cold-drawn or cold-rolled ""cold-reduced"", straight and of uniform wall-thickness, containing by weight >= 0,9% but <= 1,15% carbon and >= 0,5% but <= 2% chromium, whether or not containing by weight <= 0,5% molybdenum (excl. tubes, pipes and hollow profiles of subheadings 7304 19 to 7304 29)",Iron & Steel,Column B,(J)(1),0.93400000000000005
73045110,"Tubes, pipes and hollow profiles, seamless, of circular cross-section, of alloy steel other than stainless, cold-drawn or cold-rolled ""cold-reduced"", straight and of uniform wall-thickness, containing by weight >= 0,9% but <= 1,15% carbon and >= 0,5% but <= 2% chromium, whether or not containing by weight <= 0,5% molybdenum (excl. tubes, pipes and hollow profiles of subheadings 7304 19 to 7304 29)",Iron & Steel,Column B,(F)(2),1.3939999999999999
73045110,"Tubes, pipes and hollow profiles, seamless, of circular cross-section, of alloy steel other than stainless, cold-drawn or cold-rolled ""cold-reduced"", straight and of uniform wall-thickness, containing by weight >= 0,9% but <= 1,15% carbon and >= 0,5% but <= 2% chromium, whether or not containing by weight <= 0,5% molybdenum (excl. tubes, pipes and hollow profiles of subheadings 7304 19 to 7304 29)",Iron & Steel,Column B,(G)(2),0.72299999999999998
73045110,"Tubes, pipes and hollow profiles, seamless, of circular cross-section, of alloy steel other than stainless, cold-drawn or cold-rolled ""cold-reduced"", straight and of uniform wall-thickness, containing by weight >= 0,9% but <= 1,15% carbon and >= 0,5% but <= 2% chromium, whether or not containing by weight <= 0,5% molybdenum (excl. tubes, pipes and hollow profiles of subheadings 7304 19 to 7304 29)",Iron & Steel,Column B,(H)(2),0.38100000000000001
73045110,"Tubes, pipes and hollow profiles, seamless, of circular cross-section, of alloy steel other than stainless, cold-drawn or cold-rolled ""cold-reduced"", straight and of uniform wall-thickness, containing by weight >= 0,9% but <= 1,15% carbon and >= 0,5% but <= 2% chromium, whether or not containing by weight <= 0,5% molybdenum (excl. tubes, pipes and hollow profiles of subheadings 7304 19 to 7304 29)",Iron & Steel,Column B,(J)(2),0.90200000000000002
73045181,"Precision tubes, seamless, of circular cross-section, of alloy steel other than stainless, cold-drawn or cold-rolled ""cold-reduced"" (excl. line pipe of a kind used for oil or gas pipelines, casing and tubing of a kind used for drilling for oil and tubes, and pipes and hollow profiles, straight and of uniform wall-thickness, containing by weight >= 0,9% but <= 1,15% carbon and >= 0,5% but <= 2% chrome, whether or not containing by weight <= 0,5% molybdenum)",Iron & Steel,Column A,,0.057000000000000002
73045181,"Precision tubes, seamless, of circular cross-section, of alloy steel other than stainless, cold-drawn or cold-rolled ""cold-reduced"" (excl. line pipe of a kind used for oil or gas pipelines, casing and tubing of a kind used for drilling for oil and tubes, and pipes and hollow profiles, straight and of uniform wall-thickness, containing by weight >= 0,9% but <= 1,15% carbon and >= 0,5% but <= 2% chrome, whether or not containing by weight <= 0,5% molybdenum)",Iron & Steel,Column B,(F)(1),1.5609999999999999
73045181,"Precision tubes, seamless, of circular cross-section, of alloy steel other than stainless, cold-drawn or cold-rolled ""cold-reduced"" (excl. line pipe of a kind used for oil or gas pipelines, casing and tubing of a kind used for drilling for oil and tubes, and pipes and hollow profiles, straight and of uniform wall-thickness, containing by weight >= 0,9% but <= 1,15% carbon and >= 0,5% but <= 2% chrome, whether or not containing by weight <= 0,5% molybdenum)",Iron & Steel,Column B,(G)(1),0.73599999999999999
73045181,"Precision tubes, seamless, of circular cross-section, of alloy steel other than stainless, cold-drawn or cold-rolled ""cold-reduced"" (excl. line pipe of a kind used for oil or gas pipelines, casing and tubing of a kind used for drilling for oil and tubes, and pipes and hollow profiles, straight and of uniform wall-thickness, containing by weight >= 0,9% but <= 1,15% carbon and >= 0,5% but <= 2% chrome, whether or not containing by weight <= 0,5% molybdenum)",Iron & Steel,Column B,(H)(1),0.39400000000000002
73045181,"Precision tubes, seamless, of circular cross-section, of alloy steel other than stainless, cold-drawn or cold-rolled ""cold-reduced"" (excl. line pipe of a kind used for oil or gas pipelines, casing and tubing of a kind used for drilling for oil and tubes, and pipes and hollow profiles, straight and of uniform wall-thickness, containing by weight >= 0,9% but <= 1,15% carbon and >= 0,5% but <= 2% chrome, whether or not containing by weight <= 0,5% molybdenum)",Iron & Steel,Column B,(J)(1),0.93400000000000005
73045181,"Precision tubes, seamless, of circular cross-section, of alloy steel other than stainless, cold-drawn or cold-rolled ""cold-reduced"" (excl. line pipe of a kind used for oil or gas pipelines, casing and tubing of a kind used for drilling for oil and tubes, and pipes and hollow profiles, straight and of uniform wall-thickness, containing by weight >= 0,9% but <= 1,15% carbon and >= 0,5% but <= 2% chrome, whether or not containing by weight <= 0,5% molybdenum)",Iron & Steel,Column B,(F)(2),1.3939999999999999
73045181,"Precision tubes, seamless, of circular cross-section, of alloy steel other than stainless, cold-drawn or cold-rolled ""cold-reduced"" (excl. line pipe of a kind used for oil or gas pipelines, casing and tubing of a kind used for drilling for oil and tubes, and pipes and hollow profiles, straight and of uniform wall-thickness, containing by weight >= 0,9% but <= 1,15% carbon and >= 0,5% but <= 2% chrome, whether or not containing by weight <= 0,5% molybdenum)",Iron & Steel,Column B,(G)(2),0.72299999999999998
73045181,"Precision tubes, seamless, of circular cross-section, of alloy steel other than stainless, cold-drawn or cold-rolled ""cold-reduced"" (excl. line pipe of a kind used for oil or gas pipelines, casing and tubing of a kind used for drilling for oil and tubes, and pipes and hollow profiles, straight and of uniform wall-thickness, containing by weight >= 0,9% but <= 1,15% carbon and >= 0,5% but <= 2% chrome, whether or not containing by weight <= 0,5% molybdenum)",Iron & Steel,Column B,(H)(2),0.38100000000000001
73045181,"Precision tubes, seamless, of circular cross-section, of alloy steel other than stainless, cold-drawn or cold-rolled ""cold-reduced"" (excl. line pipe of a kind used for oil or gas pipelines, casing and tubing of a kind used for drilling for oil and tubes, and pipes and hollow profiles, straight and of uniform wall-thickness, containing by weight >= 0,9% but <= 1,15% carbon and >= 0,5% but <= 2% chrome, whether or not containing by weight <= 0,5% molybdenum)",Iron & Steel,Column B,(J)(2),0.90200000000000002
73045189,"Tubes, pipes and hollow profiles, seamless, of circular cross-section, of alloy steel other than stainless, not cold-drawn or cold-rolled ""cold-reduced"" (excl. line pipe of a kind used for oil or gas pipelines, casing and tubing of a kind used for drilling for oil, precision tubes, and , pipes and hollow profiles, straight and of uniform wall-thickness, containing by weight >= 0,9% but <= 1,15% carbon and >= 0,5% but <= 2% chrome, whether or not containing by weight <= 0,5% molybdenum)",Iron & Steel,Column A,,0.057000000000000002
73045189,"Tubes, pipes and hollow profiles, seamless, of circular cross-section, of alloy steel other than stainless, not cold-drawn or cold-rolled ""cold-reduced"" (excl. line pipe of a kind used for oil or gas pipelines, casing and tubing of a kind used for drilling for oil, precision tubes, and , pipes and hollow profiles, straight and of uniform wall-thickness, containing by weight >= 0,9% but <= 1,15% carbon and >= 0,5% but <= 2% chrome, whether or not containing by weight <= 0,5% molybdenum)",Iron & Steel,Column B,(F)(1),1.5609999999999999
73045189,"Tubes, pipes and hollow profiles, seamless, of circular cross-section, of alloy steel other than stainless, not cold-drawn or cold-rolled ""cold-reduced"" (excl. line pipe of a kind used for oil or gas pipelines, casing and tubing of a kind used for drilling for oil, precision tubes, and , pipes and hollow profiles, straight and of uniform wall-thickness, containing by weight >= 0,9% but <= 1,15% carbon and >= 0,5% but <= 2% chrome, whether or not containing by weight <= 0,5% molybdenum)",Iron & Steel,Column B,(G)(1),0.73599999999999999
73045189,"Tubes, pipes and hollow profiles, seamless, of circular cross-section, of alloy steel other than stainless, not cold-drawn or cold-rolled ""cold-reduced"" (excl. line pipe of a kind used for oil or gas pipelines, casing and tubing of a kind used for drilling for oil, precision tubes, and , pipes and hollow profiles, straight and of uniform wall-thickness, containing by weight >= 0,9% but <= 1,15% carbon and >= 0,5% but <= 2% chrome, whether or not containing by weight <= 0,5% molybdenum)",Iron & Steel,Column B,(H)(1),0.39400000000000002
73045189,"Tubes, pipes and hollow profiles, seamless, of circular cross-section, of alloy steel other than stainless, not cold-drawn or cold-rolled ""cold-reduced"" (excl. line pipe of a kind used for oil or gas pipelines, casing and tubing of a kind used for drilling for oil, precision tubes, and , pipes and hollow profiles, straight and of uniform wall-thickness, containing by weight >= 0,9% but <= 1,15% carbon and >= 0,5% but <= 2% chrome, whether or not containing by weight <= 0,5% molybdenum)",Iron & Steel,Column B,(J)(1),0.93400000000000005
73045189,"Tubes, pipes and hollow profiles, seamless, of circular cross-section, of alloy steel other than stainless, not cold-drawn or cold-rolled ""cold-reduced"" (excl. line pipe of a kind used for oil or gas pipelines, casing and tubing of a kind used for drilling for oil, precision tubes, and , pipes and hollow profiles, straight and of uniform wall-thickness, containing by weight >= 0,9% but <= 1,15% carbon and >= 0,5% but <= 2% chrome, whether or not containing by weight <= 0,5% molybdenum)",Iron & Steel,Column B,(F)(2),1.3939999999999999
73045189,"Tubes, pipes and hollow profiles, seamless, of circular cross-section, of alloy steel other than stainless, not cold-drawn or cold-rolled ""cold-reduced"" (excl. line pipe of a kind used for oil or gas pipelines, casing and tubing of a kind used for drilling for oil, precision tubes, and , pipes and hollow profiles, straight and of uniform wall-thickness, containing by weight >= 0,9% but <= 1,15% carbon and >= 0,5% but <= 2% chrome, whether or not containing by weight <= 0,5% molybdenum)",Iron & Steel,Column B,(G)(2),0.72299999999999998
73045189,"Tubes, pipes and hollow profiles, seamless, of circular cross-section, of alloy steel other than stainless, not cold-drawn or cold-rolled ""cold-reduced"" (excl. line pipe of a kind used for oil or gas pipelines, casing and tubing of a kind used for drilling for oil, precision tubes, and , pipes and hollow profiles, straight and of uniform wall-thickness, containing by weight >= 0,9% but <= 1,15% carbon and >= 0,5% but <= 2% chrome, whether or not containing by weight <= 0,5% molybdenum)",Iron & Steel,Column B,(H)(2),0.38100000000000001
73045189,"Tubes, pipes and hollow profiles, seamless, of circular cross-section, of alloy steel other than stainless, not cold-drawn or cold-rolled ""cold-reduced"" (excl. line pipe of a kind used for oil or gas pipelines, casing and tubing of a kind used for drilling for oil, precision tubes, and , pipes and hollow profiles, straight and of uniform wall-thickness, containing by weight >= 0,9% but <= 1,15% carbon and >= 0,5% but <= 2% chrome, whether or not containing by weight <= 0,5% molybdenum)",Iron & Steel,Column B,(J)(2),0.90200000000000002
73045930,"Tubes, pipes and hollow profiles of alloy steel (excl. stainless), seamless, of circular cross-section (not cold-drawn or cold-rolled), straight and of uniform wall-thickness, containing by weight >= 0,9% but <= 1,15% carbon and >= 0,5% but <= 2% chromium, whether or not containing by weight <= 0,5% molybdenum (excl. tubes, pipes and hollow profiles of subheadings 7304 19 to 7304 29)",Iron & Steel,Column A,,0.057000000000000002
73045930,"Tubes, pipes and hollow profiles of alloy steel (excl. stainless), seamless, of circular cross-section (not cold-drawn or cold-rolled), straight and of uniform wall-thickness, containing by weight >= 0,9% but <= 1,15% carbon and >= 0,5% but <= 2% chromium, whether or not containing by weight <= 0,5% molybdenum (excl. tubes, pipes and hollow profiles of subheadings 7304 19 to 7304 29)",Iron & Steel,Column B,(C),1.383
73045930,"Tubes, pipes and hollow profiles of alloy steel (excl. stainless), seamless, of circular cross-section (not cold-drawn or cold-rolled), straight and of uniform wall-thickness, containing by weight >= 0,9% but <= 1,15% carbon and >= 0,5% but <= 2% chromium, whether or not containing by weight <= 0,5% molybdenum (excl. tubes, pipes and hollow profiles of subheadings 7304 19 to 7304 29)",Iron & Steel,Column B,(D),0.49399999999999999
73045930,"Tubes, pipes and hollow profiles of alloy steel (excl. stainless), seamless, of circular cross-section (not cold-drawn or cold-rolled), straight and of uniform wall-thickness, containing by weight >= 0,9% but <= 1,15% carbon and >= 0,5% but <= 2% chromium, whether or not containing by weight <= 0,5% molybdenum (excl. tubes, pipes and hollow profiles of subheadings 7304 19 to 7304 29)",Iron & Steel,Column B,(E),0.085000000000000006
73045982,"Tubes, pipes and hollow profiles, seamless, of circular cross-section, of alloy steel other than stainless, of an external diameter of <= 168,3 mm (excl. cold-drawn or cold-rolled, line pipe of a kind used for oil or gas pipelines, casing and tubing of a kind used for drilling for oil or gas, and products of subheading 7304 59 30)",Iron & Steel,Column A,,0.057000000000000002
73045982,"Tubes, pipes and hollow profiles, seamless, of circular cross-section, of alloy steel other than stainless, of an external diameter of <= 168,3 mm (excl. cold-drawn or cold-rolled, line pipe of a kind used for oil or gas pipelines, casing and tubing of a kind used for drilling for oil or gas, and products of subheading 7304 59 30)",Iron & Steel,Column B,(F)(1),1.5609999999999999
73045982,"Tubes, pipes and hollow profiles, seamless, of circular cross-section, of alloy steel other than stainless, of an external diameter of <= 168,3 mm (excl. cold-drawn or cold-rolled, line pipe of a kind used for oil or gas pipelines, casing and tubing of a kind used for drilling for oil or gas, and products of subheading 7304 59 30)",Iron & Steel,Column B,(G)(1),0.73599999999999999
73045982,"Tubes, pipes and hollow profiles, seamless, of circular cross-section, of alloy steel other than stainless, of an external diameter of <= 168,3 mm (excl. cold-drawn or cold-rolled, line pipe of a kind used for oil or gas pipelines, casing and tubing of a kind used for drilling for oil or gas, and products of subheading 7304 59 30)",Iron & Steel,Column B,(H)(1),0.39400000000000002
73045982,"Tubes, pipes and hollow profiles, seamless, of circular cross-section, of alloy steel other than stainless, of an external diameter of <= 168,3 mm (excl. cold-drawn or cold-rolled, line pipe of a kind used for oil or gas pipelines, casing and tubing of a kind used for drilling for oil or gas, and products of subheading 7304 59 30)",Iron & Steel,Column B,(J)(1),0.93400000000000005
73045982,"Tubes, pipes and hollow profiles, seamless, of circular cross-section, of alloy steel other than stainless, of an external diameter of <= 168,3 mm (excl. cold-drawn or cold-rolled, line pipe of a kind used for oil or gas pipelines, casing and tubing of a kind used for drilling for oil or gas, and products of subheading 7304 59 30)",Iron & Steel,Column B,(F)(2),1.3939999999999999
73045982,"Tubes, pipes and hollow profiles, seamless, of circular cross-section, of alloy steel other than stainless, of an external diameter of <= 168,3 mm (excl. cold-drawn or cold-rolled, line pipe of a kind used for oil or gas pipelines, casing and tubing of a kind used for drilling for oil or gas, and products of subheading 7304 59 30)",Iron & Steel,Column B,(G)(2),0.72299999999999998
73045982,"Tubes, pipes and hollow profiles, seamless, of circular cross-section, of alloy steel other than stainless, of an external diameter of <= 168,3 mm (excl. cold-drawn or cold-rolled, line pipe of a kind used for oil or gas pipelines, casing and tubing of a kind used for drilling for oil or gas, and products of subheading 7304 59 30)",Iron & Steel,Column B,(H)(2),0.38100000000000001
73045982,"Tubes, pipes and hollow profiles, seamless, of circular cross-section, of alloy steel other than stainless, of an external diameter of <= 168,3 mm (excl. cold-drawn or cold-rolled, line pipe of a kind used for oil or gas pipelines, casing and tubing of a kind used for drilling for oil or gas, and products of subheading 7304 59 30)",Iron & Steel,Column B,(J)(2),0.90200000000000002
73045983,"Tubes, pipes and hollow profiles, seamless, of circular cross-section, of alloy steel other than stainless, of an external diameter of > 168,3 mm but <= 406,4 mm (excl. cold-drawn or cold-rolled, line pipe of a kind used for oil or gas pipelines, casing and tubing of a kind used for drilling for oil or gas, and products of subheading 7304 59 30)",Iron & Steel,Column A,,0.057000000000000002
73045983,"Tubes, pipes and hollow profiles, seamless, of circular cross-section, of alloy steel other than stainless, of an external diameter of > 168,3 mm but <= 406,4 mm (excl. cold-drawn or cold-rolled, line pipe of a kind used for oil or gas pipelines, casing and tubing of a kind used for drilling for oil or gas, and products of subheading 7304 59 30)",Iron & Steel,Column B,(F)(1),1.5609999999999999
73045983,"Tubes, pipes and hollow profiles, seamless, of circular cross-section, of alloy steel other than stainless, of an external diameter of > 168,3 mm but <= 406,4 mm (excl. cold-drawn or cold-rolled, line pipe of a kind used for oil or gas pipelines, casing and tubing of a kind used for drilling for oil or gas, and products of subheading 7304 59 30)",Iron & Steel,Column B,(G)(1),0.73599999999999999
73045983,"Tubes, pipes and hollow profiles, seamless, of circular cross-section, of alloy steel other than stainless, of an external diameter of > 168,3 mm but <= 406,4 mm (excl. cold-drawn or cold-rolled, line pipe of a kind used for oil or gas pipelines, casing and tubing of a kind used for drilling for oil or gas, and products of subheading 7304 59 30)",Iron & Steel,Column B,(H)(1),0.39400000000000002
73045983,"Tubes, pipes and hollow profiles, seamless, of circular cross-section, of alloy steel other than stainless, of an external diameter of > 168,3 mm but <= 406,4 mm (excl. cold-drawn or cold-rolled, line pipe of a kind used for oil or gas pipelines, casing and tubing of a kind used for drilling for oil or gas, and products of subheading 7304 59 30)",Iron & Steel,Column B,(J)(1),0.93400000000000005
73045983,"Tubes, pipes and hollow profiles, seamless, of circular cross-section, of alloy steel other than stainless, of an external diameter of > 168,3 mm but <= 406,4 mm (excl. cold-drawn or cold-rolled, line pipe of a kind used for oil or gas pipelines, casing and tubing of a kind used for drilling for oil or gas, and products of subheading 7304 59 30)",Iron & Steel,Column B,(F)(2),1.3939999999999999
73045983,"Tubes, pipes and hollow profiles, seamless, of circular cross-section, of alloy steel other than stainless, of an external diameter of > 168,3 mm but <= 406,4 mm (excl. cold-drawn or cold-rolled, line pipe of a kind used for oil or gas pipelines, casing and tubing of a kind used for drilling for oil or gas, and products of subheading 7304 59 30)",Iron & Steel,Column B,(G)(2),0.72299999999999998
73045983,"Tubes, pipes and hollow profiles, seamless, of circular cross-section, of alloy steel other than stainless, of an external diameter of > 168,3 mm but <= 406,4 mm (excl. cold-drawn or cold-rolled, line pipe of a kind used for oil or gas pipelines, casing and tubing of a kind used for drilling for oil or gas, and products of subheading 7304 59 30)",Iron & Steel,Column B,(H)(2),0.38100000000000001
73045983,"Tubes, pipes and hollow profiles, seamless, of circular cross-section, of alloy steel other than stainless, of an external diameter of > 168,3 mm but <= 406,4 mm (excl. cold-drawn or cold-rolled, line pipe of a kind used for oil or gas pipelines, casing and tubing of a kind used for drilling for oil or gas, and products of subheading 7304 59 30)",Iron & Steel,Column B,(J)(2),0.90200000000000002
73045989,"Tubes, pipes and hollow profiles, seamless, of circular cross-section, of alloy steel other than stainless, of an external diameter of > 406,4 mm (excl. cold-drawn or cold-rolled, line pipe of a kind used for oil or gas pipelines, casing and tubing of a kind used for drilling for oil or gas, and products of subheading 7304 59 30)",Iron & Steel,Column A,,0.057000000000000002
73045989,"Tubes, pipes and hollow profiles, seamless, of circular cross-section, of alloy steel other than stainless, of an external diameter of > 406,4 mm (excl. cold-drawn or cold-rolled, line pipe of a kind used for oil or gas pipelines, casing and tubing of a kind used for drilling for oil or gas, and products of subheading 7304 59 30)",Iron & Steel,Column B,(F)(1),1.5609999999999999
73045989,"Tubes, pipes and hollow profiles, seamless, of circular cross-section, of alloy steel other than stainless, of an external diameter of > 406,4 mm (excl. cold-drawn or cold-rolled, line pipe of a kind used for oil or gas pipelines, casing and tubing of a kind used for drilling for oil or gas, and products of subheading 7304 59 30)",Iron & Steel,Column B,(G)(1),0.73599999999999999
73045989,"Tubes, pipes and hollow profiles, seamless, of circular cross-section, of alloy steel other than stainless, of an external diameter of > 406,4 mm (excl. cold-drawn or cold-rolled, line pipe of a kind used for oil or gas pipelines, casing and tubing of a kind used for drilling for oil or gas, and products of subheading 7304 59 30)",Iron & Steel,Column B,(H)(1),0.39400000000000002
73045989,"Tubes, pipes and hollow profiles, seamless, of circular cross-section, of alloy steel other than stainless, of an external diameter of > 406,4 mm (excl. cold-drawn or cold-rolled, line pipe of a kind used for oil or gas pipelines, casing and tubing of a kind used for drilling for oil or gas, and products of subheading 7304 59 30)",Iron & Steel,Column B,(J)(1),0.93400000000000005
73045989,"Tubes, pipes and hollow profiles, seamless, of circular cross-section, of alloy steel other than stainless, of an external diameter of > 406,4 mm (excl. cold-drawn or cold-rolled, line pipe of a kind used for oil or gas pipelines, casing and tubing of a kind used for drilling for oil or gas, and products of subheading 7304 59 30)",Iron & Steel,Column B,(F)(2),1.3939999999999999
73045989,"Tubes, pipes and hollow profiles, seamless, of circular cross-section, of alloy steel other than stainless, of an external diameter of > 406,4 mm (excl. cold-drawn or cold-rolled, line pipe of a kind used for oil or gas pipelines, casing and tubing of a kind used for drilling for oil or gas, and products of subheading 7304 59 30)",Iron & Steel,Column B,(G)(2),0.72299999999999998
73045989,"Tubes, pipes and hollow profiles, seamless, of circular cross-section, of alloy steel other than stainless, of an external diameter of > 406,4 mm (excl. cold-drawn or cold-rolled, line pipe of a kind used for oil or gas pipelines, casing and tubing of a kind used for drilling for oil or gas, and products of subheading 7304 59 30)",Iron & Steel,Column B,(H)(2),0.38100000000000001
73045989,"Tubes, pipes and hollow profiles, seamless, of circular cross-section, of alloy steel other than stainless, of an external diameter of > 406,4 mm (excl. cold-drawn or cold-rolled, line pipe of a kind used for oil or gas pipelines, casing and tubing of a kind used for drilling for oil or gas, and products of subheading 7304 59 30)",Iron & Steel,Column B,(J)(2),0.90200000000000002
73049000,"Tubes, pipes and hollow profiles, seamless, of non-circular cross-section, of iron or steel (excl. products of cast iron)",Iron & Steel,Column A,,0.057000000000000002
73049000,"Tubes, pipes and hollow profiles, seamless, of non-circular cross-section, of iron or steel (excl. products of cast iron)",Iron & Steel,Column B,(C),1.383
73049000,"Tubes, pipes and hollow profiles, seamless, of non-circular cross-section, of iron or steel (excl. products of cast iron)",Iron & Steel,Column B,(D),0.49399999999999999
73049000,"Tubes, pipes and hollow profiles, seamless, of non-circular cross-section, of iron or steel (excl. products of cast iron)",Iron & Steel,Column B,(E),0.085000000000000006
73051100,"Line pipe of a kind used for oil or gas pipelines, having circular cross-sections and an external diameter of > 406,4 mm, of iron or steel, longitudinally submerged arc welded",Iron & Steel,Column A,,0.079000000000000001
73051100,"Line pipe of a kind used for oil or gas pipelines, having circular cross-sections and an external diameter of > 406,4 mm, of iron or steel, longitudinally submerged arc welded",Iron & Steel,Column B,(C),1.458
73051100,"Line pipe of a kind used for oil or gas pipelines, having circular cross-sections and an external diameter of > 406,4 mm, of iron or steel, longitudinally submerged arc welded",Iron & Steel,Column B,(D),0.53300000000000003
73051100,"Line pipe of a kind used for oil or gas pipelines, having circular cross-sections and an external diameter of > 406,4 mm, of iron or steel, longitudinally submerged arc welded",Iron & Steel,Column B,(E),0.108
73051200,"Line pipe of a kind used for oil or gas pipelines, having circular cross-sections and an external diameter of > 406,4 mm, of iron or steel, longitudinally arc welded (excl. products longitudinally submerged arc welded)",Iron & Steel,Column A,,0.079000000000000001
73051200,"Line pipe of a kind used for oil or gas pipelines, having circular cross-sections and an external diameter of > 406,4 mm, of iron or steel, longitudinally arc welded (excl. products longitudinally submerged arc welded)",Iron & Steel,Column B,(C),1.458
73051200,"Line pipe of a kind used for oil or gas pipelines, having circular cross-sections and an external diameter of > 406,4 mm, of iron or steel, longitudinally arc welded (excl. products longitudinally submerged arc welded)",Iron & Steel,Column B,(D),0.53300000000000003
73051200,"Line pipe of a kind used for oil or gas pipelines, having circular cross-sections and an external diameter of > 406,4 mm, of iron or steel, longitudinally arc welded (excl. products longitudinally submerged arc welded)",Iron & Steel,Column B,(E),0.108
73051900,"Line pipe of a kind used for oil or gas pipelines, having circular cross-sections and an external diameter of > 406,4 mm, of flat-rolled products of iron or steel (excl. products longitudinally arc welded)",Iron & Steel,Column A,,0.079000000000000001
73051900,"Line pipe of a kind used for oil or gas pipelines, having circular cross-sections and an external diameter of > 406,4 mm, of flat-rolled products of iron or steel (excl. products longitudinally arc welded)",Iron & Steel,Column B,(C),1.458
73051900,"Line pipe of a kind used for oil or gas pipelines, having circular cross-sections and an external diameter of > 406,4 mm, of flat-rolled products of iron or steel (excl. products longitudinally arc welded)",Iron & Steel,Column B,(D),0.53300000000000003
73051900,"Line pipe of a kind used for oil or gas pipelines, having circular cross-sections and an external diameter of > 406,4 mm, of flat-rolled products of iron or steel (excl. products longitudinally arc welded)",Iron & Steel,Column B,(E),0.108
73052000,"Casing of a kind used in drilling for oil or gas, having circular cross-sections and an external diameter of > 406,4 mm, of flat-rolled products of iron or steel",Iron & Steel,Column A,,0.079000000000000001
73052000,"Casing of a kind used in drilling for oil or gas, having circular cross-sections and an external diameter of > 406,4 mm, of flat-rolled products of iron or steel",Iron & Steel,Column B,(C),1.458
73052000,"Casing of a kind used in drilling for oil or gas, having circular cross-sections and an external diameter of > 406,4 mm, of flat-rolled products of iron or steel",Iron & Steel,Column B,(D),0.53300000000000003
73052000,"Casing of a kind used in drilling for oil or gas, having circular cross-sections and an external diameter of > 406,4 mm, of flat-rolled products of iron or steel",Iron & Steel,Column B,(E),0.108
73053100,"Tubes and pipes having circular cross-sections and an external diameter of > 406,4 mm, of iron or steel, longitudinally welded (excl. products of a kind used for oil or gas pipelines or of a kind used in drilling for oil or gas)",Iron & Steel,Column A,,0.079000000000000001
73053100,"Tubes and pipes having circular cross-sections and an external diameter of > 406,4 mm, of iron or steel, longitudinally welded (excl. products of a kind used for oil or gas pipelines or of a kind used in drilling for oil or gas)",Iron & Steel,Column B,(C),1.458
73053100,"Tubes and pipes having circular cross-sections and an external diameter of > 406,4 mm, of iron or steel, longitudinally welded (excl. products of a kind used for oil or gas pipelines or of a kind used in drilling for oil or gas)",Iron & Steel,Column B,(D),0.53300000000000003
73053100,"Tubes and pipes having circular cross-sections and an external diameter of > 406,4 mm, of iron or steel, longitudinally welded (excl. products of a kind used for oil or gas pipelines or of a kind used in drilling for oil or gas)",Iron & Steel,Column B,(E),0.108
73053900,"Tubes and pipes having circular cross-sections and an external diameter of > 406,4 mm, of iron or steel, welded (excl. products longitudinally welded or of a kind used for oil or gas pipelines or of a kind used in drilling for oil or gas)",Iron & Steel,Column A,,0.079000000000000001
73053900,"Tubes and pipes having circular cross-sections and an external diameter of > 406,4 mm, of iron or steel, welded (excl. products longitudinally welded or of a kind used for oil or gas pipelines or of a kind used in drilling for oil or gas)",Iron & Steel,Column B,(C),1.458
73053900,"Tubes and pipes having circular cross-sections and an external diameter of > 406,4 mm, of iron or steel, welded (excl. products longitudinally welded or of a kind used for oil or gas pipelines or of a kind used in drilling for oil or gas)",Iron & Steel,Column B,(D),0.53300000000000003
73053900,"Tubes and pipes having circular cross-sections and an external diameter of > 406,4 mm, of iron or steel, welded (excl. products longitudinally welded or of a kind used for oil or gas pipelines or of a kind used in drilling for oil or gas)",Iron & Steel,Column B,(E),0.108
73059000,"Tubes and pipes having circular cross-sections and an external diameter of > 406,4 mm, of flat-rolled products of iron or steel, welded (excl. welded products or products of a kind used for oil or gas pipelines or of a kind used in drilling for oil or gas)",Iron & Steel,Column A,,0.079000000000000001
73059000,"Tubes and pipes having circular cross-sections and an external diameter of > 406,4 mm, of flat-rolled products of iron or steel, welded (excl. welded products or products of a kind used for oil or gas pipelines or of a kind used in drilling for oil or gas)",Iron & Steel,Column B,(C),1.458
73059000,"Tubes and pipes having circular cross-sections and an external diameter of > 406,4 mm, of flat-rolled products of iron or steel, welded (excl. welded products or products of a kind used for oil or gas pipelines or of a kind used in drilling for oil or gas)",Iron & Steel,Column B,(D),0.53300000000000003
73059000,"Tubes and pipes having circular cross-sections and an external diameter of > 406,4 mm, of flat-rolled products of iron or steel, welded (excl. welded products or products of a kind used for oil or gas pipelines or of a kind used in drilling for oil or gas)",Iron & Steel,Column B,(E),0.108
73061100,"Line pipe of a kind used for oil or gas pipelines, welded, of flat-rolled products of stainless steel, of an external diameter of <= 406,4 mm",Iron & Steel,Column A,,0.109
73061100,"Line pipe of a kind used for oil or gas pipelines, welded, of flat-rolled products of stainless steel, of an external diameter of <= 406,4 mm",Iron & Steel,Column B,(1),1.27
73061100,"Line pipe of a kind used for oil or gas pipelines, welded, of flat-rolled products of stainless steel, of an external diameter of <= 406,4 mm",Iron & Steel,Column B,(2),1.23
73061900,"Line pipe of a kind used for oil or gas pipelines, welded, of flat-rolled products of iron or steel, of an external diameter of <= 406,4 mm (excl. products of stainless steel or of cast iron)",Iron & Steel,Column A,,0.079000000000000001
73061900,"Line pipe of a kind used for oil or gas pipelines, welded, of flat-rolled products of iron or steel, of an external diameter of <= 406,4 mm (excl. products of stainless steel or of cast iron)",Iron & Steel,Column B,(C),1.458
73061900,"Line pipe of a kind used for oil or gas pipelines, welded, of flat-rolled products of iron or steel, of an external diameter of <= 406,4 mm (excl. products of stainless steel or of cast iron)",Iron & Steel,Column B,(D),0.53300000000000003
73061900,"Line pipe of a kind used for oil or gas pipelines, welded, of flat-rolled products of iron or steel, of an external diameter of <= 406,4 mm (excl. products of stainless steel or of cast iron)",Iron & Steel,Column B,(E),0.108
73062100,"Casing and tubing of a kind used in drilling for oil or gas, welded, of flat-rolled products of stainless steel, of an external diameter of <= 406,4 mm",Iron & Steel,Column A,,0.109
73062100,"Casing and tubing of a kind used in drilling for oil or gas, welded, of flat-rolled products of stainless steel, of an external diameter of <= 406,4 mm",Iron & Steel,Column B,(1),1.27
73062100,"Casing and tubing of a kind used in drilling for oil or gas, welded, of flat-rolled products of stainless steel, of an external diameter of <= 406,4 mm",Iron & Steel,Column B,(2),1.23
73062900,"Casing and tubing of a kind used in drilling for oil or gas, welded, of flat-rolled products of iron or steel, of an external diameter of <= 406,4 mm (excl. products of stainless steel or of cast iron)",Iron & Steel,Column A,,0.079000000000000001
73062900,"Casing and tubing of a kind used in drilling for oil or gas, welded, of flat-rolled products of iron or steel, of an external diameter of <= 406,4 mm (excl. products of stainless steel or of cast iron)",Iron & Steel,Column B,(C),1.458
73062900,"Casing and tubing of a kind used in drilling for oil or gas, welded, of flat-rolled products of iron or steel, of an external diameter of <= 406,4 mm (excl. products of stainless steel or of cast iron)",Iron & Steel,Column B,(D),0.53300000000000003
73062900,"Casing and tubing of a kind used in drilling for oil or gas, welded, of flat-rolled products of iron or steel, of an external diameter of <= 406,4 mm (excl. products of stainless steel or of cast iron)",Iron & Steel,Column B,(E),0.108
73063012,"Precision tubes, welded, of circular cross-section, of iron or non-alloy steel, cold-drawn or cold-rolled ""cold-reduced""",Iron & Steel,Column A,,0.079000000000000001
73063012,"Precision tubes, welded, of circular cross-section, of iron or non-alloy steel, cold-drawn or cold-rolled ""cold-reduced""",Iron & Steel,Column B,(C),1.458
73063012,"Precision tubes, welded, of circular cross-section, of iron or non-alloy steel, cold-drawn or cold-rolled ""cold-reduced""",Iron & Steel,Column B,(D),0.53300000000000003
73063012,"Precision tubes, welded, of circular cross-section, of iron or non-alloy steel, cold-drawn or cold-rolled ""cold-reduced""",Iron & Steel,Column B,(E),0.108
73063018,"Precision tubes, welded, of circular cross-section, of iron or non-alloy steel (excl. cold-drawn or cold-rolled)",Iron & Steel,Column A,,0.043999999999999997
73063018,"Precision tubes, welded, of circular cross-section, of iron or non-alloy steel (excl. cold-drawn or cold-rolled)",Iron & Steel,Column B,(C),1.37
73063018,"Precision tubes, welded, of circular cross-section, of iron or non-alloy steel (excl. cold-drawn or cold-rolled)",Iron & Steel,Column B,(D),0.48099999999999998
73063018,"Precision tubes, welded, of circular cross-section, of iron or non-alloy steel (excl. cold-drawn or cold-rolled)",Iron & Steel,Column B,(E),0.071999999999999995
73063041,"Threaded or threadable tubes ""gas pipe"", welded, of circular cross-section, of iron or non-alloy steel, plated or coated with zinc",Iron & Steel,Column A,,0.112
73063041,"Threaded or threadable tubes ""gas pipe"", welded, of circular cross-section, of iron or non-alloy steel, plated or coated with zinc",Iron & Steel,Column B,(C),1.4910000000000001
73063041,"Threaded or threadable tubes ""gas pipe"", welded, of circular cross-section, of iron or non-alloy steel, plated or coated with zinc",Iron & Steel,Column B,(D),0.56699999999999995
73063041,"Threaded or threadable tubes ""gas pipe"", welded, of circular cross-section, of iron or non-alloy steel, plated or coated with zinc",Iron & Steel,Column B,(E),0.14099999999999999
73063049,"Threaded or threadable tubes ""gas pipe"", welded, of circular cross-section, of iron or non-alloy steel (excl. products plated or coated with zinc)",Iron & Steel,Column A,,0.112
73063049,"Threaded or threadable tubes ""gas pipe"", welded, of circular cross-section, of iron or non-alloy steel (excl. products plated or coated with zinc)",Iron & Steel,Column B,(C),1.4910000000000001
73063049,"Threaded or threadable tubes ""gas pipe"", welded, of circular cross-section, of iron or non-alloy steel (excl. products plated or coated with zinc)",Iron & Steel,Column B,(D),0.56699999999999995
73063049,"Threaded or threadable tubes ""gas pipe"", welded, of circular cross-section, of iron or non-alloy steel (excl. products plated or coated with zinc)",Iron & Steel,Column B,(E),0.14099999999999999
73063072,"Other tubes, pipes and hollow profiles, welded, of circular cross-section, of iron or non-alloy steel, of an external diameter of <= 168,3 mm, plated or coated with zinc (excl. line pipe of a kind used for oil or gas pipelines or casing and tubingof a kind used in drilling for oil or gas)",Iron & Steel,Column A,,0.112
73063072,"Other tubes, pipes and hollow profiles, welded, of circular cross-section, of iron or non-alloy steel, of an external diameter of <= 168,3 mm, plated or coated with zinc (excl. line pipe of a kind used for oil or gas pipelines or casing and tubingof a kind used in drilling for oil or gas)",Iron & Steel,Column B,(C),1.4910000000000001
73063072,"Other tubes, pipes and hollow profiles, welded, of circular cross-section, of iron or non-alloy steel, of an external diameter of <= 168,3 mm, plated or coated with zinc (excl. line pipe of a kind used for oil or gas pipelines or casing and tubingof a kind used in drilling for oil or gas)",Iron & Steel,Column B,(D),0.56699999999999995
73063072,"Other tubes, pipes and hollow profiles, welded, of circular cross-section, of iron or non-alloy steel, of an external diameter of <= 168,3 mm, plated or coated with zinc (excl. line pipe of a kind used for oil or gas pipelines or casing and tubingof a kind used in drilling for oil or gas)",Iron & Steel,Column B,(E),0.14099999999999999
73063077,"Other tubes, pipes and hollow profiles, welded, of circular cross-section, of iron or non-alloy steel of an external diameter of <= 168,3 mm (excl. plated or coated with zinc and line pipe of a kind used for oil or gas pipelines, casing and tubing of a kind used in drilling for oil or gas, precision tubes and threaded or threadable tubes ""gas pipe"")",Iron & Steel,Column A,,0.112
73063077,"Other tubes, pipes and hollow profiles, welded, of circular cross-section, of iron or non-alloy steel of an external diameter of <= 168,3 mm (excl. plated or coated with zinc and line pipe of a kind used for oil or gas pipelines, casing and tubing of a kind used in drilling for oil or gas, precision tubes and threaded or threadable tubes ""gas pipe"")",Iron & Steel,Column B,(C),1.4910000000000001
73063077,"Other tubes, pipes and hollow profiles, welded, of circular cross-section, of iron or non-alloy steel of an external diameter of <= 168,3 mm (excl. plated or coated with zinc and line pipe of a kind used for oil or gas pipelines, casing and tubing of a kind used in drilling for oil or gas, precision tubes and threaded or threadable tubes ""gas pipe"")",Iron & Steel,Column B,(D),0.56699999999999995
73063077,"Other tubes, pipes and hollow profiles, welded, of circular cross-section, of iron or non-alloy steel of an external diameter of <= 168,3 mm (excl. plated or coated with zinc and line pipe of a kind used for oil or gas pipelines, casing and tubing of a kind used in drilling for oil or gas, precision tubes and threaded or threadable tubes ""gas pipe"")",Iron & Steel,Column B,(E),0.14099999999999999
73063080,"Tubes, pipes and hollow profiles, welded, having a circular cross-section, of iron or steel, of an external diameter of > 168,3 mm but <= 406,4 mm (excl. line pipe of a kind used for oil or gas pipelines or casing and tubing of a kind used in drilling for oil or gas, or precision steel tubes, electrical conduit tubes or threaded or threadable tubes ""gas pipe"")",Iron & Steel,Column A,,0.112
73063080,"Tubes, pipes and hollow profiles, welded, having a circular cross-section, of iron or steel, of an external diameter of > 168,3 mm but <= 406,4 mm (excl. line pipe of a kind used for oil or gas pipelines or casing and tubing of a kind used in drilling for oil or gas, or precision steel tubes, electrical conduit tubes or threaded or threadable tubes ""gas pipe"")",Iron & Steel,Column B,(C),1.4910000000000001
73063080,"Tubes, pipes and hollow profiles, welded, having a circular cross-section, of iron or steel, of an external diameter of > 168,3 mm but <= 406,4 mm (excl. line pipe of a kind used for oil or gas pipelines or casing and tubing of a kind used in drilling for oil or gas, or precision steel tubes, electrical conduit tubes or threaded or threadable tubes ""gas pipe"")",Iron & Steel,Column B,(D),0.56699999999999995
73063080,"Tubes, pipes and hollow profiles, welded, having a circular cross-section, of iron or steel, of an external diameter of > 168,3 mm but <= 406,4 mm (excl. line pipe of a kind used for oil or gas pipelines or casing and tubing of a kind used in drilling for oil or gas, or precision steel tubes, electrical conduit tubes or threaded or threadable tubes ""gas pipe"")",Iron & Steel,Column B,(E),0.14099999999999999
73064020,"Tubes, pipes and hollow profiles, welded, of circular cross-section, of stainless steel, cold-drawn or cold-rolled ""cold-reduced"" (excl. products having internal and external circular cross-sections and an external diameter of > 406,4 mm, and line pipe of a kind used for oil or gas pipelines or casing and tubing of a kind used in drilling for oil or gas)",Iron & Steel,Column A,,0.109
73064020,"Tubes, pipes and hollow profiles, welded, of circular cross-section, of stainless steel, cold-drawn or cold-rolled ""cold-reduced"" (excl. products having internal and external circular cross-sections and an external diameter of > 406,4 mm, and line pipe of a kind used for oil or gas pipelines or casing and tubing of a kind used in drilling for oil or gas)",Iron & Steel,Column B,(1),1.27
73064020,"Tubes, pipes and hollow profiles, welded, of circular cross-section, of stainless steel, cold-drawn or cold-rolled ""cold-reduced"" (excl. products having internal and external circular cross-sections and an external diameter of > 406,4 mm, and line pipe of a kind used for oil or gas pipelines or casing and tubing of a kind used in drilling for oil or gas)",Iron & Steel,Column B,(2),1.23
73064080,"Tubes, pipes and hollow profiles, welded, of circular cross-section, of stainless steel (excl. products cold-drawn or cold-rolled ""cold-reduced"", tubes and pipes having internal and external circular cross-sections and an external diameter of > 406,4 mm, and line pipe of a kind used for oil or gas pipelines or casing and tubing of a kind used in drilling for oil or gas)",Iron & Steel,Column A,,0.072999999999999995
73064080,"Tubes, pipes and hollow profiles, welded, of circular cross-section, of stainless steel (excl. products cold-drawn or cold-rolled ""cold-reduced"", tubes and pipes having internal and external circular cross-sections and an external diameter of > 406,4 mm, and line pipe of a kind used for oil or gas pipelines or casing and tubing of a kind used in drilling for oil or gas)",Iron & Steel,Column B,(1),1.1890000000000001
73064080,"Tubes, pipes and hollow profiles, welded, of circular cross-section, of stainless steel (excl. products cold-drawn or cold-rolled ""cold-reduced"", tubes and pipes having internal and external circular cross-sections and an external diameter of > 406,4 mm, and line pipe of a kind used for oil or gas pipelines or casing and tubing of a kind used in drilling for oil or gas)",Iron & Steel,Column B,(2),1.151
73065021,"Precision steel tubes, welded, of circular cross-section, of alloy steel other than stainless, cold-drawn or cold-rolled ""cold-reduced""",Iron & Steel,Column A,,0.109
73065021,"Precision steel tubes, welded, of circular cross-section, of alloy steel other than stainless, cold-drawn or cold-rolled ""cold-reduced""",Iron & Steel,Column B,(F)(1),1.673
73065021,"Precision steel tubes, welded, of circular cross-section, of alloy steel other than stainless, cold-drawn or cold-rolled ""cold-reduced""",Iron & Steel,Column B,(G)(1),0.81499999999999995
73065021,"Precision steel tubes, welded, of circular cross-section, of alloy steel other than stainless, cold-drawn or cold-rolled ""cold-reduced""",Iron & Steel,Column B,(H)(1),0.46
73065021,"Precision steel tubes, welded, of circular cross-section, of alloy steel other than stainless, cold-drawn or cold-rolled ""cold-reduced""",Iron & Steel,Column B,(J)(1),1.0209999999999999
73065021,"Precision steel tubes, welded, of circular cross-section, of alloy steel other than stainless, cold-drawn or cold-rolled ""cold-reduced""",Iron & Steel,Column B,(F)(2),1.4990000000000001
73065021,"Precision steel tubes, welded, of circular cross-section, of alloy steel other than stainless, cold-drawn or cold-rolled ""cold-reduced""",Iron & Steel,Column B,(G)(2),0.80100000000000005
73065021,"Precision steel tubes, welded, of circular cross-section, of alloy steel other than stainless, cold-drawn or cold-rolled ""cold-reduced""",Iron & Steel,Column B,(H)(2),0.44600000000000001
73065021,"Precision steel tubes, welded, of circular cross-section, of alloy steel other than stainless, cold-drawn or cold-rolled ""cold-reduced""",Iron & Steel,Column B,(J)(2),0.98699999999999999
73065029,"Precision steel tubes, welded, of circular cross-section, of alloy steel other than stainless (excl. cold-drawn or cold-rolled)",Iron & Steel,Column A,,0.072999999999999995
73065029,"Precision steel tubes, welded, of circular cross-section, of alloy steel other than stainless (excl. cold-drawn or cold-rolled)",Iron & Steel,Column B,(F)(1),1.577
73065029,"Precision steel tubes, welded, of circular cross-section, of alloy steel other than stainless (excl. cold-drawn or cold-rolled)",Iron & Steel,Column B,(G)(1),0.752
73065029,"Precision steel tubes, welded, of circular cross-section, of alloy steel other than stainless (excl. cold-drawn or cold-rolled)",Iron & Steel,Column B,(H)(1),0.41
73065029,"Precision steel tubes, welded, of circular cross-section, of alloy steel other than stainless (excl. cold-drawn or cold-rolled)",Iron & Steel,Column B,(J)(1),0.95
73065029,"Precision steel tubes, welded, of circular cross-section, of alloy steel other than stainless (excl. cold-drawn or cold-rolled)",Iron & Steel,Column B,(F)(2),1.409
73065029,"Precision steel tubes, welded, of circular cross-section, of alloy steel other than stainless (excl. cold-drawn or cold-rolled)",Iron & Steel,Column B,(G)(2),0.73899999999999999
73065029,"Precision steel tubes, welded, of circular cross-section, of alloy steel other than stainless (excl. cold-drawn or cold-rolled)",Iron & Steel,Column B,(H)(2),0.39700000000000002
73065029,"Precision steel tubes, welded, of circular cross-section, of alloy steel other than stainless (excl. cold-drawn or cold-rolled)",Iron & Steel,Column B,(J)(2),0.91800000000000004
73065080,"Tubes, pipes and hollow profiles, welded, of circular cross-section, of alloy steel other than stainless (excl. tubes and pipes having internal and external circular cross-sections and an external diameter of > 406,4 mm, and line pipe of a kind used for oil or gas pipelines or casing and tubing of a kind used in drilling for oil or gas, and precision steel tubes)",Iron & Steel,Column A,,0.109
73065080,"Tubes, pipes and hollow profiles, welded, of circular cross-section, of alloy steel other than stainless (excl. tubes and pipes having internal and external circular cross-sections and an external diameter of > 406,4 mm, and line pipe of a kind used for oil or gas pipelines or casing and tubing of a kind used in drilling for oil or gas, and precision steel tubes)",Iron & Steel,Column B,(F)(1),1.673
73065080,"Tubes, pipes and hollow profiles, welded, of circular cross-section, of alloy steel other than stainless (excl. tubes and pipes having internal and external circular cross-sections and an external diameter of > 406,4 mm, and line pipe of a kind used for oil or gas pipelines or casing and tubing of a kind used in drilling for oil or gas, and precision steel tubes)",Iron & Steel,Column B,(G)(1),0.81499999999999995
73065080,"Tubes, pipes and hollow profiles, welded, of circular cross-section, of alloy steel other than stainless (excl. tubes and pipes having internal and external circular cross-sections and an external diameter of > 406,4 mm, and line pipe of a kind used for oil or gas pipelines or casing and tubing of a kind used in drilling for oil or gas, and precision steel tubes)",Iron & Steel,Column B,(H)(1),0.46
73065080,"Tubes, pipes and hollow profiles, welded, of circular cross-section, of alloy steel other than stainless (excl. tubes and pipes having internal and external circular cross-sections and an external diameter of > 406,4 mm, and line pipe of a kind used for oil or gas pipelines or casing and tubing of a kind used in drilling for oil or gas, and precision steel tubes)",Iron & Steel,Column B,(J)(1),1.0209999999999999
73065080,"Tubes, pipes and hollow profiles, welded, of circular cross-section, of alloy steel other than stainless (excl. tubes and pipes having internal and external circular cross-sections and an external diameter of > 406,4 mm, and line pipe of a kind used for oil or gas pipelines or casing and tubing of a kind used in drilling for oil or gas, and precision steel tubes)",Iron & Steel,Column B,(F)(2),1.4990000000000001
73065080,"Tubes, pipes and hollow profiles, welded, of circular cross-section, of alloy steel other than stainless (excl. tubes and pipes having internal and external circular cross-sections and an external diameter of > 406,4 mm, and line pipe of a kind used for oil or gas pipelines or casing and tubing of a kind used in drilling for oil or gas, and precision steel tubes)",Iron & Steel,Column B,(G)(2),0.80100000000000005
73065080,"Tubes, pipes and hollow profiles, welded, of circular cross-section, of alloy steel other than stainless (excl. tubes and pipes having internal and external circular cross-sections and an external diameter of > 406,4 mm, and line pipe of a kind used for oil or gas pipelines or casing and tubing of a kind used in drilling for oil or gas, and precision steel tubes)",Iron & Steel,Column B,(H)(2),0.44600000000000001
73065080,"Tubes, pipes and hollow profiles, welded, of circular cross-section, of alloy steel other than stainless (excl. tubes and pipes having internal and external circular cross-sections and an external diameter of > 406,4 mm, and line pipe of a kind used for oil or gas pipelines or casing and tubing of a kind used in drilling for oil or gas, and precision steel tubes)",Iron & Steel,Column B,(J)(2),0.98699999999999999
73066110,"Tubes and pipes and hollow profiles, welded, of square or rectangular cross-section, of stainless steel",Iron & Steel,Column A,,0.109
73066110,"Tubes and pipes and hollow profiles, welded, of square or rectangular cross-section, of stainless steel",Iron & Steel,Column B,(1),1.27
73066110,"Tubes and pipes and hollow profiles, welded, of square or rectangular cross-section, of stainless steel",Iron & Steel,Column B,(2),1.23
73066192,"Tubes and pipes and hollow profiles, welded, of square or rectangular cross-section, of iron or steel other than stainless steel, with a wall thickness of <= 2 mm",Iron & Steel,Column A,,0.112
73066192,"Tubes and pipes and hollow profiles, welded, of square or rectangular cross-section, of iron or steel other than stainless steel, with a wall thickness of <= 2 mm",Iron & Steel,Column B,(C),1.4910000000000001
73066192,"Tubes and pipes and hollow profiles, welded, of square or rectangular cross-section, of iron or steel other than stainless steel, with a wall thickness of <= 2 mm",Iron & Steel,Column B,(D),0.56699999999999995
73066192,"Tubes and pipes and hollow profiles, welded, of square or rectangular cross-section, of iron or steel other than stainless steel, with a wall thickness of <= 2 mm",Iron & Steel,Column B,(E),0.14099999999999999
73066199,"Tubes and pipes and hollow profiles, welded, of square or rectangular cross-section, of iron or steel other than stainless steel, with a wall thickness of > 2 mm",Iron & Steel,Column A,,0.112
73066199,"Tubes and pipes and hollow profiles, welded, of square or rectangular cross-section, of iron or steel other than stainless steel, with a wall thickness of > 2 mm",Iron & Steel,Column B,(C),1.4910000000000001
73066199,"Tubes and pipes and hollow profiles, welded, of square or rectangular cross-section, of iron or steel other than stainless steel, with a wall thickness of > 2 mm",Iron & Steel,Column B,(D),0.56699999999999995
73066199,"Tubes and pipes and hollow profiles, welded, of square or rectangular cross-section, of iron or steel other than stainless steel, with a wall thickness of > 2 mm",Iron & Steel,Column B,(E),0.14099999999999999
73066910,"Tubes, pipes and hollow profiles, welded, of non-circular cross-section, of stainless steel (excl. tubes and pipes having internal and external circular cross-sections and an external diameter of > 406,4 mm, line pipe of a kind used for oil or gas pipelines or casing and tubing of a kind used in drilling for oil or gas, and tubes and pipes and hollow profiles of square or rectangular cross-section)",Iron & Steel,Column A,,0.109
73066910,"Tubes, pipes and hollow profiles, welded, of non-circular cross-section, of stainless steel (excl. tubes and pipes having internal and external circular cross-sections and an external diameter of > 406,4 mm, line pipe of a kind used for oil or gas pipelines or casing and tubing of a kind used in drilling for oil or gas, and tubes and pipes and hollow profiles of square or rectangular cross-section)",Iron & Steel,Column B,(1),1.27
73066910,"Tubes, pipes and hollow profiles, welded, of non-circular cross-section, of stainless steel (excl. tubes and pipes having internal and external circular cross-sections and an external diameter of > 406,4 mm, line pipe of a kind used for oil or gas pipelines or casing and tubing of a kind used in drilling for oil or gas, and tubes and pipes and hollow profiles of square or rectangular cross-section)",Iron & Steel,Column B,(2),1.23
73066990,"Tubes, pipes and hollow profiles, welded, of non-circular cross-section, of iron or steel other than stainless steel (excl. tubes and pipes having internal and external circular cross-sections and an external diameter of > 406,4 mm, line pipe of a kind used for oil or gas pipelines or casing and tubing of a kind used in drilling for oil or gas, and tubes and pipes and hollow profiles of square or rectangular cross-section)",Iron & Steel,Column A,,0.112
73066990,"Tubes, pipes and hollow profiles, welded, of non-circular cross-section, of iron or steel other than stainless steel (excl. tubes and pipes having internal and external circular cross-sections and an external diameter of > 406,4 mm, line pipe of a kind used for oil or gas pipelines or casing and tubing of a kind used in drilling for oil or gas, and tubes and pipes and hollow profiles of square or rectangular cross-section)",Iron & Steel,Column B,(C),1.4910000000000001
73066990,"Tubes, pipes and hollow profiles, welded, of non-circular cross-section, of iron or steel other than stainless steel (excl. tubes and pipes having internal and external circular cross-sections and an external diameter of > 406,4 mm, line pipe of a kind used for oil or gas pipelines or casing and tubing of a kind used in drilling for oil or gas, and tubes and pipes and hollow profiles of square or rectangular cross-section)",Iron & Steel,Column B,(D),0.56699999999999995
73066990,"Tubes, pipes and hollow profiles, welded, of non-circular cross-section, of iron or steel other than stainless steel (excl. tubes and pipes having internal and external circular cross-sections and an external diameter of > 406,4 mm, line pipe of a kind used for oil or gas pipelines or casing and tubing of a kind used in drilling for oil or gas, and tubes and pipes and hollow profiles of square or rectangular cross-section)",Iron & Steel,Column B,(E),0.14099999999999999
73069000,"Tubes, pipes and hollow profiles ""e.g., open seam, riveted or similarly closed"", of iron or steel (excl. of cast iron, seamless or welded tubes and pipes and tubes and pipes having internal and external circular cross-sections and an external diameter of > 406,4 mm)",Iron & Steel,Column A,,0.112
73069000,"Tubes, pipes and hollow profiles ""e.g., open seam, riveted or similarly closed"", of iron or steel (excl. of cast iron, seamless or welded tubes and pipes and tubes and pipes having internal and external circular cross-sections and an external diameter of > 406,4 mm)",Iron & Steel,Column B,(C),1.4910000000000001
73069000,"Tubes, pipes and hollow profiles ""e.g., open seam, riveted or similarly closed"", of iron or steel (excl. of cast iron, seamless or welded tubes and pipes and tubes and pipes having internal and external circular cross-sections and an external diameter of > 406,4 mm)",Iron & Steel,Column B,(D),0.56699999999999995
73069000,"Tubes, pipes and hollow profiles ""e.g., open seam, riveted or similarly closed"", of iron or steel (excl. of cast iron, seamless or welded tubes and pipes and tubes and pipes having internal and external circular cross-sections and an external diameter of > 406,4 mm)",Iron & Steel,Column B,(E),0.14099999999999999
73071110,"Tube or pipe fittings of non-malleable cast iron, of a kind used in pressure systems",Iron & Steel,Column A,,0.16300000000000001
73071110,"Tube or pipe fittings of non-malleable cast iron, of a kind used in pressure systems",Iron & Steel,Column B,,1.409
73071190,Tube or pipe fittings of non-malleable cast iron (excl. products of a kind used in pressure systems),Iron & Steel,Column A,,0.16300000000000001
73071190,Tube or pipe fittings of non-malleable cast iron (excl. products of a kind used in pressure systems),Iron & Steel,Column B,,1.409
73071910,Tube or pipe fittings of cast iron (excl. of non-malleable),Iron & Steel,Column A,,0.16300000000000001
73071910,Tube or pipe fittings of cast iron (excl. of non-malleable),Iron & Steel,Column B,,1.409
73071990,Cast tube or pipe fittings of steel,Iron & Steel,Column A,,0.30299999999999999
73071990,Cast tube or pipe fittings of steel,Iron & Steel,Column B,(C),1.629
73071990,Cast tube or pipe fittings of steel,Iron & Steel,Column B,(D),0.74
73071990,Cast tube or pipe fittings of steel,Iron & Steel,Column B,(E),0.33100000000000002
73072100,Flanges of stainless steel (excl. cast products),Iron & Steel,Column A,,0.057000000000000002
73072100,Flanges of stainless steel (excl. cast products),Iron & Steel,Column B,(1),1.173
73072100,Flanges of stainless steel (excl. cast products),Iron & Steel,Column B,(2),1.135
73072210,"Sleeves, of stainless steel, threaded (excl. cast products)",Iron & Steel,Column A,,0.057000000000000002
73072210,"Sleeves, of stainless steel, threaded (excl. cast products)",Iron & Steel,Column B,(1),1.173
73072210,"Sleeves, of stainless steel, threaded (excl. cast products)",Iron & Steel,Column B,(2),1.135
73072290,"Elbows and bends, of stainless steel, threaded (excl. cast products)",Iron & Steel,Column A,,0.057000000000000002
73072290,"Elbows and bends, of stainless steel, threaded (excl. cast products)",Iron & Steel,Column B,(1),1.173
73072290,"Elbows and bends, of stainless steel, threaded (excl. cast products)",Iron & Steel,Column B,(2),1.135
73072310,Butt welding elbows and bends of stainless steel (excl. cast products),Iron & Steel,Column A,,0.057000000000000002
73072310,Butt welding elbows and bends of stainless steel (excl. cast products),Iron & Steel,Column B,(1),1.173
73072310,Butt welding elbows and bends of stainless steel (excl. cast products),Iron & Steel,Column B,(2),1.135
73072390,Butt welding tube or pipe fittings of stainless steel (excl. cast products and elbows and bends),Iron & Steel,Column A,,0.057000000000000002
73072390,Butt welding tube or pipe fittings of stainless steel (excl. cast products and elbows and bends),Iron & Steel,Column B,(1),1.173
73072390,Butt welding tube or pipe fittings of stainless steel (excl. cast products and elbows and bends),Iron & Steel,Column B,(2),1.135
73072910,"Threaded tube or pipe fittings of stainless steel (excl. cast products, flanges, elbows, bends and sleeves)",Iron & Steel,Column A,,0.057000000000000002
73072910,"Threaded tube or pipe fittings of stainless steel (excl. cast products, flanges, elbows, bends and sleeves)",Iron & Steel,Column B,(1),1.173
73072910,"Threaded tube or pipe fittings of stainless steel (excl. cast products, flanges, elbows, bends and sleeves)",Iron & Steel,Column B,(2),1.135
73072980,"Tube or pipe fittings of stainless steel (excl. cast, threaded, butt welding fittings and flanges)",Iron & Steel,Column A,,0.057000000000000002
73072980,"Tube or pipe fittings of stainless steel (excl. cast, threaded, butt welding fittings and flanges)",Iron & Steel,Column B,(1),1.173
73072980,"Tube or pipe fittings of stainless steel (excl. cast, threaded, butt welding fittings and flanges)",Iron & Steel,Column B,(2),1.135
73079100,Flanges of iron or steel (excl. cast or stainless products),Iron & Steel,Column A,,0.057000000000000002
73079100,Flanges of iron or steel (excl. cast or stainless products),Iron & Steel,Column B,(C),1.383
73079100,Flanges of iron or steel (excl. cast or stainless products),Iron & Steel,Column B,(D),0.49399999999999999
73079100,Flanges of iron or steel (excl. cast or stainless products),Iron & Steel,Column B,(E),0.085000000000000006
73079210,"Sleeves of iron or steel, threaded (excl. cast or of stainless steel)",Iron & Steel,Column A,,0.057000000000000002
73079210,"Sleeves of iron or steel, threaded (excl. cast or of stainless steel)",Iron & Steel,Column B,(C),1.383
73079210,"Sleeves of iron or steel, threaded (excl. cast or of stainless steel)",Iron & Steel,Column B,(D),0.49399999999999999
73079210,"Sleeves of iron or steel, threaded (excl. cast or of stainless steel)",Iron & Steel,Column B,(E),0.085000000000000006
73079290,"Elbows and bends, of iron or steel, threaded (excl. cast or of stainless steel)",Iron & Steel,Column A,,0.057000000000000002
73079290,"Elbows and bends, of iron or steel, threaded (excl. cast or of stainless steel)",Iron & Steel,Column B,(C),1.383
73079290,"Elbows and bends, of iron or steel, threaded (excl. cast or of stainless steel)",Iron & Steel,Column B,(D),0.49399999999999999
73079290,"Elbows and bends, of iron or steel, threaded (excl. cast or of stainless steel)",Iron & Steel,Column B,(E),0.085000000000000006
73079311,"Butt welding elbows and bends, of iron or steel, with greatest external diameter <= 609,6 mm (excl. cast iron or stainless steel products)",Iron & Steel,Column A,,0.057000000000000002
73079311,"Butt welding elbows and bends, of iron or steel, with greatest external diameter <= 609,6 mm (excl. cast iron or stainless steel products)",Iron & Steel,Column B,(C),1.383
73079311,"Butt welding elbows and bends, of iron or steel, with greatest external diameter <= 609,6 mm (excl. cast iron or stainless steel products)",Iron & Steel,Column B,(D),0.49399999999999999
73079311,"Butt welding elbows and bends, of iron or steel, with greatest external diameter <= 609,6 mm (excl. cast iron or stainless steel products)",Iron & Steel,Column B,(E),0.085000000000000006
73079319,"Butt welding fittings of iron or steel, with greatest external diameter <= 609,6 mm (excl. cast iron or stainless steel products, elbows, bends and flanges)",Iron & Steel,Column A,,0.057000000000000002
73079319,"Butt welding fittings of iron or steel, with greatest external diameter <= 609,6 mm (excl. cast iron or stainless steel products, elbows, bends and flanges)",Iron & Steel,Column B,(C),1.383
73079319,"Butt welding fittings of iron or steel, with greatest external diameter <= 609,6 mm (excl. cast iron or stainless steel products, elbows, bends and flanges)",Iron & Steel,Column B,(D),0.49399999999999999
73079319,"Butt welding fittings of iron or steel, with greatest external diameter <= 609,6 mm (excl. cast iron or stainless steel products, elbows, bends and flanges)",Iron & Steel,Column B,(E),0.085000000000000006
73079391,"Butt welding elbows and bends, of iron or steel, with greatest external diameter > 609,6 mm (excl. cast iron or stainless steel products)",Iron & Steel,Column A,,0.057000000000000002
73079391,"Butt welding elbows and bends, of iron or steel, with greatest external diameter > 609,6 mm (excl. cast iron or stainless steel products)",Iron & Steel,Column B,(C),1.383
73079391,"Butt welding elbows and bends, of iron or steel, with greatest external diameter > 609,6 mm (excl. cast iron or stainless steel products)",Iron & Steel,Column B,(D),0.49399999999999999
73079391,"Butt welding elbows and bends, of iron or steel, with greatest external diameter > 609,6 mm (excl. cast iron or stainless steel products)",Iron & Steel,Column B,(E),0.085000000000000006
73079399,"Butt welding fittings of iron or steel, with greatest external diameter > 609,6 mm (excl. cast iron or stainless steel products, elbows, bends and flanges)",Iron & Steel,Column A,,0.057000000000000002
73079399,"Butt welding fittings of iron or steel, with greatest external diameter > 609,6 mm (excl. cast iron or stainless steel products, elbows, bends and flanges)",Iron & Steel,Column B,(C),1.383
73079399,"Butt welding fittings of iron or steel, with greatest external diameter > 609,6 mm (excl. cast iron or stainless steel products, elbows, bends and flanges)",Iron & Steel,Column B,(D),0.49399999999999999
73079399,"Butt welding fittings of iron or steel, with greatest external diameter > 609,6 mm (excl. cast iron or stainless steel products, elbows, bends and flanges)",Iron & Steel,Column B,(E),0.085000000000000006
73079910,"Threaded tube or pipe fittings, of iron or steel (excl. cast iron or stainless steel products, flanges, elbows, bends and sleeves)",Iron & Steel,Column A,,0.057000000000000002
73079910,"Threaded tube or pipe fittings, of iron or steel (excl. cast iron or stainless steel products, flanges, elbows, bends and sleeves)",Iron & Steel,Column B,(C),1.383
73079910,"Threaded tube or pipe fittings, of iron or steel (excl. cast iron or stainless steel products, flanges, elbows, bends and sleeves)",Iron & Steel,Column B,(D),0.49399999999999999
73079910,"Threaded tube or pipe fittings, of iron or steel (excl. cast iron or stainless steel products, flanges, elbows, bends and sleeves)",Iron & Steel,Column B,(E),0.085000000000000006
73079980,"Tube or pipe fittings, of iron or steel (excl. of cast iron or stainless steel, threaded, butt welding fittings, and flanges)",Iron & Steel,Column A,,0.057000000000000002
73079980,"Tube or pipe fittings, of iron or steel (excl. of cast iron or stainless steel, threaded, butt welding fittings, and flanges)",Iron & Steel,Column B,(C),1.383
73079980,"Tube or pipe fittings, of iron or steel (excl. of cast iron or stainless steel, threaded, butt welding fittings, and flanges)",Iron & Steel,Column B,(D),0.49399999999999999
73079980,"Tube or pipe fittings, of iron or steel (excl. of cast iron or stainless steel, threaded, butt welding fittings, and flanges)",Iron & Steel,Column B,(E),0.085000000000000006
73081000,"Bridges and bridge-sections, of iron or steel",Iron & Steel,Column A,,0.112
73081000,"Bridges and bridge-sections, of iron or steel",Iron & Steel,Column B,(C),1.4910000000000001
73081000,"Bridges and bridge-sections, of iron or steel",Iron & Steel,Column B,(D),0.56699999999999995
73081000,"Bridges and bridge-sections, of iron or steel",Iron & Steel,Column B,(E),0.14099999999999999
73082000,"Towers and lattice masts, of iron or steel",Iron & Steel,Column A,,0.112
73082000,"Towers and lattice masts, of iron or steel",Iron & Steel,Column B,(C),1.4910000000000001
73082000,"Towers and lattice masts, of iron or steel",Iron & Steel,Column B,(D),0.56699999999999995
73082000,"Towers and lattice masts, of iron or steel",Iron & Steel,Column B,(E),0.14099999999999999
73083000,"Doors, windows and their frames and thresholds for doors, of iron or steel",Iron & Steel,Column A,,0.112
73083000,"Doors, windows and their frames and thresholds for doors, of iron or steel",Iron & Steel,Column B,(C),1.4910000000000001
73083000,"Doors, windows and their frames and thresholds for doors, of iron or steel",Iron & Steel,Column B,(D),0.56699999999999995
73083000,"Doors, windows and their frames and thresholds for doors, of iron or steel",Iron & Steel,Column B,(E),0.14099999999999999
73084000,"Equipment for scaffolding, shuttering, propping or pit-propping (excl. composite sheetpiling products and formwork panels for poured-in-place concrete, which have the characteristics of moulds)",Iron & Steel,Column A,,0.112
73084000,"Equipment for scaffolding, shuttering, propping or pit-propping (excl. composite sheetpiling products and formwork panels for poured-in-place concrete, which have the characteristics of moulds)",Iron & Steel,Column B,(C),1.4910000000000001
73084000,"Equipment for scaffolding, shuttering, propping or pit-propping (excl. composite sheetpiling products and formwork panels for poured-in-place concrete, which have the characteristics of moulds)",Iron & Steel,Column B,(D),0.56699999999999995
73084000,"Equipment for scaffolding, shuttering, propping or pit-propping (excl. composite sheetpiling products and formwork panels for poured-in-place concrete, which have the characteristics of moulds)",Iron & Steel,Column B,(E),0.14099999999999999
73089051,"Panels comprising two walls of profiled ""ribbed"" sheet, of iron or steel, with an insulating core",Iron & Steel,Column A,,0.112
73089051,"Panels comprising two walls of profiled ""ribbed"" sheet, of iron or steel, with an insulating core",Iron & Steel,Column B,(C),1.4910000000000001
73089051,"Panels comprising two walls of profiled ""ribbed"" sheet, of iron or steel, with an insulating core",Iron & Steel,Column B,(D),0.56699999999999995
73089051,"Panels comprising two walls of profiled ""ribbed"" sheet, of iron or steel, with an insulating core",Iron & Steel,Column B,(E),0.14099999999999999
73089059,"Structures and parts of structures, of iron or steel, solely or principally of sheet, n.e.s. (excl. doors and windows and their frames, and panels comprising two walls of profiled ""ribbed"" sheet, of iron or steel, with an insulating core)",Iron & Steel,Column A,,0.112
73089059,"Structures and parts of structures, of iron or steel, solely or principally of sheet, n.e.s. (excl. doors and windows and their frames, and panels comprising two walls of profiled ""ribbed"" sheet, of iron or steel, with an insulating core)",Iron & Steel,Column B,(C),1.4910000000000001
73089059,"Structures and parts of structures, of iron or steel, solely or principally of sheet, n.e.s. (excl. doors and windows and their frames, and panels comprising two walls of profiled ""ribbed"" sheet, of iron or steel, with an insulating core)",Iron & Steel,Column B,(D),0.56699999999999995
73089059,"Structures and parts of structures, of iron or steel, solely or principally of sheet, n.e.s. (excl. doors and windows and their frames, and panels comprising two walls of profiled ""ribbed"" sheet, of iron or steel, with an insulating core)",Iron & Steel,Column B,(E),0.14099999999999999
73089098,"Structures and parts of structures of iron or steel, n.e.s. (excl. bridges and bridge-sections; towers; lattice masts; doors, windows and their frames and thresholds; equipment for scaffolding, shuttering, propping or pit-propping, and products made principally of sheet)",Iron & Steel,Column A,,0.112
73089098,"Structures and parts of structures of iron or steel, n.e.s. (excl. bridges and bridge-sections; towers; lattice masts; doors, windows and their frames and thresholds; equipment for scaffolding, shuttering, propping or pit-propping, and products made principally of sheet)",Iron & Steel,Column B,(C),1.4910000000000001
73089098,"Structures and parts of structures of iron or steel, n.e.s. (excl. bridges and bridge-sections; towers; lattice masts; doors, windows and their frames and thresholds; equipment for scaffolding, shuttering, propping or pit-propping, and products made principally of sheet)",Iron & Steel,Column B,(D),0.56699999999999995
73089098,"Structures and parts of structures of iron or steel, n.e.s. (excl. bridges and bridge-sections; towers; lattice masts; doors, windows and their frames and thresholds; equipment for scaffolding, shuttering, propping or pit-propping, and products made principally of sheet)",Iron & Steel,Column B,(E),0.14099999999999999
73090010,"Reservoirs, tanks, vats and similar containers, of iron or steel, for gases other than compressed or liquefied gas, of a capacity of > 300 l (excl. containers fitted with mechanical or thermal equipment and containers specifically constructed or equipped for one or more types of transport)",Iron & Steel,Column A,,0.112
73090010,"Reservoirs, tanks, vats and similar containers, of iron or steel, for gases other than compressed or liquefied gas, of a capacity of > 300 l (excl. containers fitted with mechanical or thermal equipment and containers specifically constructed or equipped for one or more types of transport)",Iron & Steel,Column B,(C),1.4910000000000001
73090010,"Reservoirs, tanks, vats and similar containers, of iron or steel, for gases other than compressed or liquefied gas, of a capacity of > 300 l (excl. containers fitted with mechanical or thermal equipment and containers specifically constructed or equipped for one or more types of transport)",Iron & Steel,Column B,(D),0.56699999999999995
73090010,"Reservoirs, tanks, vats and similar containers, of iron or steel, for gases other than compressed or liquefied gas, of a capacity of > 300 l (excl. containers fitted with mechanical or thermal equipment and containers specifically constructed or equipped for one or more types of transport)",Iron & Steel,Column B,(E),0.14099999999999999
73090030,"Reservoirs, tanks, vats and similar containers, of iron or steel, for liquids, lined or heat-insulated and of a capacity of > 300 l (excl. containers fitted with mechanical or thermal equipment and containers specifically constructed or equipped for one or more types of transport)",Iron & Steel,Column A,,0.112
73090030,"Reservoirs, tanks, vats and similar containers, of iron or steel, for liquids, lined or heat-insulated and of a capacity of > 300 l (excl. containers fitted with mechanical or thermal equipment and containers specifically constructed or equipped for one or more types of transport)",Iron & Steel,Column B,(C),1.4910000000000001
73090030,"Reservoirs, tanks, vats and similar containers, of iron or steel, for liquids, lined or heat-insulated and of a capacity of > 300 l (excl. containers fitted with mechanical or thermal equipment and containers specifically constructed or equipped for one or more types of transport)",Iron & Steel,Column B,(D),0.56699999999999995
73090030,"Reservoirs, tanks, vats and similar containers, of iron or steel, for liquids, lined or heat-insulated and of a capacity of > 300 l (excl. containers fitted with mechanical or thermal equipment and containers specifically constructed or equipped for one or more types of transport)",Iron & Steel,Column B,(E),0.14099999999999999
73090051,"Reservoirs, tanks, vats and similar containers, of iron or steel, for liquids, of a capacity of > 100.000 l (excl. containers lined or heat-insulated or fitted with mechanical or thermal equipment and containers specifically constructed or equipped for one or more types of transport)",Iron & Steel,Column A,,0.112
73090051,"Reservoirs, tanks, vats and similar containers, of iron or steel, for liquids, of a capacity of > 100.000 l (excl. containers lined or heat-insulated or fitted with mechanical or thermal equipment and containers specifically constructed or equipped for one or more types of transport)",Iron & Steel,Column B,(C),1.4910000000000001
73090051,"Reservoirs, tanks, vats and similar containers, of iron or steel, for liquids, of a capacity of > 100.000 l (excl. containers lined or heat-insulated or fitted with mechanical or thermal equipment and containers specifically constructed or equipped for one or more types of transport)",Iron & Steel,Column B,(D),0.56699999999999995
73090051,"Reservoirs, tanks, vats and similar containers, of iron or steel, for liquids, of a capacity of > 100.000 l (excl. containers lined or heat-insulated or fitted with mechanical or thermal equipment and containers specifically constructed or equipped for one or more types of transport)",Iron & Steel,Column B,(E),0.14099999999999999
73090059,"Reservoirs, tanks, vats and similar containers, of iron or steel, for liquids, of a capacity of <= 100.000 l but > 300 l (excl. containers lined or heat-insulated or fitted with mechanical or thermal equipment and containers specifically constructed or equipped for one or more types of transport)",Iron & Steel,Column A,,0.112
73090059,"Reservoirs, tanks, vats and similar containers, of iron or steel, for liquids, of a capacity of <= 100.000 l but > 300 l (excl. containers lined or heat-insulated or fitted with mechanical or thermal equipment and containers specifically constructed or equipped for one or more types of transport)",Iron & Steel,Column B,(C),1.4910000000000001
73090059,"Reservoirs, tanks, vats and similar containers, of iron or steel, for liquids, of a capacity of <= 100.000 l but > 300 l (excl. containers lined or heat-insulated or fitted with mechanical or thermal equipment and containers specifically constructed or equipped for one or more types of transport)",Iron & Steel,Column B,(D),0.56699999999999995
73090059,"Reservoirs, tanks, vats and similar containers, of iron or steel, for liquids, of a capacity of <= 100.000 l but > 300 l (excl. containers lined or heat-insulated or fitted with mechanical or thermal equipment and containers specifically constructed or equipped for one or more types of transport)",Iron & Steel,Column B,(E),0.14099999999999999
73090090,"Reservoirs, tanks, vats and similar containers, of iron or steel, for solids, of a capacity of > 300 l (excl. containers lined or heat-insulated or fitted with mechanical or thermal equipment and containers specifically constructed or equipped for one or more types of transport)",Iron & Steel,Column A,,0.112
73090090,"Reservoirs, tanks, vats and similar containers, of iron or steel, for solids, of a capacity of > 300 l (excl. containers lined or heat-insulated or fitted with mechanical or thermal equipment and containers specifically constructed or equipped for one or more types of transport)",Iron & Steel,Column B,(C),1.4910000000000001
73090090,"Reservoirs, tanks, vats and similar containers, of iron or steel, for solids, of a capacity of > 300 l (excl. containers lined or heat-insulated or fitted with mechanical or thermal equipment and containers specifically constructed or equipped for one or more types of transport)",Iron & Steel,Column B,(D),0.56699999999999995
73090090,"Reservoirs, tanks, vats and similar containers, of iron or steel, for solids, of a capacity of > 300 l (excl. containers lined or heat-insulated or fitted with mechanical or thermal equipment and containers specifically constructed or equipped for one or more types of transport)",Iron & Steel,Column B,(E),0.14099999999999999
73101000,"Tanks, casks, drums, cans, boxes and similar containers, of iron or steel, for any material, of a capacity of >= 50 l but <= 300 l, n.e.s. (excl. containers for compressed or liquefied gas, or containers fitted with mechanical or thermal equipment)",Iron & Steel,Column A,,0.112
73101000,"Tanks, casks, drums, cans, boxes and similar containers, of iron or steel, for any material, of a capacity of >= 50 l but <= 300 l, n.e.s. (excl. containers for compressed or liquefied gas, or containers fitted with mechanical or thermal equipment)",Iron & Steel,Column B,(C),1.4910000000000001
73101000,"Tanks, casks, drums, cans, boxes and similar containers, of iron or steel, for any material, of a capacity of >= 50 l but <= 300 l, n.e.s. (excl. containers for compressed or liquefied gas, or containers fitted with mechanical or thermal equipment)",Iron & Steel,Column B,(D),0.56699999999999995
73101000,"Tanks, casks, drums, cans, boxes and similar containers, of iron or steel, for any material, of a capacity of >= 50 l but <= 300 l, n.e.s. (excl. containers for compressed or liquefied gas, or containers fitted with mechanical or thermal equipment)",Iron & Steel,Column B,(E),0.14099999999999999
73102111,"Cans of iron or steel, of a capacity of < 50 l, which are to be closed by soldering or crimping, of a kind used for preserving food",Iron & Steel,Column A,,0.112
73102111,"Cans of iron or steel, of a capacity of < 50 l, which are to be closed by soldering or crimping, of a kind used for preserving food",Iron & Steel,Column B,(C),1.4910000000000001
73102111,"Cans of iron or steel, of a capacity of < 50 l, which are to be closed by soldering or crimping, of a kind used for preserving food",Iron & Steel,Column B,(D),0.56699999999999995
73102111,"Cans of iron or steel, of a capacity of < 50 l, which are to be closed by soldering or crimping, of a kind used for preserving food",Iron & Steel,Column B,(E),0.14099999999999999
73102119,"Cans of iron or steel, of a capacity of < 50 l, which are to be closed by soldering or crimping, of a kind used for preserving drink",Iron & Steel,Column A,,0.112
73102119,"Cans of iron or steel, of a capacity of < 50 l, which are to be closed by soldering or crimping, of a kind used for preserving drink",Iron & Steel,Column B,(C),1.4910000000000001
73102119,"Cans of iron or steel, of a capacity of < 50 l, which are to be closed by soldering or crimping, of a kind used for preserving drink",Iron & Steel,Column B,(D),0.56699999999999995
73102119,"Cans of iron or steel, of a capacity of < 50 l, which are to be closed by soldering or crimping, of a kind used for preserving drink",Iron & Steel,Column B,(E),0.14099999999999999
73102191,"Cans of iron or steel, of a capacity of < 50 l, which are to be closed by soldering or crimping, of a wall thickness of < 0,5 mm (excl. cans for compressed or liquefied gas, and cans of a kind used for preserving food and drink)",Iron & Steel,Column A,,0.112
73102191,"Cans of iron or steel, of a capacity of < 50 l, which are to be closed by soldering or crimping, of a wall thickness of < 0,5 mm (excl. cans for compressed or liquefied gas, and cans of a kind used for preserving food and drink)",Iron & Steel,Column B,(C),1.4910000000000001
73102191,"Cans of iron or steel, of a capacity of < 50 l, which are to be closed by soldering or crimping, of a wall thickness of < 0,5 mm (excl. cans for compressed or liquefied gas, and cans of a kind used for preserving food and drink)",Iron & Steel,Column B,(D),0.56699999999999995
73102191,"Cans of iron or steel, of a capacity of < 50 l, which are to be closed by soldering or crimping, of a wall thickness of < 0,5 mm (excl. cans for compressed or liquefied gas, and cans of a kind used for preserving food and drink)",Iron & Steel,Column B,(E),0.14099999999999999
73102199,"Cans of iron or steel, of a capacity of < 50 l, which are to be closed by soldering or crimping, of a wall thickness of >= 0,5 mm (excl. cans for compressed or liquefied gas, and cans of a kind used for preserving food and drink)",Iron & Steel,Column A,,0.112
73102199,"Cans of iron or steel, of a capacity of < 50 l, which are to be closed by soldering or crimping, of a wall thickness of >= 0,5 mm (excl. cans for compressed or liquefied gas, and cans of a kind used for preserving food and drink)",Iron & Steel,Column B,(C),1.4910000000000001
73102199,"Cans of iron or steel, of a capacity of < 50 l, which are to be closed by soldering or crimping, of a wall thickness of >= 0,5 mm (excl. cans for compressed or liquefied gas, and cans of a kind used for preserving food and drink)",Iron & Steel,Column B,(D),0.56699999999999995
73102199,"Cans of iron or steel, of a capacity of < 50 l, which are to be closed by soldering or crimping, of a wall thickness of >= 0,5 mm (excl. cans for compressed or liquefied gas, and cans of a kind used for preserving food and drink)",Iron & Steel,Column B,(E),0.14099999999999999
73102910,"Tanks, casks, drums, cans, boxes and similar containers, of iron or steel, for any material, of a capacity of < 50 l and of a wall thickness of < 0,5 mm, n.e.s. (excl. containers for compressed or liquefied gas, or containers fitted with mechanical or thermal equipment, and cans which are to be closed by soldering or crimping)",Iron & Steel,Column A,,0.112
73102910,"Tanks, casks, drums, cans, boxes and similar containers, of iron or steel, for any material, of a capacity of < 50 l and of a wall thickness of < 0,5 mm, n.e.s. (excl. containers for compressed or liquefied gas, or containers fitted with mechanical or thermal equipment, and cans which are to be closed by soldering or crimping)",Iron & Steel,Column B,(C),1.4910000000000001
73102910,"Tanks, casks, drums, cans, boxes and similar containers, of iron or steel, for any material, of a capacity of < 50 l and of a wall thickness of < 0,5 mm, n.e.s. (excl. containers for compressed or liquefied gas, or containers fitted with mechanical or thermal equipment, and cans which are to be closed by soldering or crimping)",Iron & Steel,Column B,(D),0.56699999999999995
73102910,"Tanks, casks, drums, cans, boxes and similar containers, of iron or steel, for any material, of a capacity of < 50 l and of a wall thickness of < 0,5 mm, n.e.s. (excl. containers for compressed or liquefied gas, or containers fitted with mechanical or thermal equipment, and cans which are to be closed by soldering or crimping)",Iron & Steel,Column B,(E),0.14099999999999999
73102990,"Tanks, casks, drums, cans, boxes and similar containers, of iron or steel, for any material, of a capacity of < 50 l and of a wall thickness of >= 0,5 mm, n.e.s. (excl. containers for compressed or liquefied gas, or containers fitted with mechanical or thermal equipment, and cans which are to be closed by soldering or crimping)",Iron & Steel,Column A,,0.112
73102990,"Tanks, casks, drums, cans, boxes and similar containers, of iron or steel, for any material, of a capacity of < 50 l and of a wall thickness of >= 0,5 mm, n.e.s. (excl. containers for compressed or liquefied gas, or containers fitted with mechanical or thermal equipment, and cans which are to be closed by soldering or crimping)",Iron & Steel,Column B,(C),1.4910000000000001
73102990,"Tanks, casks, drums, cans, boxes and similar containers, of iron or steel, for any material, of a capacity of < 50 l and of a wall thickness of >= 0,5 mm, n.e.s. (excl. containers for compressed or liquefied gas, or containers fitted with mechanical or thermal equipment, and cans which are to be closed by soldering or crimping)",Iron & Steel,Column B,(D),0.56699999999999995
73102990,"Tanks, casks, drums, cans, boxes and similar containers, of iron or steel, for any material, of a capacity of < 50 l and of a wall thickness of >= 0,5 mm, n.e.s. (excl. containers for compressed or liquefied gas, or containers fitted with mechanical or thermal equipment, and cans which are to be closed by soldering or crimping)",Iron & Steel,Column B,(E),0.14099999999999999
73110011,"Containers of iron or steel, seamless, for compressed or liquefied gas, for a pressure >= 165 bar, of a capacity < 20 l (excl. containers specifically constructed or equipped for one or more types of transport)",Iron & Steel,Column A,,0.037999999999999999
73110011,"Containers of iron or steel, seamless, for compressed or liquefied gas, for a pressure >= 165 bar, of a capacity < 20 l (excl. containers specifically constructed or equipped for one or more types of transport)",Iron & Steel,Column B,(C),1.3640000000000001
73110011,"Containers of iron or steel, seamless, for compressed or liquefied gas, for a pressure >= 165 bar, of a capacity < 20 l (excl. containers specifically constructed or equipped for one or more types of transport)",Iron & Steel,Column B,(D),0.47499999999999998
73110011,"Containers of iron or steel, seamless, for compressed or liquefied gas, for a pressure >= 165 bar, of a capacity < 20 l (excl. containers specifically constructed or equipped for one or more types of transport)",Iron & Steel,Column B,(E),0.066000000000000003
73110013,"Containers of iron or steel, seamless, for compressed or liquefied gas, for a pressure >= 165 bar, of a capacity >= 20 l to <= 50 l (excl. containers specifically constructed or equipped for one or more types of transport)",Iron & Steel,Column A,,0.037999999999999999
73110013,"Containers of iron or steel, seamless, for compressed or liquefied gas, for a pressure >= 165 bar, of a capacity >= 20 l to <= 50 l (excl. containers specifically constructed or equipped for one or more types of transport)",Iron & Steel,Column B,(C),1.3640000000000001
73110013,"Containers of iron or steel, seamless, for compressed or liquefied gas, for a pressure >= 165 bar, of a capacity >= 20 l to <= 50 l (excl. containers specifically constructed or equipped for one or more types of transport)",Iron & Steel,Column B,(D),0.47499999999999998
73110013,"Containers of iron or steel, seamless, for compressed or liquefied gas, for a pressure >= 165 bar, of a capacity >= 20 l to <= 50 l (excl. containers specifically constructed or equipped for one or more types of transport)",Iron & Steel,Column B,(E),0.066000000000000003
73110019,"Containers of iron or steel, seamless, for compressed or liquefied gas, for a pressure >= 165 bar, of a capacity > 50 l (excl. containers specifically constructed or equipped for one or more types of transport)",Iron & Steel,Column A,,0.037999999999999999
73110019,"Containers of iron or steel, seamless, for compressed or liquefied gas, for a pressure >= 165 bar, of a capacity > 50 l (excl. containers specifically constructed or equipped for one or more types of transport)",Iron & Steel,Column B,(C),1.3640000000000001
73110019,"Containers of iron or steel, seamless, for compressed or liquefied gas, for a pressure >= 165 bar, of a capacity > 50 l (excl. containers specifically constructed or equipped for one or more types of transport)",Iron & Steel,Column B,(D),0.47499999999999998
73110019,"Containers of iron or steel, seamless, for compressed or liquefied gas, for a pressure >= 165 bar, of a capacity > 50 l (excl. containers specifically constructed or equipped for one or more types of transport)",Iron & Steel,Column B,(E),0.066000000000000003
73110030,"Containers of iron or steel, seamless, for compressed or liquefied gas, for a pressure < 165 bar (excl. containers specifically constructed or equipped for one or more types of transport)",Iron & Steel,Column A,,0.037999999999999999
73110030,"Containers of iron or steel, seamless, for compressed or liquefied gas, for a pressure < 165 bar (excl. containers specifically constructed or equipped for one or more types of transport)",Iron & Steel,Column B,(C),1.3640000000000001
73110030,"Containers of iron or steel, seamless, for compressed or liquefied gas, for a pressure < 165 bar (excl. containers specifically constructed or equipped for one or more types of transport)",Iron & Steel,Column B,(D),0.47499999999999998
73110030,"Containers of iron or steel, seamless, for compressed or liquefied gas, for a pressure < 165 bar (excl. containers specifically constructed or equipped for one or more types of transport)",Iron & Steel,Column B,(E),0.066000000000000003
73110091,"Containers of iron or steel, seamless, for compressed or liquefied gas, of a capacity of < 1.000 l (excl. seamless containers and containers specifically constructed or equipped for one or more types of transport)",Iron & Steel,Column A,,0.037999999999999999
73110091,"Containers of iron or steel, seamless, for compressed or liquefied gas, of a capacity of < 1.000 l (excl. seamless containers and containers specifically constructed or equipped for one or more types of transport)",Iron & Steel,Column B,(C),1.3640000000000001
73110091,"Containers of iron or steel, seamless, for compressed or liquefied gas, of a capacity of < 1.000 l (excl. seamless containers and containers specifically constructed or equipped for one or more types of transport)",Iron & Steel,Column B,(D),0.47499999999999998
73110091,"Containers of iron or steel, seamless, for compressed or liquefied gas, of a capacity of < 1.000 l (excl. seamless containers and containers specifically constructed or equipped for one or more types of transport)",Iron & Steel,Column B,(E),0.066000000000000003
73110099,"Containers of iron or steel, seamless, for compressed or liquefied gas, of a capacity of >= 1.000 l (excl. seamless containers and containers specifically constructed or equipped for one or more types of transport)",Iron & Steel,Column A,,0.037999999999999999
73110099,"Containers of iron or steel, seamless, for compressed or liquefied gas, of a capacity of >= 1.000 l (excl. seamless containers and containers specifically constructed or equipped for one or more types of transport)",Iron & Steel,Column B,(C),1.3640000000000001
73110099,"Containers of iron or steel, seamless, for compressed or liquefied gas, of a capacity of >= 1.000 l (excl. seamless containers and containers specifically constructed or equipped for one or more types of transport)",Iron & Steel,Column B,(D),0.47499999999999998
73110099,"Containers of iron or steel, seamless, for compressed or liquefied gas, of a capacity of >= 1.000 l (excl. seamless containers and containers specifically constructed or equipped for one or more types of transport)",Iron & Steel,Column B,(E),0.066000000000000003
73181100,Coach screws of iron or steel,Iron & Steel,Column A,,0.037999999999999999
73181100,Coach screws of iron or steel,Iron & Steel,Column B,(C),1.3640000000000001
73181100,Coach screws of iron or steel,Iron & Steel,Column B,(D),0.47499999999999998
73181100,Coach screws of iron or steel,Iron & Steel,Column B,(E),0.066000000000000003
73181210,Wood screws of stainless steel (excl. coach screws),Iron & Steel,Column A,,0.037999999999999999
73181210,Wood screws of stainless steel (excl. coach screws),Iron & Steel,Column B,(1),1.1539999999999999
73181210,Wood screws of stainless steel (excl. coach screws),Iron & Steel,Column B,(2),1.1160000000000001
73181290,Wood screws of iron or steel other than stainless (excl. coach screws),Iron & Steel,Column A,,0.037999999999999999
73181290,Wood screws of iron or steel other than stainless (excl. coach screws),Iron & Steel,Column B,(C),1.3640000000000001
73181290,Wood screws of iron or steel other than stainless (excl. coach screws),Iron & Steel,Column B,(D),0.47499999999999998
73181290,Wood screws of iron or steel other than stainless (excl. coach screws),Iron & Steel,Column B,(E),0.066000000000000003
73181300,"Screw hooks and screw rings, of iron or steel",Iron & Steel,Column A,,0.037999999999999999
73181300,"Screw hooks and screw rings, of iron or steel",Iron & Steel,Column B,(C),1.3640000000000001
73181300,"Screw hooks and screw rings, of iron or steel",Iron & Steel,Column B,(D),0.47499999999999998
73181300,"Screw hooks and screw rings, of iron or steel",Iron & Steel,Column B,(E),0.066000000000000003
73181410,"Self-tapping screws, of stainless steel (excl. wood screws)",Iron & Steel,Column A,,0.037999999999999999
73181410,"Self-tapping screws, of stainless steel (excl. wood screws)",Iron & Steel,Column B,(1),1.1539999999999999
73181410,"Self-tapping screws, of stainless steel (excl. wood screws)",Iron & Steel,Column B,(2),1.1160000000000001
73181491,Spaced-thread screws of iron or steel other than stainless,Iron & Steel,Column A,,0.037999999999999999
73181491,Spaced-thread screws of iron or steel other than stainless,Iron & Steel,Column B,(C),1.3640000000000001
73181491,Spaced-thread screws of iron or steel other than stainless,Iron & Steel,Column B,(D),0.47499999999999998
73181491,Spaced-thread screws of iron or steel other than stainless,Iron & Steel,Column B,(E),0.066000000000000003
73181499,Self-tapping screws of iron or steel other than stainless (excl. spaced-thread screws and wood screws),Iron & Steel,Column A,,0.037999999999999999
73181499,Self-tapping screws of iron or steel other than stainless (excl. spaced-thread screws and wood screws),Iron & Steel,Column B,(C),1.3640000000000001
73181499,Self-tapping screws of iron or steel other than stainless (excl. spaced-thread screws and wood screws),Iron & Steel,Column B,(D),0.47499999999999998
73181499,Self-tapping screws of iron or steel other than stainless (excl. spaced-thread screws and wood screws),Iron & Steel,Column B,(E),0.066000000000000003
73181520,"Screws and bolts, of iron or steel ""whether or not with their nuts and washers"", for fixing railway track construction material (excl. coach screws)",Iron & Steel,Column A,,0.037999999999999999
73181520,"Screws and bolts, of iron or steel ""whether or not with their nuts and washers"", for fixing railway track construction material (excl. coach screws)",Iron & Steel,Column B,(C),1.3640000000000001
73181520,"Screws and bolts, of iron or steel ""whether or not with their nuts and washers"", for fixing railway track construction material (excl. coach screws)",Iron & Steel,Column B,(D),0.47499999999999998
73181520,"Screws and bolts, of iron or steel ""whether or not with their nuts and washers"", for fixing railway track construction material (excl. coach screws)",Iron & Steel,Column B,(E),0.066000000000000003
73181535,"Screws and bolts, of stainless steel ""whether or not with their nuts and washers"", without heads (excl. screws and bolts for fixing railway track construction material)",Iron & Steel,Column A,,0.037999999999999999
73181535,"Screws and bolts, of stainless steel ""whether or not with their nuts and washers"", without heads (excl. screws and bolts for fixing railway track construction material)",Iron & Steel,Column B,(1),1.1539999999999999
73181535,"Screws and bolts, of stainless steel ""whether or not with their nuts and washers"", without heads (excl. screws and bolts for fixing railway track construction material)",Iron & Steel,Column B,(2),1.1160000000000001
73181542,"Screws and bolts, of iron or steel other than stainless ""whether or not with their nuts and washers"", without heads, with a tensile strength of < 800 MPa (excl. screws and bolts for fixing railway track construction material)",Iron & Steel,Column A,,0.037999999999999999
73181542,"Screws and bolts, of iron or steel other than stainless ""whether or not with their nuts and washers"", without heads, with a tensile strength of < 800 MPa (excl. screws and bolts for fixing railway track construction material)",Iron & Steel,Column B,(C),1.3640000000000001
73181542,"Screws and bolts, of iron or steel other than stainless ""whether or not with their nuts and washers"", without heads, with a tensile strength of < 800 MPa (excl. screws and bolts for fixing railway track construction material)",Iron & Steel,Column B,(D),0.47499999999999998
73181542,"Screws and bolts, of iron or steel other than stainless ""whether or not with their nuts and washers"", without heads, with a tensile strength of < 800 MPa (excl. screws and bolts for fixing railway track construction material)",Iron & Steel,Column B,(E),0.066000000000000003
73181548,"Screws and bolts, of iron or steel other than stainless ""whether or not with their nuts and washers"", without heads, with a tensile strength of >= 800 MPa (excl. screws and bolts for fixing railway track construction material)",Iron & Steel,Column A,,0.037999999999999999
73181548,"Screws and bolts, of iron or steel other than stainless ""whether or not with their nuts and washers"", without heads, with a tensile strength of >= 800 MPa (excl. screws and bolts for fixing railway track construction material)",Iron & Steel,Column B,(C),1.3640000000000001
73181548,"Screws and bolts, of iron or steel other than stainless ""whether or not with their nuts and washers"", without heads, with a tensile strength of >= 800 MPa (excl. screws and bolts for fixing railway track construction material)",Iron & Steel,Column B,(D),0.47499999999999998
73181548,"Screws and bolts, of iron or steel other than stainless ""whether or not with their nuts and washers"", without heads, with a tensile strength of >= 800 MPa (excl. screws and bolts for fixing railway track construction material)",Iron & Steel,Column B,(E),0.066000000000000003
73181552,"Screws and bolts, of stainless steel ""whether or not with their nuts and washers"", with slotted or cross-recessed heads (excl. wood screws and self-tapping screws)",Iron & Steel,Column A,,0.037999999999999999
73181552,"Screws and bolts, of stainless steel ""whether or not with their nuts and washers"", with slotted or cross-recessed heads (excl. wood screws and self-tapping screws)",Iron & Steel,Column B,(1),1.1539999999999999
73181552,"Screws and bolts, of stainless steel ""whether or not with their nuts and washers"", with slotted or cross-recessed heads (excl. wood screws and self-tapping screws)",Iron & Steel,Column B,(2),1.1160000000000001
73181558,"Screws and bolts, of iron or steel other than stainless ""whether or not with their nuts and washers"", with slotted or cross-recessed heads (excl. wood screws and self-tapping screws)",Iron & Steel,Column A,,0.037999999999999999
73181558,"Screws and bolts, of iron or steel other than stainless ""whether or not with their nuts and washers"", with slotted or cross-recessed heads (excl. wood screws and self-tapping screws)",Iron & Steel,Column B,(C),1.3640000000000001
73181558,"Screws and bolts, of iron or steel other than stainless ""whether or not with their nuts and washers"", with slotted or cross-recessed heads (excl. wood screws and self-tapping screws)",Iron & Steel,Column B,(D),0.47499999999999998
73181558,"Screws and bolts, of iron or steel other than stainless ""whether or not with their nuts and washers"", with slotted or cross-recessed heads (excl. wood screws and self-tapping screws)",Iron & Steel,Column B,(E),0.066000000000000003
73181562,"Hexagonal-socket head screws and bolts, of stainless steel ""whether or not with their nuts and washers"" (excl. wood screws, self-tapping screws and screws and bolts for fixing railway track construction material)",Iron & Steel,Column A,,0.037999999999999999
73181562,"Hexagonal-socket head screws and bolts, of stainless steel ""whether or not with their nuts and washers"" (excl. wood screws, self-tapping screws and screws and bolts for fixing railway track construction material)",Iron & Steel,Column B,(1),1.1539999999999999
73181562,"Hexagonal-socket head screws and bolts, of stainless steel ""whether or not with their nuts and washers"" (excl. wood screws, self-tapping screws and screws and bolts for fixing railway track construction material)",Iron & Steel,Column B,(2),1.1160000000000001
73181568,"Hexagonal-socket head screws and bolts, of iron or steel other than stainless ""whether or not with their nuts and washers"" (excl. wood screws, self-tapping screws and screws and bolts for fixing railway track construction material)",Iron & Steel,Column A,,0.037999999999999999
73181568,"Hexagonal-socket head screws and bolts, of iron or steel other than stainless ""whether or not with their nuts and washers"" (excl. wood screws, self-tapping screws and screws and bolts for fixing railway track construction material)",Iron & Steel,Column B,(C),1.3640000000000001
73181568,"Hexagonal-socket head screws and bolts, of iron or steel other than stainless ""whether or not with their nuts and washers"" (excl. wood screws, self-tapping screws and screws and bolts for fixing railway track construction material)",Iron & Steel,Column B,(D),0.47499999999999998
73181568,"Hexagonal-socket head screws and bolts, of iron or steel other than stainless ""whether or not with their nuts and washers"" (excl. wood screws, self-tapping screws and screws and bolts for fixing railway track construction material)",Iron & Steel,Column B,(E),0.066000000000000003
73181575,"Hexagon screws and bolts, of stainless steel ""whether or not with their nuts and washers"" (excl. with socket head, wood screws, self-tapping screws and screws and bolts for fixing railway track construction material)",Iron & Steel,Column A,,0.037999999999999999
73181575,"Hexagon screws and bolts, of stainless steel ""whether or not with their nuts and washers"" (excl. with socket head, wood screws, self-tapping screws and screws and bolts for fixing railway track construction material)",Iron & Steel,Column B,(1),1.1539999999999999
73181575,"Hexagon screws and bolts, of stainless steel ""whether or not with their nuts and washers"" (excl. with socket head, wood screws, self-tapping screws and screws and bolts for fixing railway track construction material)",Iron & Steel,Column B,(2),1.1160000000000001
73181582,"Hexagon screws and bolts, of iron or steel other than stainless ""whether or not with their nuts and washers"", with a tensile strength of < 800 MPa (excl. with socket head, wood screws, self-tapping screws and screws and bolts for fixing railway track construction material)",Iron & Steel,Column A,,0.037999999999999999
73181582,"Hexagon screws and bolts, of iron or steel other than stainless ""whether or not with their nuts and washers"", with a tensile strength of < 800 MPa (excl. with socket head, wood screws, self-tapping screws and screws and bolts for fixing railway track construction material)",Iron & Steel,Column B,(C),1.3640000000000001
73181582,"Hexagon screws and bolts, of iron or steel other than stainless ""whether or not with their nuts and washers"", with a tensile strength of < 800 MPa (excl. with socket head, wood screws, self-tapping screws and screws and bolts for fixing railway track construction material)",Iron & Steel,Column B,(D),0.47499999999999998
73181582,"Hexagon screws and bolts, of iron or steel other than stainless ""whether or not with their nuts and washers"", with a tensile strength of < 800 MPa (excl. with socket head, wood screws, self-tapping screws and screws and bolts for fixing railway track construction material)",Iron & Steel,Column B,(E),0.066000000000000003
73181588,"Hexagon screws and bolts, of iron or steel other than stainless ""whether or not with their nuts and washers"", with a tensile strength of => 800 MPa (excl. with socket head, wood screws, self-tapping screws and screws and bolts for fixing railway track construction material)",Iron & Steel,Column A,,0.037999999999999999
73181588,"Hexagon screws and bolts, of iron or steel other than stainless ""whether or not with their nuts and washers"", with a tensile strength of => 800 MPa (excl. with socket head, wood screws, self-tapping screws and screws and bolts for fixing railway track construction material)",Iron & Steel,Column B,(C),1.3640000000000001
73181588,"Hexagon screws and bolts, of iron or steel other than stainless ""whether or not with their nuts and washers"", with a tensile strength of => 800 MPa (excl. with socket head, wood screws, self-tapping screws and screws and bolts for fixing railway track construction material)",Iron & Steel,Column B,(D),0.47499999999999998
73181588,"Hexagon screws and bolts, of iron or steel other than stainless ""whether or not with their nuts and washers"", with a tensile strength of => 800 MPa (excl. with socket head, wood screws, self-tapping screws and screws and bolts for fixing railway track construction material)",Iron & Steel,Column B,(E),0.066000000000000003
73181595,"Screws and bolts, of iron or steel ""whether or not with their nuts and washers"", with heads (excl. with slotted, cross-recessed or hexagonal head; wood screws, self-tapping screws and screws and bolts for fixing railway track construction material, screw hooks and screw rings)",Iron & Steel,Column A,,0.037999999999999999
73181595,"Screws and bolts, of iron or steel ""whether or not with their nuts and washers"", with heads (excl. with slotted, cross-recessed or hexagonal head; wood screws, self-tapping screws and screws and bolts for fixing railway track construction material, screw hooks and screw rings)",Iron & Steel,Column B,(C),1.3640000000000001
73181595,"Screws and bolts, of iron or steel ""whether or not with their nuts and washers"", with heads (excl. with slotted, cross-recessed or hexagonal head; wood screws, self-tapping screws and screws and bolts for fixing railway track construction material, screw hooks and screw rings)",Iron & Steel,Column B,(D),0.47499999999999998
73181595,"Screws and bolts, of iron or steel ""whether or not with their nuts and washers"", with heads (excl. with slotted, cross-recessed or hexagonal head; wood screws, self-tapping screws and screws and bolts for fixing railway track construction material, screw hooks and screw rings)",Iron & Steel,Column B,(E),0.066000000000000003
73181631,Blind rivet nuts of stainless steel,Iron & Steel,Column A,,0.037999999999999999
73181631,Blind rivet nuts of stainless steel,Iron & Steel,Column B,(1),1.1539999999999999
73181631,Blind rivet nuts of stainless steel,Iron & Steel,Column B,(2),1.1160000000000001
73181639,Nuts of stainless steel (excl. blind rivet nuts),Iron & Steel,Column A,,0.037999999999999999
73181639,Nuts of stainless steel (excl. blind rivet nuts),Iron & Steel,Column B,(1),1.1539999999999999
73181639,Nuts of stainless steel (excl. blind rivet nuts),Iron & Steel,Column B,(2),1.1160000000000001
73181640,Blind rivet nuts of iron or steel other than stainless,Iron & Steel,Column A,,0.037999999999999999
73181640,Blind rivet nuts of iron or steel other than stainless,Iron & Steel,Column B,(C),1.3640000000000001
73181640,Blind rivet nuts of iron or steel other than stainless,Iron & Steel,Column B,(D),0.47499999999999998
73181640,Blind rivet nuts of iron or steel other than stainless,Iron & Steel,Column B,(E),0.066000000000000003
73181660,Self-locking nuts of iron or steel other than stainless,Iron & Steel,Column A,,0.037999999999999999
73181660,Self-locking nuts of iron or steel other than stainless,Iron & Steel,Column B,(C),1.3640000000000001
73181660,Self-locking nuts of iron or steel other than stainless,Iron & Steel,Column B,(D),0.47499999999999998
73181660,Self-locking nuts of iron or steel other than stainless,Iron & Steel,Column B,(E),0.066000000000000003
73181692,"Nuts of iron or steel other than stainless, with an inside diameter <= 12 mm (excl. blind rivet nuts and self-locking nuts)",Iron & Steel,Column A,,0.037999999999999999
73181692,"Nuts of iron or steel other than stainless, with an inside diameter <= 12 mm (excl. blind rivet nuts and self-locking nuts)",Iron & Steel,Column B,(C),1.3640000000000001
73181692,"Nuts of iron or steel other than stainless, with an inside diameter <= 12 mm (excl. blind rivet nuts and self-locking nuts)",Iron & Steel,Column B,(D),0.47499999999999998
73181692,"Nuts of iron or steel other than stainless, with an inside diameter <= 12 mm (excl. blind rivet nuts and self-locking nuts)",Iron & Steel,Column B,(E),0.066000000000000003
73181699,"Nuts of iron or steel other than stainless, with an inside diameter > 12 mm (excl. blind rivet nuts and self-locking nuts)",Iron & Steel,Column A,,0.037999999999999999
73181699,"Nuts of iron or steel other than stainless, with an inside diameter > 12 mm (excl. blind rivet nuts and self-locking nuts)",Iron & Steel,Column B,(C),1.3640000000000001
73181699,"Nuts of iron or steel other than stainless, with an inside diameter > 12 mm (excl. blind rivet nuts and self-locking nuts)",Iron & Steel,Column B,(D),0.47499999999999998
73181699,"Nuts of iron or steel other than stainless, with an inside diameter > 12 mm (excl. blind rivet nuts and self-locking nuts)",Iron & Steel,Column B,(E),0.066000000000000003
73181900,"Threaded articles, of iron or steel, n.e.s.",Iron & Steel,Column A,,0.037999999999999999
73181900,"Threaded articles, of iron or steel, n.e.s.",Iron & Steel,Column B,(C),1.3640000000000001
73181900,"Threaded articles, of iron or steel, n.e.s.",Iron & Steel,Column B,(D),0.47499999999999998
73181900,"Threaded articles, of iron or steel, n.e.s.",Iron & Steel,Column B,(E),0.066000000000000003
73182100,"Spring washers and other lock washers, of iron or steel",Iron & Steel,Column A,,0.037999999999999999
73182100,"Spring washers and other lock washers, of iron or steel",Iron & Steel,Column B,(C),1.3640000000000001
73182100,"Spring washers and other lock washers, of iron or steel",Iron & Steel,Column B,(D),0.47499999999999998
73182100,"Spring washers and other lock washers, of iron or steel",Iron & Steel,Column B,(E),0.066000000000000003
73182200,Washers of iron or steel (excl. spring washers and other lock washers),Iron & Steel,Column A,,0.037999999999999999
73182200,Washers of iron or steel (excl. spring washers and other lock washers),Iron & Steel,Column B,(C),1.3640000000000001
73182200,Washers of iron or steel (excl. spring washers and other lock washers),Iron & Steel,Column B,(D),0.47499999999999998
73182200,Washers of iron or steel (excl. spring washers and other lock washers),Iron & Steel,Column B,(E),0.066000000000000003
73182300,Rivets of iron or steel (excl. tubular and bifurcated rivets for particular uses),Iron & Steel,Column A,,0.037999999999999999
73182300,Rivets of iron or steel (excl. tubular and bifurcated rivets for particular uses),Iron & Steel,Column B,(C),1.3640000000000001
73182300,Rivets of iron or steel (excl. tubular and bifurcated rivets for particular uses),Iron & Steel,Column B,(D),0.47499999999999998
73182300,Rivets of iron or steel (excl. tubular and bifurcated rivets for particular uses),Iron & Steel,Column B,(E),0.066000000000000003
73182400,"Cotters and cotter pins, of iron or steel",Iron & Steel,Column A,,0.037999999999999999
73182400,"Cotters and cotter pins, of iron or steel",Iron & Steel,Column B,(C),1.3640000000000001
73182400,"Cotters and cotter pins, of iron or steel",Iron & Steel,Column B,(D),0.47499999999999998
73182400,"Cotters and cotter pins, of iron or steel",Iron & Steel,Column B,(E),0.066000000000000003
73182900,"Non-threaded articles, of iron or steel",Iron & Steel,Column A,,0.037999999999999999
73182900,"Non-threaded articles, of iron or steel",Iron & Steel,Column B,(C),1.3640000000000001
73182900,"Non-threaded articles, of iron or steel",Iron & Steel,Column B,(D),0.47499999999999998
73182900,"Non-threaded articles, of iron or steel",Iron & Steel,Column B,(E),0.066000000000000003
73261100,"Grinding balls and similar articles for mills, of iron or steel, forged or stamped, but not further worked",Iron & Steel,Column A,,0.30299999999999999
73261100,"Grinding balls and similar articles for mills, of iron or steel, forged or stamped, but not further worked",Iron & Steel,Column B,(C),1.629
73261100,"Grinding balls and similar articles for mills, of iron or steel, forged or stamped, but not further worked",Iron & Steel,Column B,(D),0.74
73261100,"Grinding balls and similar articles for mills, of iron or steel, forged or stamped, but not further worked",Iron & Steel,Column B,(E),0.33100000000000002
73261910,"Articles of iron or steel, open-die forged, but not further worked, n.e.s. (excl. grinding balls and similar articles for mills)",Iron & Steel,Column A,,0.30299999999999999
73261910,"Articles of iron or steel, open-die forged, but not further worked, n.e.s. (excl. grinding balls and similar articles for mills)",Iron & Steel,Column B,(C),1.629
73261910,"Articles of iron or steel, open-die forged, but not further worked, n.e.s. (excl. grinding balls and similar articles for mills)",Iron & Steel,Column B,(D),0.74
73261910,"Articles of iron or steel, open-die forged, but not further worked, n.e.s. (excl. grinding balls and similar articles for mills)",Iron & Steel,Column B,(E),0.33100000000000002
73261990,"Articles of iron or steel, closed-die forged or stamped, but not further worked, n.e.s. (excl. grinding balls and similar articles for mills)",Iron & Steel,Column A,,0.30299999999999999
73261990,"Articles of iron or steel, closed-die forged or stamped, but not further worked, n.e.s. (excl. grinding balls and similar articles for mills)",Iron & Steel,Column B,(C),1.629
73261990,"Articles of iron or steel, closed-die forged or stamped, but not further worked, n.e.s. (excl. grinding balls and similar articles for mills)",Iron & Steel,Column B,(D),0.74
73261990,"Articles of iron or steel, closed-die forged or stamped, but not further worked, n.e.s. (excl. grinding balls and similar articles for mills)",Iron & Steel,Column B,(E),0.33100000000000002
73262000,"Articles of iron or steel wire, n.e.s.",Iron & Steel,Column A,,0.070999999999999994
73262000,"Articles of iron or steel wire, n.e.s.",Iron & Steel,Column B,(C),1.397
73262000,"Articles of iron or steel wire, n.e.s.",Iron & Steel,Column B,(D),0.50800000000000001
73262000,"Articles of iron or steel wire, n.e.s.",Iron & Steel,Column B,(E),0.099000000000000005
73269030,"Ladders and steps, of iron or steel",Iron & Steel,Column A,,0.037999999999999999
73269030,"Ladders and steps, of iron or steel",Iron & Steel,Column B,(C),1.3640000000000001
73269030,"Ladders and steps, of iron or steel",Iron & Steel,Column B,(D),0.47499999999999998
73269030,"Ladders and steps, of iron or steel",Iron & Steel,Column B,(E),0.066000000000000003
73269040,"Pallets and similar platforms for handling goods, of iron or steel",Iron & Steel,Column A,,0.037999999999999999
73269040,"Pallets and similar platforms for handling goods, of iron or steel",Iron & Steel,Column B,(C),1.3640000000000001
73269040,"Pallets and similar platforms for handling goods, of iron or steel",Iron & Steel,Column B,(D),0.47499999999999998
73269040,"Pallets and similar platforms for handling goods, of iron or steel",Iron & Steel,Column B,(E),0.066000000000000003
73269050,"Reels for cables, piping and the like, of iron or steel",Iron & Steel,Column A,,0.037999999999999999
73269050,"Reels for cables, piping and the like, of iron or steel",Iron & Steel,Column B,(C),1.3640000000000001
73269050,"Reels for cables, piping and the like, of iron or steel",Iron & Steel,Column B,(D),0.47499999999999998
73269050,"Reels for cables, piping and the like, of iron or steel",Iron & Steel,Column B,(E),0.066000000000000003
73269060,"Ventilators, non-mechanical, guttering, hooks and like articles used in the building industry, n.e.s., of iron or steel",Iron & Steel,Column A,,0.037999999999999999
73269060,"Ventilators, non-mechanical, guttering, hooks and like articles used in the building industry, n.e.s., of iron or steel",Iron & Steel,Column B,(C),1.3640000000000001
73269060,"Ventilators, non-mechanical, guttering, hooks and like articles used in the building industry, n.e.s., of iron or steel",Iron & Steel,Column B,(D),0.47499999999999998
73269060,"Ventilators, non-mechanical, guttering, hooks and like articles used in the building industry, n.e.s., of iron or steel",Iron & Steel,Column B,(E),0.066000000000000003
73269092,"Articles of iron or steel, open-die forged, n.e.s.",Iron & Steel,Column A,,0.30299999999999999
73269092,"Articles of iron or steel, open-die forged, n.e.s.",Iron & Steel,Column B,(C),1.629
73269092,"Articles of iron or steel, open-die forged, n.e.s.",Iron & Steel,Column B,(D),0.74
73269092,"Articles of iron or steel, open-die forged, n.e.s.",Iron & Steel,Column B,(E),0.33100000000000002
73269094,"Articles of iron or steel, closed-die forged, n.e.s.",Iron & Steel,Column A,,0.30299999999999999
73269094,"Articles of iron or steel, closed-die forged, n.e.s.",Iron & Steel,Column B,(C),1.629
73269094,"Articles of iron or steel, closed-die forged, n.e.s.",Iron & Steel,Column B,(D),0.74
73269094,"Articles of iron or steel, closed-die forged, n.e.s.",Iron & Steel,Column B,(E),0.33100000000000002
73269096,"Sintered articles of iron or steel, n.e.s.",Iron & Steel,Column A,,0.30299999999999999
73269096,"Sintered articles of iron or steel, n.e.s.",Iron & Steel,Column B,(C),1.629
73269096,"Sintered articles of iron or steel, n.e.s.",Iron & Steel,Column B,(D),0.74
73269096,"Sintered articles of iron or steel, n.e.s.",Iron & Steel,Column B,(E),0.33100000000000002
73269098,"Articles of iron or steel, n.e.s.",Iron & Steel,Column A,,0.112
73269098,"Articles of iron or steel, n.e.s.",Iron & Steel,Column B,(C),1.4910000000000001
73269098,"Articles of iron or steel, n.e.s.",Iron & Steel,Column B,(D),0.56699999999999995
73269098,"Articles of iron or steel, n.e.s.",Iron & Steel,Column B,(E),0.14099999999999999
76011010,"Aluminium slabs, not alloyed, unwrought",Aluminium,Column A,(K),1.423
76011010,"Aluminium slabs, not alloyed, unwrought",Aluminium,Column B,(K),1.423
76011010,"Aluminium slabs, not alloyed, unwrought",Aluminium,Column A,(L),0.090999999999999998
76011010,"Aluminium slabs, not alloyed, unwrought",Aluminium,Column B,(L),0.090999999999999998
76011090,"Aluminium, not alloyed, unwrought (excl. slabs)",Aluminium,Column A,(K),1.423
76011090,"Aluminium, not alloyed, unwrought (excl. slabs)",Aluminium,Column B,(K),1.423
76011090,"Aluminium, not alloyed, unwrought (excl. slabs)",Aluminium,Column A,(L),0.090999999999999998
76011090,"Aluminium, not alloyed, unwrought (excl. slabs)",Aluminium,Column B,(L),0.090999999999999998
76012030,Unwrought aluminium alloys in the form of slabs,Aluminium,Column A,(K),1.423
76012030,Unwrought aluminium alloys in the form of slabs,Aluminium,Column B,(K),1.423
76012030,Unwrought aluminium alloys in the form of slabs,Aluminium,Column A,(L),0.090999999999999998
76012030,Unwrought aluminium alloys in the form of slabs,Aluminium,Column B,(L),0.090999999999999998
76012040,Unwrought aluminium alloys in the form of billets,Aluminium,Column A,(K),1.423
76012040,Unwrought aluminium alloys in the form of billets,Aluminium,Column B,(K),1.423
76012040,Unwrought aluminium alloys in the form of billets,Aluminium,Column A,(L),0.090999999999999998
76012040,Unwrought aluminium alloys in the form of billets,Aluminium,Column B,(L),0.090999999999999998
76012080,Unwrought aluminium alloys (excl. slabs and billets),Aluminium,Column A,(K),1.423
76012080,Unwrought aluminium alloys (excl. slabs and billets),Aluminium,Column B,(K),1.423
76012080,Unwrought aluminium alloys (excl. slabs and billets),Aluminium,Column A,(L),0.090999999999999998
76012080,Unwrought aluminium alloys (excl. slabs and billets),Aluminium,Column B,(L),0.090999999999999998
76031000,"Powders of aluminium, of non-lamellar structure (excl. pellets of aluminium)",Aluminium,Column A,,0.045999999999999999
76031000,"Powders of aluminium, of non-lamellar structure (excl. pellets of aluminium)",Aluminium,Column B,(K),1.506
76031000,"Powders of aluminium, of non-lamellar structure (excl. pellets of aluminium)",Aluminium,Column B,(L),0.14000000000000001
76032000,"Powders of aluminium, of lamellar structure, and flakes of aluminium (excl. pellets of aluminium, and spangles)",Aluminium,Column A,,0.045999999999999999
76032000,"Powders of aluminium, of lamellar structure, and flakes of aluminium (excl. pellets of aluminium, and spangles)",Aluminium,Column B,(K),1.506
76032000,"Powders of aluminium, of lamellar structure, and flakes of aluminium (excl. pellets of aluminium, and spangles)",Aluminium,Column B,(L),0.14000000000000001
76041010,"Bars, rods and profiles, of non-alloy aluminium",Aluminium,Column A,,0.056000000000000001
76041010,"Bars, rods and profiles, of non-alloy aluminium",Aluminium,Column B,(K),1.4850000000000001
76041010,"Bars, rods and profiles, of non-alloy aluminium",Aluminium,Column B,(L),0.14799999999999999
76041090,"Profiles of non-alloy aluminium, n.e.s.",Aluminium,Column A,,0.06
76041090,"Profiles of non-alloy aluminium, n.e.s.",Aluminium,Column B,(K),1.4930000000000001
76041090,"Profiles of non-alloy aluminium, n.e.s.",Aluminium,Column B,(L),0.152
76042100,"Hollow profiles of aluminium alloys, n.e.s.",Aluminium,Column A,,0.06
76042100,"Hollow profiles of aluminium alloys, n.e.s.",Aluminium,Column B,(K),1.4930000000000001
76042100,"Hollow profiles of aluminium alloys, n.e.s.",Aluminium,Column B,(L),0.152
76042910,Bars and rods of aluminium alloys,Aluminium,Column A,,0.056000000000000001
76042910,Bars and rods of aluminium alloys,Aluminium,Column B,(K),1.4850000000000001
76042910,Bars and rods of aluminium alloys,Aluminium,Column B,(L),0.14799999999999999
76042990,"Solid profiles, of aluminium alloys, n.e.s.",Aluminium,Column A,,0.06
76042990,"Solid profiles, of aluminium alloys, n.e.s.",Aluminium,Column B,(K),1.4930000000000001
76042990,"Solid profiles, of aluminium alloys, n.e.s.",Aluminium,Column B,(L),0.152
76051100,"Wire of non-alloy aluminium, with a maximum cross-sectional dimension of > 7 mm (excl. stranded wire, cables, plaited bands and the like and other articles of heading 7614, and electrically insulated wires)",Aluminium,Column A,,0.056000000000000001
76051100,"Wire of non-alloy aluminium, with a maximum cross-sectional dimension of > 7 mm (excl. stranded wire, cables, plaited bands and the like and other articles of heading 7614, and electrically insulated wires)",Aluminium,Column B,(K),1.4850000000000001
76051100,"Wire of non-alloy aluminium, with a maximum cross-sectional dimension of > 7 mm (excl. stranded wire, cables, plaited bands and the like and other articles of heading 7614, and electrically insulated wires)",Aluminium,Column B,(L),0.14799999999999999
76051900,"Wire of non-alloy aluminium, with a maximum cross-sectional dimension of <= 7 mm (other than stranded wires, cables, ropes and other articles of heading 7614, electrically insulated wires, strings for musical instruments)",Aluminium,Column A,,0.056000000000000001
76051900,"Wire of non-alloy aluminium, with a maximum cross-sectional dimension of <= 7 mm (other than stranded wires, cables, ropes and other articles of heading 7614, electrically insulated wires, strings for musical instruments)",Aluminium,Column B,(K),1.4850000000000001
76051900,"Wire of non-alloy aluminium, with a maximum cross-sectional dimension of <= 7 mm (other than stranded wires, cables, ropes and other articles of heading 7614, electrically insulated wires, strings for musical instruments)",Aluminium,Column B,(L),0.14799999999999999
76052100,"Wire of aluminium alloys, with a maximum cross-sectional dimension of > 7 mm (excl. stranded wire, cables, plaited bands and the like and other articles of heading 7614, and electrically insulated wires)",Aluminium,Column A,,0.056000000000000001
76052100,"Wire of aluminium alloys, with a maximum cross-sectional dimension of > 7 mm (excl. stranded wire, cables, plaited bands and the like and other articles of heading 7614, and electrically insulated wires)",Aluminium,Column B,(K),1.4850000000000001
76052100,"Wire of aluminium alloys, with a maximum cross-sectional dimension of > 7 mm (excl. stranded wire, cables, plaited bands and the like and other articles of heading 7614, and electrically insulated wires)",Aluminium,Column B,(L),0.14799999999999999
76052900,"Wire, of aluminium alloys, having a maximum cross-sectional dimension of <= 7 mm (other than stranded wires, cables, ropes and other articles of heading 7614, electrically insulated wires, strings for musical instruments)",Aluminium,Column A,,0.056000000000000001
76052900,"Wire, of aluminium alloys, having a maximum cross-sectional dimension of <= 7 mm (other than stranded wires, cables, ropes and other articles of heading 7614, electrically insulated wires, strings for musical instruments)",Aluminium,Column B,(K),1.4850000000000001
76052900,"Wire, of aluminium alloys, having a maximum cross-sectional dimension of <= 7 mm (other than stranded wires, cables, ropes and other articles of heading 7614, electrically insulated wires, strings for musical instruments)",Aluminium,Column B,(L),0.14799999999999999
76061130,"Aluminium Composite Panel, of non-alloy aluminium, of a thickness of > 0,2 mm",Aluminium,Column A,,0.056000000000000001
76061130,"Aluminium Composite Panel, of non-alloy aluminium, of a thickness of > 0,2 mm",Aluminium,Column B,(K),1.4850000000000001
76061130,"Aluminium Composite Panel, of non-alloy aluminium, of a thickness of > 0,2 mm",Aluminium,Column B,(L),0.14799999999999999
76061150,"Plates, sheets and strip, of non-alloy aluminium, of a thickness of > 0,2 mm, square or rectangular, painted, varnished or coated with plastics (excl. Aluminium Composite Panel)",Aluminium,Column A,,0.056000000000000001
76061150,"Plates, sheets and strip, of non-alloy aluminium, of a thickness of > 0,2 mm, square or rectangular, painted, varnished or coated with plastics (excl. Aluminium Composite Panel)",Aluminium,Column B,(K),1.4850000000000001
76061150,"Plates, sheets and strip, of non-alloy aluminium, of a thickness of > 0,2 mm, square or rectangular, painted, varnished or coated with plastics (excl. Aluminium Composite Panel)",Aluminium,Column B,(L),0.14799999999999999
76061191,"Plates, sheets and strip, of non-alloy aluminium, of a thickness of > 0,2 mm but < 3 mm, square or rectangular (excl. such products painted, varnished or coated with plastics, and expanded plates, sheets and strip)",Aluminium,Column A,,0.056000000000000001
76061191,"Plates, sheets and strip, of non-alloy aluminium, of a thickness of > 0,2 mm but < 3 mm, square or rectangular (excl. such products painted, varnished or coated with plastics, and expanded plates, sheets and strip)",Aluminium,Column B,(K),1.4850000000000001
76061191,"Plates, sheets and strip, of non-alloy aluminium, of a thickness of > 0,2 mm but < 3 mm, square or rectangular (excl. such products painted, varnished or coated with plastics, and expanded plates, sheets and strip)",Aluminium,Column B,(L),0.14799999999999999
76061193,"Plates, sheets and strip, of non-alloy aluminium, of a thickness of >= 3 mm but < 6 mm, square or rectangular (excl. such products painted, varnished or coated with plastics)",Aluminium,Column A,,0.056000000000000001
76061193,"Plates, sheets and strip, of non-alloy aluminium, of a thickness of >= 3 mm but < 6 mm, square or rectangular (excl. such products painted, varnished or coated with plastics)",Aluminium,Column B,(K),1.4850000000000001
76061193,"Plates, sheets and strip, of non-alloy aluminium, of a thickness of >= 3 mm but < 6 mm, square or rectangular (excl. such products painted, varnished or coated with plastics)",Aluminium,Column B,(L),0.14799999999999999
76061199,"Plates, sheets and strip, of non-alloy aluminium, of a thickness of >= 6 mm, square or rectangular (excl. such products painted, varnished or coated with plastics)",Aluminium,Column A,,0.056000000000000001
76061199,"Plates, sheets and strip, of non-alloy aluminium, of a thickness of >= 6 mm, square or rectangular (excl. such products painted, varnished or coated with plastics)",Aluminium,Column B,(K),1.4850000000000001
76061199,"Plates, sheets and strip, of non-alloy aluminium, of a thickness of >= 6 mm, square or rectangular (excl. such products painted, varnished or coated with plastics)",Aluminium,Column B,(L),0.14799999999999999
76061211,"Beverage can body stock, of aluminium alloys, of a thickness of > 0,2 mm",Aluminium,Column A,,0.056000000000000001
76061211,"Beverage can body stock, of aluminium alloys, of a thickness of > 0,2 mm",Aluminium,Column B,(K),1.4850000000000001
76061211,"Beverage can body stock, of aluminium alloys, of a thickness of > 0,2 mm",Aluminium,Column B,(L),0.14799999999999999
76061219,"Beverage can end stock and tab stock, of aluminium alloys, of a thickness of > 0,2 mm",Aluminium,Column A,,0.056000000000000001
76061219,"Beverage can end stock and tab stock, of aluminium alloys, of a thickness of > 0,2 mm",Aluminium,Column B,(K),1.4850000000000001
76061219,"Beverage can end stock and tab stock, of aluminium alloys, of a thickness of > 0,2 mm",Aluminium,Column B,(L),0.14799999999999999
76061230,"Aluminium Composite Panel, of aluminium alloys, of a thickness of > 0,2 mm",Aluminium,Column A,,0.056000000000000001
76061230,"Aluminium Composite Panel, of aluminium alloys, of a thickness of > 0,2 mm",Aluminium,Column B,(K),1.4850000000000001
76061230,"Aluminium Composite Panel, of aluminium alloys, of a thickness of > 0,2 mm",Aluminium,Column B,(L),0.14799999999999999
76061250,"Plates, sheets and strip, of aluminium alloys, of a thickness of > 0,2 mm, square or rectangular, painted, varnished or coated with plastics (excl. beverage can body stock, end stock and tab stock, and Aluminium Composite Panel)",Aluminium,Column A,,0.056000000000000001
76061250,"Plates, sheets and strip, of aluminium alloys, of a thickness of > 0,2 mm, square or rectangular, painted, varnished or coated with plastics (excl. beverage can body stock, end stock and tab stock, and Aluminium Composite Panel)",Aluminium,Column B,(K),1.4850000000000001
76061250,"Plates, sheets and strip, of aluminium alloys, of a thickness of > 0,2 mm, square or rectangular, painted, varnished or coated with plastics (excl. beverage can body stock, end stock and tab stock, and Aluminium Composite Panel)",Aluminium,Column B,(L),0.14799999999999999
76061292,"Plates, sheets and strip, of aluminium alloys, of a thickness of > 0,2 mm but < 3 mm, square or rectangular (excl. painted, varnished or coated with plastics, expanded plates, sheets and strip, beverage can body stock, end stock and tab stock)",Aluminium,Column A,,0.056000000000000001
76061292,"Plates, sheets and strip, of aluminium alloys, of a thickness of > 0,2 mm but < 3 mm, square or rectangular (excl. painted, varnished or coated with plastics, expanded plates, sheets and strip, beverage can body stock, end stock and tab stock)",Aluminium,Column B,(K),1.4850000000000001
76061292,"Plates, sheets and strip, of aluminium alloys, of a thickness of > 0,2 mm but < 3 mm, square or rectangular (excl. painted, varnished or coated with plastics, expanded plates, sheets and strip, beverage can body stock, end stock and tab stock)",Aluminium,Column B,(L),0.14799999999999999
76061293,"Plates, sheets and strip, of aluminium alloys, of a thickness of >= 3 mm but < 6 mm, square or rectangular (excl. such products painted, varnished or coated with plastics)",Aluminium,Column A,,0.056000000000000001
76061293,"Plates, sheets and strip, of aluminium alloys, of a thickness of >= 3 mm but < 6 mm, square or rectangular (excl. such products painted, varnished or coated with plastics)",Aluminium,Column B,(K),1.4850000000000001
76061293,"Plates, sheets and strip, of aluminium alloys, of a thickness of >= 3 mm but < 6 mm, square or rectangular (excl. such products painted, varnished or coated with plastics)",Aluminium,Column B,(L),0.14799999999999999
76061299,"Plates, sheets and strip, of aluminium alloys, of a thickness of >= 6 mm, square or rectangular (excl. such products painted, varnished or coated with plastics)",Aluminium,Column A,,0.056000000000000001
76061299,"Plates, sheets and strip, of aluminium alloys, of a thickness of >= 6 mm, square or rectangular (excl. such products painted, varnished or coated with plastics)",Aluminium,Column B,(K),1.4850000000000001
76061299,"Plates, sheets and strip, of aluminium alloys, of a thickness of >= 6 mm, square or rectangular (excl. such products painted, varnished or coated with plastics)",Aluminium,Column B,(L),0.14799999999999999
76069100,"Plates, sheets and strip, of non-alloy aluminium, of a thickness of > 0,2 mm (other than square or rectangular)",Aluminium,Column A,,0.056000000000000001
76069100,"Plates, sheets and strip, of non-alloy aluminium, of a thickness of > 0,2 mm (other than square or rectangular)",Aluminium,Column B,(K),1.4850000000000001
76069100,"Plates, sheets and strip, of non-alloy aluminium, of a thickness of > 0,2 mm (other than square or rectangular)",Aluminium,Column B,(L),0.14799999999999999
76069200,"Plates, sheets and strip, of aluminium alloys, of a thickness of > 0,2 mm (other than square or rectangular)",Aluminium,Column A,,0.056000000000000001
76069200,"Plates, sheets and strip, of aluminium alloys, of a thickness of > 0,2 mm (other than square or rectangular)",Aluminium,Column B,(K),1.4850000000000001
76069200,"Plates, sheets and strip, of aluminium alloys, of a thickness of > 0,2 mm (other than square or rectangular)",Aluminium,Column B,(L),0.14799999999999999
76071111,"Aluminium foil, not backed, rolled but not further worked, of a thickness of < 0,021 mm, in rolls of a weight of <= 10 kg (excl. stamping foils of heading 3212, and foil made up as christmas tree decorating material)",Aluminium,Column A,,0.16600000000000001
76071111,"Aluminium foil, not backed, rolled but not further worked, of a thickness of < 0,021 mm, in rolls of a weight of <= 10 kg (excl. stamping foils of heading 3212, and foil made up as christmas tree decorating material)",Aluminium,Column B,(K),1.599
76071111,"Aluminium foil, not backed, rolled but not further worked, of a thickness of < 0,021 mm, in rolls of a weight of <= 10 kg (excl. stamping foils of heading 3212, and foil made up as christmas tree decorating material)",Aluminium,Column B,(L),0.25800000000000001
76071119,"Aluminium foil, not backed, rolled but not further worked, of a thickness of < 0,021 mm (excl. stamping foils of heading 3212, and foil made up as christmas tree decorating material and in rolls of a weight <= 10 kg)",Aluminium,Column A,,0.16600000000000001
76071119,"Aluminium foil, not backed, rolled but not further worked, of a thickness of < 0,021 mm (excl. stamping foils of heading 3212, and foil made up as christmas tree decorating material and in rolls of a weight <= 10 kg)",Aluminium,Column B,(K),1.599
76071119,"Aluminium foil, not backed, rolled but not further worked, of a thickness of < 0,021 mm (excl. stamping foils of heading 3212, and foil made up as christmas tree decorating material and in rolls of a weight <= 10 kg)",Aluminium,Column B,(L),0.25800000000000001
76071190,"Aluminium foil, not backed, rolled but not further worked, of a thickness of >= 0,021 mm but <= 2 mm (excl. stamping foils of heading 3212, and foil made up as christmas tree decorating material)",Aluminium,Column A,,0.16600000000000001
76071190,"Aluminium foil, not backed, rolled but not further worked, of a thickness of >= 0,021 mm but <= 2 mm (excl. stamping foils of heading 3212, and foil made up as christmas tree decorating material)",Aluminium,Column B,(K),1.599
76071190,"Aluminium foil, not backed, rolled but not further worked, of a thickness of >= 0,021 mm but <= 2 mm (excl. stamping foils of heading 3212, and foil made up as christmas tree decorating material)",Aluminium,Column B,(L),0.25800000000000001
76071910,"Aluminium foil, not backed, rolled and further worked, of a thickness of < 0,021 mm (excl. stamping foils of heading 3212, and foil made up as christmas tree decorating material)",Aluminium,Column A,,0.16600000000000001
76071910,"Aluminium foil, not backed, rolled and further worked, of a thickness of < 0,021 mm (excl. stamping foils of heading 3212, and foil made up as christmas tree decorating material)",Aluminium,Column B,(K),1.599
76071910,"Aluminium foil, not backed, rolled and further worked, of a thickness of < 0,021 mm (excl. stamping foils of heading 3212, and foil made up as christmas tree decorating material)",Aluminium,Column B,(L),0.25800000000000001
76071990,"Aluminium foil, not backed, rolled and further worked, of a thickness (excl. any backing) from 0,021 mm to 0,2 mm (excl. stamping foils of heading 3212, and foil made up as christmas tree decorating material)",Aluminium,Column A,,0.16600000000000001
76071990,"Aluminium foil, not backed, rolled and further worked, of a thickness (excl. any backing) from 0,021 mm to 0,2 mm (excl. stamping foils of heading 3212, and foil made up as christmas tree decorating material)",Aluminium,Column B,(K),1.599
76071990,"Aluminium foil, not backed, rolled and further worked, of a thickness (excl. any backing) from 0,021 mm to 0,2 mm (excl. stamping foils of heading 3212, and foil made up as christmas tree decorating material)",Aluminium,Column B,(L),0.25800000000000001
76072010,"Aluminium foil, backed, of a thickness (excl. any backing) of < 0,021 mm (excl. stamping foils of heading 3212, and foil made up as christmas tree decorating material)",Aluminium,Column A,,0.16600000000000001
76072010,"Aluminium foil, backed, of a thickness (excl. any backing) of < 0,021 mm (excl. stamping foils of heading 3212, and foil made up as christmas tree decorating material)",Aluminium,Column B,(K),1.599
76072010,"Aluminium foil, backed, of a thickness (excl. any backing) of < 0,021 mm (excl. stamping foils of heading 3212, and foil made up as christmas tree decorating material)",Aluminium,Column B,(L),0.25800000000000001
76072091,"Aluminium Composite Panel, of a thickness <= 0,2 mm",Aluminium,Column A,,0.16600000000000001
76072091,"Aluminium Composite Panel, of a thickness <= 0,2 mm",Aluminium,Column B,(K),1.599
76072091,"Aluminium Composite Panel, of a thickness <= 0,2 mm",Aluminium,Column B,(L),0.25800000000000001
76072099,"Aluminium foil, backed, of a thickness (excl. any backing) of >= 0,021 mm but <= 0,2 mm (excl. stamping foils of heading 3212, foil made up as christmas tree decorating material, and Aluminium Composite Panel)",Aluminium,Column A,,0.16600000000000001
76072099,"Aluminium foil, backed, of a thickness (excl. any backing) of >= 0,021 mm but <= 0,2 mm (excl. stamping foils of heading 3212, foil made up as christmas tree decorating material, and Aluminium Composite Panel)",Aluminium,Column B,(K),1.599
76072099,"Aluminium foil, backed, of a thickness (excl. any backing) of >= 0,021 mm but <= 0,2 mm (excl. stamping foils of heading 3212, foil made up as christmas tree decorating material, and Aluminium Composite Panel)",Aluminium,Column B,(L),0.25800000000000001
76081000,Tubes and pipes of non-alloy aluminium (excl. hollow profiles),Aluminium,Column A,,0.06
76081000,Tubes and pipes of non-alloy aluminium (excl. hollow profiles),Aluminium,Column B,(K),1.4930000000000001
76081000,Tubes and pipes of non-alloy aluminium (excl. hollow profiles),Aluminium,Column B,(L),0.152
76082020,"Tubes and pipes of aluminium alloys, welded (excl. hollow profiles)",Aluminium,Column A,,0.06
76082020,"Tubes and pipes of aluminium alloys, welded (excl. hollow profiles)",Aluminium,Column B,(K),1.4930000000000001
76082020,"Tubes and pipes of aluminium alloys, welded (excl. hollow profiles)",Aluminium,Column B,(L),0.152
76082081,"Tubes and pipes of aluminium alloys, not further worked than extruded (excl. hollow profiles)",Aluminium,Column A,,0.06
76082081,"Tubes and pipes of aluminium alloys, not further worked than extruded (excl. hollow profiles)",Aluminium,Column B,(K),1.4930000000000001
76082081,"Tubes and pipes of aluminium alloys, not further worked than extruded (excl. hollow profiles)",Aluminium,Column B,(L),0.152
76082089,"Tubes and pipes of aluminium alloys (excl. such products welded or not further worked than extruded, and hollow profiles)",Aluminium,Column A,,0.06
76082089,"Tubes and pipes of aluminium alloys (excl. such products welded or not further worked than extruded, and hollow profiles)",Aluminium,Column B,(K),1.4930000000000001
76082089,"Tubes and pipes of aluminium alloys (excl. such products welded or not further worked than extruded, and hollow profiles)",Aluminium,Column B,(L),0.152
76090000,"Aluminium tube or pipe fittings ""e.g., couplings, elbows, sleeves""",Aluminium,Column A,,0.06
76090000,"Aluminium tube or pipe fittings ""e.g., couplings, elbows, sleeves""",Aluminium,Column B,(K),1.4930000000000001
76090000,"Aluminium tube or pipe fittings ""e.g., couplings, elbows, sleeves""",Aluminium,Column B,(L),0.152
76101000,"Doors, windows and their frames and thresholds for door, of aluminium (excl. door furniture)",Aluminium,Column A,,0.06
76101000,"Doors, windows and their frames and thresholds for door, of aluminium (excl. door furniture)",Aluminium,Column B,(K),1.4930000000000001
76101000,"Doors, windows and their frames and thresholds for door, of aluminium (excl. door furniture)",Aluminium,Column B,(L),0.152
76109010,"Bridges and bridge-sections, towers and lattice masts, of aluminium",Aluminium,Column A,,0.06
76109010,"Bridges and bridge-sections, towers and lattice masts, of aluminium",Aluminium,Column B,(K),1.4930000000000001
76109010,"Bridges and bridge-sections, towers and lattice masts, of aluminium",Aluminium,Column B,(L),0.152
76109090,"Structures and parts of structures, of aluminium, n.e.s., and plates, rods, profiles, tubes and the like, prepared for use in structures, of aluminium, n.e.s. (excl. prefabricated buildings of heading 9406, doors and windows and their frames and thresholds for doors, bridges and bridge-sections, towers and lattice masts)",Aluminium,Column A,,0.06
76109090,"Structures and parts of structures, of aluminium, n.e.s., and plates, rods, profiles, tubes and the like, prepared for use in structures, of aluminium, n.e.s. (excl. prefabricated buildings of heading 9406, doors and windows and their frames and thresholds for doors, bridges and bridge-sections, towers and lattice masts)",Aluminium,Column B,(K),1.4930000000000001
76109090,"Structures and parts of structures, of aluminium, n.e.s., and plates, rods, profiles, tubes and the like, prepared for use in structures, of aluminium, n.e.s. (excl. prefabricated buildings of heading 9406, doors and windows and their frames and thresholds for doors, bridges and bridge-sections, towers and lattice masts)",Aluminium,Column B,(L),0.152
76110000,"Reservoirs, tanks, vats and similar containers, of aluminium, for any material (other than compressed or liquefied gas), of a capacity of > 300 l, not fitted with mechanical or thermal equipment, whether or not lined or heat-insulated (excl. containers specifically constructed or equipped for one or more types of transport)",Aluminium,Column A,,0.16600000000000001
76110000,"Reservoirs, tanks, vats and similar containers, of aluminium, for any material (other than compressed or liquefied gas), of a capacity of > 300 l, not fitted with mechanical or thermal equipment, whether or not lined or heat-insulated (excl. containers specifically constructed or equipped for one or more types of transport)",Aluminium,Column B,(K),1.5940000000000001
76110000,"Reservoirs, tanks, vats and similar containers, of aluminium, for any material (other than compressed or liquefied gas), of a capacity of > 300 l, not fitted with mechanical or thermal equipment, whether or not lined or heat-insulated (excl. containers specifically constructed or equipped for one or more types of transport)",Aluminium,Column B,(L),0.25800000000000001
76121000,"Collapsible tubular containers, of aluminium",Aluminium,Column A,,0.16600000000000001
76121000,"Collapsible tubular containers, of aluminium",Aluminium,Column B,(K),1.5940000000000001
76121000,"Collapsible tubular containers, of aluminium",Aluminium,Column B,(L),0.25800000000000001
76129020,"Containers of a kind used for aerosols, of aluminium",Aluminium,Column A,,0.16600000000000001
76129020,"Containers of a kind used for aerosols, of aluminium",Aluminium,Column B,(K),1.5940000000000001
76129020,"Containers of a kind used for aerosols, of aluminium",Aluminium,Column B,(L),0.25800000000000001
76129030,"Casks, drums, cans, boxes and similar containers, of aluminium, manufactured from foil of a thickness <= 0,2 mm",Aluminium,Column A,,0.16600000000000001
76129030,"Casks, drums, cans, boxes and similar containers, of aluminium, manufactured from foil of a thickness <= 0,2 mm",Aluminium,Column B,(K),1.5940000000000001
76129030,"Casks, drums, cans, boxes and similar containers, of aluminium, manufactured from foil of a thickness <= 0,2 mm",Aluminium,Column B,(L),0.25800000000000001
76129080,"Casks, drums, cans, boxes and similar containers <= 300 l, of aluminium, for any material (other than compressed or liquefied gas), n.e.s. (other than collapsible tubular containers, containers for aerosols and containers manufactured from foil of a thickness <= 0,2 mm",Aluminium,Column A,,0.16600000000000001
76129080,"Casks, drums, cans, boxes and similar containers <= 300 l, of aluminium, for any material (other than compressed or liquefied gas), n.e.s. (other than collapsible tubular containers, containers for aerosols and containers manufactured from foil of a thickness <= 0,2 mm",Aluminium,Column B,(K),1.5940000000000001
76129080,"Casks, drums, cans, boxes and similar containers <= 300 l, of aluminium, for any material (other than compressed or liquefied gas), n.e.s. (other than collapsible tubular containers, containers for aerosols and containers manufactured from foil of a thickness <= 0,2 mm",Aluminium,Column B,(L),0.25800000000000001
76130000,Aluminium containers for compressed or liquefied gas,Aluminium,Column A,,0.16600000000000001
76130000,Aluminium containers for compressed or liquefied gas,Aluminium,Column B,(K),1.5940000000000001
76130000,Aluminium containers for compressed or liquefied gas,Aluminium,Column B,(L),0.25800000000000001
76141000,"Stranded wire, cables, plaited bands and the like, of aluminium, with steel core (excl. such products electrically insulated)",Aluminium,Column A,,0.056000000000000001
76141000,"Stranded wire, cables, plaited bands and the like, of aluminium, with steel core (excl. such products electrically insulated)",Aluminium,Column B,(K),1.4850000000000001
76141000,"Stranded wire, cables, plaited bands and the like, of aluminium, with steel core (excl. such products electrically insulated)",Aluminium,Column B,(L),0.14799999999999999
76149000,"Stranded wires, cables, ropes and similar articles, of aluminium (other than with steel core and electrically insulated products)",Aluminium,Column A,,0.056000000000000001
76149000,"Stranded wires, cables, ropes and similar articles, of aluminium (other than with steel core and electrically insulated products)",Aluminium,Column B,(K),1.4850000000000001
76149000,"Stranded wires, cables, ropes and similar articles, of aluminium (other than with steel core and electrically insulated products)",Aluminium,Column B,(L),0.14799999999999999
76161000,"Nails, tacks, staples, screws, bolts, nuts, screw hooks, rivets, cotters, cotter pins, washers and similar articles, of aluminium (excl. staples in strips, plugs, bungs and the like, threaded)",Aluminium,Column A,,0.056000000000000001
76161000,"Nails, tacks, staples, screws, bolts, nuts, screw hooks, rivets, cotters, cotter pins, washers and similar articles, of aluminium (excl. staples in strips, plugs, bungs and the like, threaded)",Aluminium,Column B,(K),1.4850000000000001
76161000,"Nails, tacks, staples, screws, bolts, nuts, screw hooks, rivets, cotters, cotter pins, washers and similar articles, of aluminium (excl. staples in strips, plugs, bungs and the like, threaded)",Aluminium,Column B,(L),0.14799999999999999
76169100,"Cloth, grill, netting and fencing, of aluminium wire (excl. cloth of metal fibres for clothing, lining and similar uses, and cloth, grill and netting made into hand sieves or machine parts)",Aluminium,Column A,,0.056000000000000001
76169100,"Cloth, grill, netting and fencing, of aluminium wire (excl. cloth of metal fibres for clothing, lining and similar uses, and cloth, grill and netting made into hand sieves or machine parts)",Aluminium,Column B,(K),1.4850000000000001
76169100,"Cloth, grill, netting and fencing, of aluminium wire (excl. cloth of metal fibres for clothing, lining and similar uses, and cloth, grill and netting made into hand sieves or machine parts)",Aluminium,Column B,(L),0.14799999999999999
76169910,"Articles of aluminium, cast, n.e.s.",Aluminium,Column A,,0.045999999999999999
76169910,"Articles of aluminium, cast, n.e.s.",Aluminium,Column B,(K),1.506
76169910,"Articles of aluminium, cast, n.e.s.",Aluminium,Column B,(L),0.14000000000000001
76169990,"Articles of aluminium, uncast, n.e.s.",Aluminium,Column A,,0.056000000000000001
76169990,"Articles of aluminium, uncast, n.e.s.",Aluminium,Column B,(K),1.4850000000000001
76169990,"Articles of aluminium, uncast, n.e.s.",Aluminium,Column B,(L),0.14799999999999999
