country,cn_code,description,product_group,year,default_direct_tco2e_per_ton,default_indirect_tco2e_per_ton,default_total_tco2e_per_ton,adopted_default_total_tco2e_per_ton,underlying_cbam_benchmark_route,has_country_value
Türkiye,25070080,Calcined clay,Cement,2026,,,,,,false
Türkiye,25070080,Calcined clay,Cement,2027,,,,,,false
Türkiye,25070080,Calcined clay,Cement,2028,,,,,,false
Türkiye,25231000,White clinker,Cement,2026,,,,,,false
Türkiye,25231000,White clinker,Cement,2027,,,,,,false
Türkiye,25231000,White clinker,Cement,2028,,,,,,false
Türkiye,25231000,Grey clinker,Cement,2026,,,,,,false
Türkiye,25231000,Grey clinker,Cement,2027,,,,,,false
Türkiye,25231000,Grey clinker,Cement,2028,,,,,,false
Türkiye,25232100,White Portland cement,Cement,2026,,,,,,false
Türkiye,25232100,White Portland cement,Cement,2027,,,,,,false
Türkiye,25232100,White Portland cement,Cement,2028,,,,,,false
Türkiye,25232900,Grey Portland cement,Cement,2026,,,,,,false
Türkiye,25232900,Grey Portland cement,Cement,2027,,,,,,false
Türkiye,25232900,Grey Portland cement,Cement,2028,,,,,,false
Türkiye,25239000,White hydraulic cements,Cement,2026,,,,,,false
Türkiye,25239000,White hydraulic cements,Cement,2027,,,,,,false
Türkiye,25239000,White hydraulic cements,Cement,2028,,,,,,false
Türkiye,25239000,Grey hydraulic cements,Cement,2026,,,,,,false
Türkiye,25239000,Grey hydraulic cements,Cement,2027,,,,,,false
Türkiye,25239000,Grey hydraulic cements,Cement,2028,,,,,,false
Türkiye,25233000,Aluminous cement,Cement,2026,1.82,0.14,1.95,2.145,,true
Türkiye,25233000,Aluminous cement,Cement,2027,1.82,0.14,1.95,2.34,,true
Türkiye,25233000,Aluminous cement,Cement,2028,1.82,0.14,1.95,2.535,,true
Türkiye,28080000,Nitric acid; sulphonitric acids,Fertilisers,2026,2.68,0.03,2.72,2.7472,,true
Türkiye,28080000,Nitric acid; sulphonitric acids,Fertilisers,2027,2.68,0.03,2.72,2.7472,,true
Türkiye,28080000,Nitric acid; sulphonitric acids,Fertilisers,2028,2.68,0.03,2.72,2.7472,,true
Türkiye,28141000,Anhydrous ammonia,Fertilisers,2026,2.17,0.1,2.27,2.2927,,true
Türkiye,28141000,Anhydrous ammonia,Fertilisers,2027,2.17,0.1,2.27,2.2927,,true
Türkiye,28141000,Anhydrous ammonia,Fertilisers,2028,2.17,0.1,2.27,2.2927,,true
Türkiye,28142000,Ammonia in aqueous solution,Fertilisers,2026,0.65,0.03,0.68,0.6868,,true
Türkiye,28142000,Ammonia in aqueous solution,Fertilisers,2027,0.65,0.03,0.68,0.6868,,true
Türkiye,28142000,Ammonia in aqueous solution,Fertilisers,2028,0.65,0.03,0.68,0.6868,,true
Türkiye,28342100,Nitrate of potassium,Fertilisers,2026,2.17,0.05,2.22,2.2422,,true
Türkiye,28342100,Nitrate of potassium,Fertilisers,2027,2.17,0.05,2.22,2.2422,,true
Türkiye,28342100,Nitrate of potassium,Fertilisers,2028,2.17,0.05,2.22,2.2422,,true
Türkiye,3102,"Mineral or chemical fertilizers, nitrogenous",Fertilisers,2026,,,,,,false
Türkiye,3102,"Mineral or chemical fertilizers, nitrogenous",Fertilisers,2027,,,,,,false
Türkiye,3102,"Mineral or chemical fertilizers, nitrogenous",Fertilisers,2028,,,,,,false
Türkiye,31021012,"Urea in aqueous solution, containing >45% nitrogen in relation to the weight of the dry product and containing =>31,8% but <=33,2 % by weight of urea (excl. that in packages with a gross weight of <= 10 kg)",Fertilisers,2026,0.48,0.02,0.5,0.505,,true
Türkiye,31021012,"Urea in aqueous solution, containing >45% nitrogen in relation to the weight of the dry product and containing =>31,8% but <=33,2 % by weight of urea (excl. that in packages with a gross weight of <= 10 kg)",Fertilisers,2027,0.48,0.02,0.5,0.505,,true
Türkiye,31021012,"Urea in aqueous solution, containing >45% nitrogen in relation to the weight of the dry product and containing =>31,8% but <=33,2 % by weight of urea (excl. that in packages with a gross weight of <= 10 kg)",Fertilisers,2028,0.48,0.02,0.5,0.505,,true
Türkiye,31021015,"Urea in aqueous solution, containing >45% nitrogen in relation to the weight of the dry product and containing >33,2% but <=55% by weight of urea (excl. that in packages with a gross weight of <= 10 kg)",Fertilisers,2026,0.79,0.02,0.82,0.8282,,true
Türkiye,31021015,"Urea in aqueous solution, containing >45% nitrogen in relation to the weight of the dry product and containing >33,2% but <=55% by weight of urea (excl. that in packages with a gross weight of <= 10 kg)",Fertilisers,2027,0.79,0.02,0.82,0.8282,,true
Türkiye,31021015,"Urea in aqueous solution, containing >45% nitrogen in relation to the weight of the dry product and containing >33,2% but <=55% by weight of urea (excl. that in packages with a gross weight of <= 10 kg)",Fertilisers,2028,0.79,0.02,0.82,0.8282,,true
Türkiye,31021019,"Urea, whether or not in aqueous solution, containing >45% nitrogen in relation to the weight of the dry product (excl. that in tablets or similar forms, or in packages with a gross weight of <= 10 kg, or in aqueous solution containing =>31,8% but <=55% by weight of urea)",Fertilisers,2026,1.44,0.08,1.51,1.5251,,true
Türkiye,31021019,"Urea, whether or not in aqueous solution, containing >45% nitrogen in relation to the weight of the dry product (excl. that in tablets or similar forms, or in packages with a gross weight of <= 10 kg, or in aqueous solution containing =>31,8% but <=55% by weight of urea)",Fertilisers,2027,1.44,0.08,1.51,1.5251,,true
Türkiye,31021019,"Urea, whether or not in aqueous solution, containing >45% nitrogen in relation to the weight of the dry product (excl. that in tablets or similar forms, or in packages with a gross weight of <= 10 kg, or in aqueous solution containing =>31,8% but <=55% by weight of urea)",Fertilisers,2028,1.44,0.08,1.51,1.5251,,true
Türkiye,31021090,"Urea, whether or not in aqueous solution, containing <= 45% by weight of nitrogen on the dry anhydrous product (excl. goods of this chapter in tablets or similar forms or in packages of a gross weight of <= 10 kg)",Fertilisers,2026,1.4,0.08,1.48,1.4948,,true
Türkiye,31021090,"Urea, whether or not in aqueous solution, containing <= 45% by weight of nitrogen on the dry anhydrous product (excl. goods of this chapter in tablets or similar forms or in packages of a gross weight of <= 10 kg)",Fertilisers,2027,1.4,0.08,1.48,1.4948,,true
Türkiye,31021090,"Urea, whether or not in aqueous solution, containing <= 45% by weight of nitrogen on the dry anhydrous product (excl. goods of this chapter in tablets or similar forms or in packages of a gross weight of <= 10 kg)",Fertilisers,2028,1.4,0.08,1.48,1.4948,,true
Türkiye,31022100,"Ammonium sulphate (excl. that in tablets or similar forms, or in packages with a gross weight of <= 10 kg)",Fertilisers,2026,0.63,0.06,0.68,0.6868,,true
Türkiye,31022100,"Ammonium sulphate (excl. that in tablets or similar forms, or in packages with a gross weight of <= 10 kg)",Fertilisers,2027,0.63,0.06,0.68,0.6868,,true
Türkiye,31022100,"Ammonium sulphate (excl. that in tablets or similar forms, or in packages with a gross weight of <= 10 kg)",Fertilisers,2028,0.63,0.06,0.68,0.6868,,true
Türkiye,31022900,Double salts and mixtures of ammonium sulphate and ammonium nitrate,Fertilisers,2026,1.4,0.06,1.46,1.4746,,true
Türkiye,31022900,Double salts and mixtures of ammonium sulphate and ammonium nitrate,Fertilisers,2027,1.4,0.06,1.46,1.4746,,true
Türkiye,31022900,Double salts and mixtures of ammonium sulphate and ammonium nitrate,Fertilisers,2028,1.4,0.06,1.46,1.4746,,true
Türkiye,31023010,Ammonium nitrate in aqueous solution (excl. that in packages with a gross weight of <= 10 kg),Fertilisers,2026,1.64,0.05,1.69,1.7069,,true
Türkiye,31023010,Ammonium nitrate in aqueous solution (excl. that in packages with a gross weight of <= 10 kg),Fertilisers,2027,1.64,0.05,1.69,1.7069,,true
Türkiye,31023010,Ammonium nitrate in aqueous solution (excl. that in packages with a gross weight of <= 10 kg),Fertilisers,2028,1.64,0.05,1.69,1.7069,,true
Türkiye,31023090,"Ammonium nitrate (excl. that in aqueous solution, in tablets or similar forms, or in packages with a gross weight of <= 10 kg)",Fertilisers,2026,2.53,0.07,2.6,2.626,,true
Türkiye,31023090,"Ammonium nitrate (excl. that in aqueous solution, in tablets or similar forms, or in packages with a gross weight of <= 10 kg)",Fertilisers,2027,2.53,0.07,2.6,2.626,,true
Türkiye,31023090,"Ammonium nitrate (excl. that in aqueous solution, in tablets or similar forms, or in packages with a gross weight of <= 10 kg)",Fertilisers,2028,2.53,0.07,2.6,2.626,,true
Türkiye,31024010,"Mixtures of ammonium nitrate with calcium carbonate or other inorganic non-fertilising substances, for use as fertilisers, containing <= 28% nitrogen by weight (excl. those in tablets or similar forms, or in packages with a gross weight of <= 10 kg)",Fertilisers,2026,2.16,0.07,2.23,2.2523,,true
Türkiye,31024010,"Mixtures of ammonium nitrate with calcium carbonate or other inorganic non-fertilising substances, for use as fertilisers, containing <= 28% nitrogen by weight (excl. those in tablets or similar forms, or in packages with a gross weight of <= 10 kg)",Fertilisers,2027,2.16,0.07,2.23,2.2523,,true
Türkiye,31024010,"Mixtures of ammonium nitrate with calcium carbonate or other inorganic non-fertilising substances, for use as fertilisers, containing <= 28% nitrogen by weight (excl. those in tablets or similar forms, or in packages with a gross weight of <= 10 kg)",Fertilisers,2028,2.16,0.07,2.23,2.2523,,true
Türkiye,31024090,"Mixtures of ammonium nitrate with calcium carbonate or other inorganic non-fertilising substances, for use as fertilisers, containing > 28% nitrogen by weight (excl. those in tablets or similar forms, or in packages with a gross weight of <= 10 kg)",Fertilisers,2026,2.16,0.07,2.23,2.2523,,true
Türkiye,31024090,"Mixtures of ammonium nitrate with calcium carbonate or other inorganic non-fertilising substances, for use as fertilisers, containing > 28% nitrogen by weight (excl. those in tablets or similar forms, or in packages with a gross weight of <= 10 kg)",Fertilisers,2027,2.16,0.07,2.23,2.2523,,true
Türkiye,31024090,"Mixtures of ammonium nitrate with calcium carbonate or other inorganic non-fertilising substances, for use as fertilisers, containing > 28% nitrogen by weight (excl. those in tablets or similar forms, or in packages with a gross weight of <= 10 kg)",Fertilisers,2028,2.16,0.07,2.23,2.2523,,true
Türkiye,31025000,"Sodium nitrate (excl. that in tablets or similar forms, or in packages with a gross weight of <= 10 kg)",Fertilisers,2026,4.19,0.05,4.24,4.2824,,true
Türkiye,31025000,"Sodium nitrate (excl. that in tablets or similar forms, or in packages with a gross weight of <= 10 kg)",Fertilisers,2027,4.19,0.05,4.24,4.2824,,true
Türkiye,31025000,"Sodium nitrate (excl. that in tablets or similar forms, or in packages with a gross weight of <= 10 kg)",Fertilisers,2028,4.19,0.05,4.24,4.2824,,true
Türkiye,31026000,"Double salts and mixtures of calcium nitrate and ammonium nitrate (excl. those in tablets or similar forms, or in packages with a gross weight of <= 10 kg)",Fertilisers,2026,2.12,0.06,2.18,2.2018,,true
Türkiye,31026000,"Double salts and mixtures of calcium nitrate and ammonium nitrate (excl. those in tablets or similar forms, or in packages with a gross weight of <= 10 kg)",Fertilisers,2027,2.12,0.06,2.18,2.2018,,true
Türkiye,31026000,"Double salts and mixtures of calcium nitrate and ammonium nitrate (excl. those in tablets or similar forms, or in packages with a gross weight of <= 10 kg)",Fertilisers,2028,2.12,0.06,2.18,2.2018,,true
Türkiye,31028000,Mixtures of urea and ammonium nitrate in aqueous or ammoniacal solution (excl. those in packages with a gross weight of <= 10 kg),Fertilisers,2026,1.58,0.06,1.64,1.6564,,true
Türkiye,31028000,Mixtures of urea and ammonium nitrate in aqueous or ammoniacal solution (excl. those in packages with a gross weight of <= 10 kg),Fertilisers,2027,1.58,0.06,1.64,1.6564,,true
Türkiye,31028000,Mixtures of urea and ammonium nitrate in aqueous or ammoniacal solution (excl. those in packages with a gross weight of <= 10 kg),Fertilisers,2028,1.58,0.06,1.64,1.6564,,true
Türkiye,31029000,Mineral or chemical nitrogen fertilisers (excl. urea; ammonium sulphate; ammonium nitrate; sodium nitrate; double salts and mixtures of ammonium nitrate with ammonium sulphate or calcium; mixtures of urea and ammonium nitrate in aqueous or ammoniacal solution; mixtures of ammonium nitrate and calcium carbonate or other non-fertilising inorganic elements; in tablets or similar in packages <= 10 kg),Fertilisers,2026,1.62,0.07,1.69,1.7069,,true
Türkiye,31029000,Mineral or chemical nitrogen fertilisers (excl. urea; ammonium sulphate; ammonium nitrate; sodium nitrate; double salts and mixtures of ammonium nitrate with ammonium sulphate or calcium; mixtures of urea and ammonium nitrate in aqueous or ammoniacal solution; mixtures of ammonium nitrate and calcium carbonate or other non-fertilising inorganic elements; in tablets or similar in packages <= 10 kg),Fertilisers,2027,1.62,0.07,1.69,1.7069,,true
Türkiye,31029000,Mineral or chemical nitrogen fertilisers (excl. urea; ammonium sulphate; ammonium nitrate; sodium nitrate; double salts and mixtures of ammonium nitrate with ammonium sulphate or calcium; mixtures of urea and ammonium nitrate in aqueous or ammoniacal solution; mixtures of ammonium nitrate and calcium carbonate or other non-fertilising inorganic elements; in tablets or similar in packages <= 10 kg),Fertilisers,2028,1.62,0.07,1.69,1.7069,,true
Türkiye,3105,"Mineral or chemical fertilisers containing two or three of the fertilising elements nitrogen, phosphorus and potassium",Fertilisers,2026,,,,,,false
Türkiye,3105,"Mineral or chemical fertilisers containing two or three of the fertilising elements nitrogen, phosphorus and potassium",Fertilisers,2027,,,,,,false
Türkiye,3105,"Mineral or chemical fertilisers containing two or three of the fertilising elements nitrogen, phosphorus and potassium",Fertilisers,2028,,,,,,false
Türkiye,31051000,"Mineral or chemical fertilisers of animal or vegetable origin, in tablets or similar forms, or in packages with a gross weight of <= 10 kg",Fertilisers,2026,0.8,0.06,0.86,0.8686,,true
Türkiye,31051000,"Mineral or chemical fertilisers of animal or vegetable origin, in tablets or similar forms, or in packages with a gross weight of <= 10 kg",Fertilisers,2027,0.8,0.06,0.86,0.8686,,true
Türkiye,31051000,"Mineral or chemical fertilisers of animal or vegetable origin, in tablets or similar forms, or in packages with a gross weight of <= 10 kg",Fertilisers,2028,0.8,0.06,0.86,0.8686,,true
Türkiye,31052010,"Mineral or chemical fertilisers containing phosphorus and potassium, with a nitrogen content > 10 % by weight on the dry anhydrous product (excl. those in tablets or similar forms, or in packages with a gross weight of <= 10 kg)",Fertilisers,2026,1.06,0.06,1.12,1.1312,,true
Türkiye,31052010,"Mineral or chemical fertilisers containing phosphorus and potassium, with a nitrogen content > 10 % by weight on the dry anhydrous product (excl. those in tablets or similar forms, or in packages with a gross weight of <= 10 kg)",Fertilisers,2027,1.06,0.06,1.12,1.1312,,true
Türkiye,31052010,"Mineral or chemical fertilisers containing phosphorus and potassium, with a nitrogen content > 10 % by weight on the dry anhydrous product (excl. those in tablets or similar forms, or in packages with a gross weight of <= 10 kg)",Fertilisers,2028,1.06,0.06,1.12,1.1312,,true
Türkiye,31052090,"Mineral or chemical fertilisers containing nitrogen, phosphorus and potassium, with a nitrogen content <= 10 % by weight on the dry anhydrous product (excl. those in tablets or similar forms, or in packages with a gross weight of <= 10 kg)",Fertilisers,2026,0.72,0.05,0.77,0.7777,,true
Türkiye,31052090,"Mineral or chemical fertilisers containing nitrogen, phosphorus and potassium, with a nitrogen content <= 10 % by weight on the dry anhydrous product (excl. those in tablets or similar forms, or in packages with a gross weight of <= 10 kg)",Fertilisers,2027,0.72,0.05,0.77,0.7777,,true
Türkiye,31052090,"Mineral or chemical fertilisers containing nitrogen, phosphorus and potassium, with a nitrogen content <= 10 % by weight on the dry anhydrous product (excl. those in tablets or similar forms, or in packages with a gross weight of <= 10 kg)",Fertilisers,2028,0.72,0.05,0.77,0.7777,,true
Türkiye,31053000,"Diammonium hydrogenorthophosphate ""diammonium phosphate"" (excl. that in tablets or similar forms, or in packages with a gross weight of <= 10 kg)",Fertilisers,2026,0.51,0.04,0.55,0.5555,,true
Türkiye,31053000,"Diammonium hydrogenorthophosphate ""diammonium phosphate"" (excl. that in tablets or similar forms, or in packages with a gross weight of <= 10 kg)",Fertilisers,2027,0.51,0.04,0.55,0.5555,,true
Türkiye,31053000,"Diammonium hydrogenorthophosphate ""diammonium phosphate"" (excl. that in tablets or similar forms, or in packages with a gross weight of <= 10 kg)",Fertilisers,2028,0.51,0.04,0.55,0.5555,,true
Türkiye,31054000,"Ammonium dihydrogenorthophosphate ""monoammonium phosphate"", whether or not mixed with diammonium hydrogenorthophosphate ""diammonium phosphate"" (excl. that in tablets or similar forms, or in packages with a gross weight of <= 10 kg)",Fertilisers,2026,0.32,0.03,0.36,0.3636,,true
Türkiye,31054000,"Ammonium dihydrogenorthophosphate ""monoammonium phosphate"", whether or not mixed with diammonium hydrogenorthophosphate ""diammonium phosphate"" (excl. that in tablets or similar forms, or in packages with a gross weight of <= 10 kg)",Fertilisers,2027,0.32,0.03,0.36,0.3636,,true
Türkiye,31054000,"Ammonium dihydrogenorthophosphate ""monoammonium phosphate"", whether or not mixed with diammonium hydrogenorthophosphate ""diammonium phosphate"" (excl. that in tablets or similar forms, or in packages with a gross weight of <= 10 kg)",Fertilisers,2028,0.32,0.03,0.36,0.3636,,true
Türkiye,31055100,Other mineral or chemical fertilisers containing the two fertilising elements nitrogen and phosphorus (nitrates and phosphates),Fertilisers,2026,1.46,0.08,1.54,1.5554,,true
Türkiye,31055100,Other mineral or chemical fertilisers containing the two fertilising elements nitrogen and phosphorus (nitrates and phosphates),Fertilisers,2027,1.46,0.08,1.54,1.5554,,true
Türkiye,31055100,Other mineral or chemical fertilisers containing the two fertilising elements nitrogen and phosphorus (nitrates and phosphates),Fertilisers,2028,1.46,0.08,1.54,1.5554,,true
Türkiye,31055900,Other mineral or chemical fertilisers containing the two fertilising elements nitrogen and phosphorus (excl. nitrates and phosphates),Fertilisers,2026,0.58,0.08,0.66,0.6666,,true
Türkiye,31055900,Other mineral or chemical fertilisers containing the two fertilising elements nitrogen and phosphorus (excl. nitrates and phosphates),Fertilisers,2027,0.58,0.08,0.66,0.6666,,true
Türkiye,31055900,Other mineral or chemical fertilisers containing the two fertilising elements nitrogen and phosphorus (excl. nitrates and phosphates),Fertilisers,2028,0.58,0.08,0.66,0.6666,,true
Türkiye,31059020,"Mineral or chemical fertilisers containing the two fertilising elements nitrogen and potassium, or one principal fertilising substance only, incl. mixtures of animal or vegetable fertilisers with chemical or mineral fertilisers, containing > 10% nitrogen by weight (excl. in tablets or similar forms, or in packages with a gross weight of <= 10 kg)",Fertilisers,2026,1.43,0.05,1.48,1.4948,,true
Türkiye,31059020,"Mineral or chemical fertilisers containing the two fertilising elements nitrogen and potassium, or one principal fertilising substance only, incl. mixtures of animal or vegetable fertilisers with chemical or mineral fertilisers, containing > 10% nitrogen by weight (excl. in tablets or similar forms, or in packages with a gross weight of <= 10 kg)",Fertilisers,2027,1.43,0.05,1.48,1.4948,,true
Türkiye,31059020,"Mineral or chemical fertilisers containing the two fertilising elements nitrogen and potassium, or one principal fertilising substance only, incl. mixtures of animal or vegetable fertilisers with chemical or mineral fertilisers, containing > 10% nitrogen by weight (excl. in tablets or similar forms, or in packages with a gross weight of <= 10 kg)",Fertilisers,2028,1.43,0.05,1.48,1.4948,,true
Türkiye,31059080,"Mineral or chemical fertilisers containing the two fertilising elements nitrogen and potassium, or one main fertilising element, incl. mixtures of animal or vegetable fertilisers with chemical or mineral fertilisers, not containing nitrogen or with a nitrogen content, by weight, of <= 10% (excl. in tablets or similar forms or in packages of a gross weight of <= 10 kg)",Fertilisers,2026,0.73,0.04,0.76,0.7676,,true
Türkiye,31059080,"Mineral or chemical fertilisers containing the two fertilising elements nitrogen and potassium, or one main fertilising element, incl. mixtures of animal or vegetable fertilisers with chemical or mineral fertilisers, not containing nitrogen or with a nitrogen content, by weight, of <= 10% (excl. in tablets or similar forms or in packages of a gross weight of <= 10 kg)",Fertilisers,2027,0.73,0.04,0.76,0.7676,,true
Türkiye,31059080,"Mineral or chemical fertilisers containing the two fertilising elements nitrogen and potassium, or one main fertilising element, incl. mixtures of animal or vegetable fertilisers with chemical or mineral fertilisers, not containing nitrogen or with a nitrogen content, by weight, of <= 10% (excl. in tablets or similar forms or in packages of a gross weight of <= 10 kg)",Fertilisers,2028,0.73,0.04,0.76,0.7676,,true
Türkiye,7601,Unwrought aluminium,Aluminium,2026,1.7,,1.7,1.87,K,true
Türkiye,7601,Unwrought aluminium,Aluminium,2027,1.7,,1.7,2.04,K,true
Türkiye,7601,Unwrought aluminium,Aluminium,2028,1.7,,1.7,2.21,K,true
Türkiye,7603,Aluminium powders and flakes,Aluminium,2026,3.368952941,,3.368952941,3.7058482351,K,true
Türkiye,7603,Aluminium powders and flakes,Aluminium,2027,3.368952941,,3.368952941,4.0427435292,K,true
Türkiye,7603,Aluminium powders and flakes,Aluminium,2028,3.368952941,,3.368952941,4.3796388233,K,true
Türkiye,76041010,Bars and rods,Aluminium,2026,3.7414,,3.7414,4.11554,K,true
Türkiye,76041010,Bars and rods,Aluminium,2027,3.7414,,3.7414,4.48968,K,true
Türkiye,76041010,Bars and rods,Aluminium,2028,3.7414,,3.7414,4.86382,K,true
Türkiye,76041090,Profiles,Aluminium,2026,3.7414,,3.7414,4.11554,K,true
Türkiye,76041090,Profiles,Aluminium,2027,3.7414,,3.7414,4.48968,K,true
Türkiye,76041090,Profiles,Aluminium,2028,3.7414,,3.7414,4.86382,K,true
Türkiye,76042100,Hollow profiles,Aluminium,2026,3.7414,,3.7414,4.11554,K,true
Türkiye,76042100,Hollow profiles,Aluminium,2027,3.7414,,3.7414,4.48968,K,true
Türkiye,76042100,Hollow profiles,Aluminium,2028,3.7414,,3.7414,4.86382,K,true
Türkiye,76042910,Bars and rods,Aluminium,2026,3.7414,,3.7414,4.11554,K,true
Türkiye,76042910,Bars and rods,Aluminium,2027,3.7414,,3.7414,4.48968,K,true
Türkiye,76042910,Bars and rods,Aluminium,2028,3.7414,,3.7414,4.86382,K,true
Türkiye,76042990,Profiles,Aluminium,2026,3.7414,,3.7414,4.11554,K,true
Türkiye,76042990,Profiles,Aluminium,2027,3.7414,,3.7414,4.48968,K,true
Türkiye,76042990,Profiles,Aluminium,2028,3.7414,,3.7414,4.86382,K,true
Türkiye,7605,Aluminium wire,Aluminium,2026,3.4238,,3.4238,3.76618,K,true
Türkiye,7605,Aluminium wire,Aluminium,2027,3.4238,,3.4238,4.10856,K,true
Türkiye,7605,Aluminium wire,Aluminium,2028,3.4238,,3.4238,4.45094,K,true
Türkiye,7606,"Aluminium plates, sheets and strip, of a thickness exceeding 0,2 mm",Aluminium,2026,2.714,,2.714,2.9854,K,true
Türkiye,7606,"Aluminium plates, sheets and strip, of a thickness exceeding 0,2 mm",Aluminium,2027,2.714,,2.714,3.2568,K,true
Türkiye,7606,"Aluminium plates, sheets and strip, of a thickness exceeding 0,2 mm",Aluminium,2028,2.714,,2.714,3.5282,K,true
Türkiye,7607,"Aluminium foil (whether or not printed or backed with paper, paperboard, plastics or similar backing materials) of a thickness (excluding any backing) not exceeding 0,2 mm",Aluminium,2026,3.071,,3.071,3.3781,K,true
Türkiye,7607,"Aluminium foil (whether or not printed or backed with paper, paperboard, plastics or similar backing materials) of a thickness (excluding any backing) not exceeding 0,2 mm",Aluminium,2027,3.071,,3.071,3.6852,K,true
Türkiye,7607,"Aluminium foil (whether or not printed or backed with paper, paperboard, plastics or similar backing materials) of a thickness (excluding any backing) not exceeding 0,2 mm",Aluminium,2028,3.071,,3.071,3.9923,K,true
Türkiye,7608,Aluminium tubes and pipes,Aluminium,2026,2.7536,,2.7536,3.02896,K,true
Türkiye,7608,Aluminium tubes and pipes,Aluminium,2027,2.7536,,2.7536,3.30432,K,true
Türkiye,7608,Aluminium tubes and pipes,Aluminium,2028,2.7536,,2.7536,3.57968,K,true
Türkiye,76090000,"Aluminium tube or pipe fittings (for example, couplings, elbows, sleeves)",Aluminium,2026,3.775258824,,3.775258824,4.1527847064,K,true
Türkiye,76090000,"Aluminium tube or pipe fittings (for example, couplings, elbows, sleeves)",Aluminium,2027,3.775258824,,3.775258824,4.5303105888,K,true
Türkiye,76090000,"Aluminium tube or pipe fittings (for example, couplings, elbows, sleeves)",Aluminium,2028,3.775258824,,3.775258824,4.9078364712,K,true
Türkiye,76101000,"Doors, windows and their frames and thresholds for doors",Aluminium,2026,2.674,,2.674,2.9414,K,true
Türkiye,76101000,"Doors, windows and their frames and thresholds for doors",Aluminium,2027,2.674,,2.674,3.2088,K,true
Türkiye,76101000,"Doors, windows and their frames and thresholds for doors",Aluminium,2028,2.674,,2.674,3.4762,K,true
Türkiye,761090,Other,Aluminium,2026,2.674,,2.674,2.9414,K,true
Türkiye,761090,Other,Aluminium,2027,2.674,,2.674,3.2088,K,true
Türkiye,761090,Other,Aluminium,2028,2.674,,2.674,3.4762,K,true
Türkiye,76109010,"Bridges and bridge-sections, towers and lattice masts",Aluminium,2026,2.674,,2.674,2.9414,K,true
Türkiye,76109010,"Bridges and bridge-sections, towers and lattice masts",Aluminium,2027,2.674,,2.674,3.2088,K,true
Türkiye,76109010,"Bridges and bridge-sections, towers and lattice masts",Aluminium,2028,2.674,,2.674,3.4762,K,true
Türkiye,76109090,Other,Aluminium,2026,2.674,,2.674,2.9414,K,true
Türkiye,76109090,Other,Aluminium,2027,2.674,,2.674,3.2088,K,true
Türkiye,76109090,Other,Aluminium,2028,2.674,,2.674,3.4762,K,true
Türkiye,76110000,"Aluminium reservoirs, tanks, vats and similar containers, for any material (other than compressed or liquefied gas), of a capacity exceeding 300 litres, whether or not lined or heat-insulated, but not fitted with mechanical or thermal equipment",Aluminium,2026,4.520152941,,4.520152941,4.9721682351,K,true
Türkiye,76110000,"Aluminium reservoirs, tanks, vats and similar containers, for any material (other than compressed or liquefied gas), of a capacity exceeding 300 litres, whether or not lined or heat-insulated, but not fitted with mechanical or thermal equipment",Aluminium,2027,4.520152941,,4.520152941,5.4241835292,K,true
Türkiye,76110000,"Aluminium reservoirs, tanks, vats and similar containers, for any material (other than compressed or liquefied gas), of a capacity exceeding 300 litres, whether or not lined or heat-insulated, but not fitted with mechanical or thermal equipment",Aluminium,2028,4.520152941,,4.520152941,5.8761988233,K,true
Türkiye,7612,"Aluminium casks, drums, cans, boxes and similar containers (including rigid or collapsible tubular containers), for any material (other than compressed or liquefied gas), of a capacity not exceeding 300 litres, whether or not lined or heat-insulated, but not fitted with mechanical or thermal equipment",Aluminium,2026,4.520152941,,4.520152941,4.9721682351,K,true
Türkiye,7612,"Aluminium casks, drums, cans, boxes and similar containers (including rigid or collapsible tubular containers), for any material (other than compressed or liquefied gas), of a capacity not exceeding 300 litres, whether or not lined or heat-insulated, but not fitted with mechanical or thermal equipment",Aluminium,2027,4.520152941,,4.520152941,5.4241835292,K,true
Türkiye,7612,"Aluminium casks, drums, cans, boxes and similar containers (including rigid or collapsible tubular containers), for any material (other than compressed or liquefied gas), of a capacity not exceeding 300 litres, whether or not lined or heat-insulated, but not fitted with mechanical or thermal equipment",Aluminium,2028,4.520152941,,4.520152941,5.8761988233,K,true
Türkiye,76130000,Aluminium containers for compressed or liquefied gas,Aluminium,2026,4.520152941,,4.520152941,4.9721682351,K,true
Türkiye,76130000,Aluminium containers for compressed or liquefied gas,Aluminium,2027,4.520152941,,4.520152941,5.4241835292,K,true
Türkiye,76130000,Aluminium containers for compressed or liquefied gas,Aluminium,2028,4.520152941,,4.520152941,5.8761988233,K,true
Türkiye,7614,"Stranded wire, cables, plaited bands and the like, of aluminium, not electrically insulated",Aluminium,2026,3.7414,,3.7414,4.11554,K,true
Türkiye,7614,"Stranded wire, cables, plaited bands and the like, of aluminium, not electrically insulated",Aluminium,2027,3.7414,,3.7414,4.48968,K,true
Türkiye,7614,"Stranded wire, cables, plaited bands and the like, of aluminium, not electrically insulated",Aluminium,2028,3.7414,,3.7414,4.86382,K,true
Türkiye,76161000,"Nails, tacks, staples (other than those of heading 8305), screws, bolts, nuts, screw hooks, rivets, cotters, cotter pins, washers and similar articles",Aluminium,2026,3.06,,3.06,3.366,K,true
Türkiye,76161000,"Nails, tacks, staples (other than those of heading 8305), screws, bolts, nuts, screw hooks, rivets, cotters, cotter pins, washers and similar articles",Aluminium,2027,3.06,,3.06,3.672,K,true
Türkiye,76161000,"Nails, tacks, staples (other than those of heading 8305), screws, bolts, nuts, screw hooks, rivets, cotters, cotter pins, washers and similar articles",Aluminium,2028,3.06,,3.06,3.978,K,true
Türkiye,76169100,"Cloth, grill, netting and fencing, of aluminium wire",Aluminium,2026,3.06,,3.06,3.366,K,true
Türkiye,76169100,"Cloth, grill, netting and fencing, of aluminium wire",Aluminium,2027,3.06,,3.06,3.672,K,true
Türkiye,76169100,"Cloth, grill, netting and fencing, of aluminium wire",Aluminium,2028,3.06,,3.06,3.978,K,true
Türkiye,76169910,Cast,Aluminium,2026,3.06,,3.06,3.366,K,true
Türkiye,76169910,Cast,Aluminium,2027,3.06,,3.06,3.672,K,true
Türkiye,76169910,Cast,Aluminium,2028,3.06,,3.06,3.978,K,true
Türkiye,76169990,Other,Aluminium,2026,3.06,,3.06,3.366,K,true
Türkiye,76169990,Other,Aluminium,2027,3.06,,3.06,3.672,K,true
Türkiye,76169990,Other,Aluminium,2028,3.06,,3.06,3.978,K,true
Türkiye,28041000,Hydrogen,Hydrogen,2026,10.82,,10.82,11.902,,true
Türkiye,28041000,Hydrogen,Hydrogen,2027,10.82,,10.82,12.984,,true
Türkiye,28041000,Hydrogen,Hydrogen,2028,10.82,,10.82,14.066,,true
Türkiye,26011200,Agglomerated iron ores and concentrates (excl. roasted iron pyrites),Iron and steel,2026,0.18,0.03,0.21,0.231,,true
Türkiye,26011200,Agglomerated iron ores and concentrates (excl. roasted iron pyrites),Iron and steel,2027,0.18,0.03,0.21,0.252,,true
Türkiye,26011200,Agglomerated iron ores and concentrates (excl. roasted iron pyrites),Iron and steel,2028,0.18,0.03,0.21,0.273,,true
Türkiye,7201,"Pig iron and spiegeleisen, in pigs, blocks or other primary forms",Iron and steel,2026,1.85,,1.85,2.035,,true
Türkiye,7201,"Pig iron and spiegeleisen, in pigs, blocks or other primary forms",Iron and steel,2027,1.85,,1.85,2.22,,true
Türkiye,7201,"Pig iron and spiegeleisen, in pigs, blocks or other primary forms",Iron and steel,2028,1.85,,1.85,2.405,,true
Türkiye,720211,"Ferro-manganese, containing by weight > 2% of carbon",Iron and steel,2026,1.69,,1.69,1.859,,true
Türkiye,720211,"Ferro-manganese, containing by weight > 2% of carbon",Iron and steel,2027,1.69,,1.69,2.028,,true
Türkiye,720211,"Ferro-manganese, containing by weight > 2% of carbon",Iron and steel,2028,1.69,,1.69,2.197,,true
Türkiye,720219,"Ferro-manganese, containing by weight <= 2% carbon",Iron and steel,2026,,,,,,false
Türkiye,720219,"Ferro-manganese, containing by weight <= 2% carbon",Iron and steel,2027,,,,,,false
Türkiye,720219,"Ferro-manganese, containing by weight <= 2% carbon",Iron and steel,2028,,,,,,false
Türkiye,720241,"Ferro-chromium, containing by weight > 4% of carbon",Iron and steel,2026,2.35,,2.35,2.585,,true
Türkiye,720241,"Ferro-chromium, containing by weight > 4% of carbon",Iron and steel,2027,2.35,,2.35,2.82,,true
Türkiye,720241,"Ferro-chromium, containing by weight > 4% of carbon",Iron and steel,2028,2.35,,2.35,3.055,,true
Türkiye,720249,"Ferro-chromium, containing by weight <= 4% of carbon",Iron and steel,2026,,,,,,false
Türkiye,720249,"Ferro-chromium, containing by weight <= 4% of carbon",Iron and steel,2027,,,,,,false
Türkiye,720249,"Ferro-chromium, containing by weight <= 4% of carbon",Iron and steel,2028,,,,,,false
Türkiye,72026000,Ferro-nickel,Iron and steel,2026,3.48,,3.48,3.828,,true
Türkiye,72026000,Ferro-nickel,Iron and steel,2027,3.48,,3.48,4.176,,true
Türkiye,72026000,Ferro-nickel,Iron and steel,2028,3.48,,3.48,4.524,,true
Türkiye,7203,"Ferrous products obtained by direct reduction of iron ore and other spongy ferrous products, in lumps, pellets or similar forms; iron having a minimum purity by weight of 99,94%, in lumps, pellets or similar forms",Iron and steel,2026,,,,,,false
Türkiye,7203,"Ferrous products obtained by direct reduction of iron ore and other spongy ferrous products, in lumps, pellets or similar forms; iron having a minimum purity by weight of 99,94%, in lumps, pellets or similar forms",Iron and steel,2027,,,,,,false
Türkiye,7203,"Ferrous products obtained by direct reduction of iron ore and other spongy ferrous products, in lumps, pellets or similar forms; iron having a minimum purity by weight of 99,94%, in lumps, pellets or similar forms",Iron and steel,2028,,,,,,false
Türkiye,7205,"Granules and powders of pig iron, spiegeleisen, iron or steel (excl. granules and powders of ferro-alloys, turnings and filings of iron or steel, radioactive iron powders ""isotopes"" and certain low-calibre, substandard balls for ballbearings)",Iron and steel,2026,1.89,,1.89,2.079,C,true
Türkiye,7205,"Granules and powders of pig iron, spiegeleisen, iron or steel (excl. granules and powders of ferro-alloys, turnings and filings of iron or steel, radioactive iron powders ""isotopes"" and certain low-calibre, substandard balls for ballbearings)",Iron and steel,2027,1.89,,1.89,2.268,C,true
Türkiye,7205,"Granules and powders of pig iron, spiegeleisen, iron or steel (excl. granules and powders of ferro-alloys, turnings and filings of iron or steel, radioactive iron powders ""isotopes"" and certain low-calibre, substandard balls for ballbearings)",Iron and steel,2028,1.89,,1.89,2.457,C,true
Türkiye,7206,"Iron and non-alloy steel in ingots or other primary forms (excl. remelting scrap ingots, products obtained by continuous casting and iron of heading 7203)",Iron and steel,2026,,,,,,false
Türkiye,7206,"Iron and non-alloy steel in ingots or other primary forms (excl. remelting scrap ingots, products obtained by continuous casting and iron of heading 7203)",Iron and steel,2027,,,,,,false
Türkiye,7206,"Iron and non-alloy steel in ingots or other primary forms (excl. remelting scrap ingots, products obtained by continuous casting and iron of heading 7203)",Iron and steel,2028,,,,,,false
Türkiye,72061000,"Ingots, of iron and non-alloy steel (excl. remelted scrap ingots, continuous cast products, iron of heading 7203)",Iron and steel,2026,1.96,,1.96,2.156,C,true
Türkiye,72061000,"Ingots, of iron and non-alloy steel (excl. remelted scrap ingots, continuous cast products, iron of heading 7203)",Iron and steel,2027,1.96,,1.96,2.352,C,true
Türkiye,72061000,"Ingots, of iron and non-alloy steel (excl. remelted scrap ingots, continuous cast products, iron of heading 7203)",Iron and steel,2028,1.96,,1.96,2.548,C,true
Türkiye,72069000,"Iron and non-alloy steel, in puddled bars or other primary forms (excl. ingots, remelted scrap ingots, continuous cast products, iron of heading 7203)",Iron and steel,2026,1.96,,1.96,2.156,C,true
Türkiye,72069000,"Iron and non-alloy steel, in puddled bars or other primary forms (excl. ingots, remelted scrap ingots, continuous cast products, iron of heading 7203)",Iron and steel,2027,1.96,,1.96,2.352,C,true
Türkiye,72069000,"Iron and non-alloy steel, in puddled bars or other primary forms (excl. ingots, remelted scrap ingots, continuous cast products, iron of heading 7203)",Iron and steel,2028,1.96,,1.96,2.548,C,true
Türkiye,7207,Semi-finished products of iron or non-alloy steel,Iron and steel,2026,,,,,,false
Türkiye,7207,Semi-finished products of iron or non-alloy steel,Iron and steel,2027,,,,,,false
Türkiye,7207,Semi-finished products of iron or non-alloy steel,Iron and steel,2028,,,,,,false
Türkiye,72071111,"Semi-finished products, of non-alloy free-cutting steel, containing by weight < 0,25% carbon, of square or rectangular cross-section, the width < twice the thickness, rolled or obtained by continuous casting",Iron and steel,2026,2.309671362,,2.309671362,2.5406384982,C,true
Türkiye,72071111,"Semi-finished products, of non-alloy free-cutting steel, containing by weight < 0,25% carbon, of square or rectangular cross-section, the width < twice the thickness, rolled or obtained by continuous casting",Iron and steel,2027,2.309671362,,2.309671362,2.7716056344,C,true
Türkiye,72071111,"Semi-finished products, of non-alloy free-cutting steel, containing by weight < 0,25% carbon, of square or rectangular cross-section, the width < twice the thickness, rolled or obtained by continuous casting",Iron and steel,2028,2.309671362,,2.309671362,3.0025727706,C,true
Türkiye,72071114,"Semi-finished products, of iron or non-alloy steel, containing by weight < 0,25% carbon, of square or rectangular cross-section, the width < twice the thickness of <= 130 mm, rolled or obtained by continuous casting (excl. free-cutting steel)",Iron and steel,2026,2.309671362,,2.309671362,2.5406384982,C,true
Türkiye,72071114,"Semi-finished products, of iron or non-alloy steel, containing by weight < 0,25% carbon, of square or rectangular cross-section, the width < twice the thickness of <= 130 mm, rolled or obtained by continuous casting (excl. free-cutting steel)",Iron and steel,2027,2.309671362,,2.309671362,2.7716056344,C,true
Türkiye,72071114,"Semi-finished products, of iron or non-alloy steel, containing by weight < 0,25% carbon, of square or rectangular cross-section, the width < twice the thickness of <= 130 mm, rolled or obtained by continuous casting (excl. free-cutting steel)",Iron and steel,2028,2.309671362,,2.309671362,3.0025727706,C,true
Türkiye,72071116,"Semi-finished products, of iron or non-alloy steel, containing by weight < 0,25% carbon, of square or rectangular cross-section, the width < twice the thickness of > 130 mm, rolled or obtained by continuous casting (excl. free-cutting steel)",Iron and steel,2026,2.309671362,,2.309671362,2.5406384982,C,true
Türkiye,72071116,"Semi-finished products, of iron or non-alloy steel, containing by weight < 0,25% carbon, of square or rectangular cross-section, the width < twice the thickness of > 130 mm, rolled or obtained by continuous casting (excl. free-cutting steel)",Iron and steel,2027,2.309671362,,2.309671362,2.7716056344,C,true
Türkiye,72071116,"Semi-finished products, of iron or non-alloy steel, containing by weight < 0,25% carbon, of square or rectangular cross-section, the width < twice the thickness of > 130 mm, rolled or obtained by continuous casting (excl. free-cutting steel)",Iron and steel,2028,2.309671362,,2.309671362,3.0025727706,C,true
Türkiye,72071190,"Semi-finished products of iron or non-alloy steel, containing by weight < 0,25% carbon, of rectangular cross-section, the width < twice the thickness, forged",Iron and steel,2026,3.08741784,,3.08741784,3.396159624,C,true
Türkiye,72071190,"Semi-finished products of iron or non-alloy steel, containing by weight < 0,25% carbon, of rectangular cross-section, the width < twice the thickness, forged",Iron and steel,2027,3.08741784,,3.08741784,3.704901408,C,true
Türkiye,72071190,"Semi-finished products of iron or non-alloy steel, containing by weight < 0,25% carbon, of rectangular cross-section, the width < twice the thickness, forged",Iron and steel,2028,3.08741784,,3.08741784,4.013643192,C,true
Türkiye,72071210,"Semi-finished products of iron or non-alloy steel, containing by weight < 0,25 of carbon, of rectangular ""other than square"" cross-section, the width measuring >= twice the thickness, rolled or obtained by continuous casting",Iron and steel,2026,2.309671362,,2.309671362,2.5406384982,C,true
Türkiye,72071210,"Semi-finished products of iron or non-alloy steel, containing by weight < 0,25 of carbon, of rectangular ""other than square"" cross-section, the width measuring >= twice the thickness, rolled or obtained by continuous casting",Iron and steel,2027,2.309671362,,2.309671362,2.7716056344,C,true
Türkiye,72071210,"Semi-finished products of iron or non-alloy steel, containing by weight < 0,25 of carbon, of rectangular ""other than square"" cross-section, the width measuring >= twice the thickness, rolled or obtained by continuous casting",Iron and steel,2028,2.309671362,,2.309671362,3.0025727706,C,true
Türkiye,72071290,"Semi-finished products of iron or non-alloy steel, containing by weight < 0,25% carbon, of rectangular ""other than square"" cross-section, the width >= twice the thickness, forged",Iron and steel,2026,3.08741784,,3.08741784,3.396159624,C,true
Türkiye,72071290,"Semi-finished products of iron or non-alloy steel, containing by weight < 0,25% carbon, of rectangular ""other than square"" cross-section, the width >= twice the thickness, forged",Iron and steel,2027,3.08741784,,3.08741784,3.704901408,C,true
Türkiye,72071290,"Semi-finished products of iron or non-alloy steel, containing by weight < 0,25% carbon, of rectangular ""other than square"" cross-section, the width >= twice the thickness, forged",Iron and steel,2028,3.08741784,,3.08741784,4.013643192,C,true
Türkiye,72071912,"Semi-finished products, of iron or non-alloy steel, containing by weight < 0,25% carbon, of circular or polygonal cross-section, rolled or obtained by continuous casting",Iron and steel,2026,2.309671362,,2.309671362,2.5406384982,C,true
Türkiye,72071912,"Semi-finished products, of iron or non-alloy steel, containing by weight < 0,25% carbon, of circular or polygonal cross-section, rolled or obtained by continuous casting",Iron and steel,2027,2.309671362,,2.309671362,2.7716056344,C,true
Türkiye,72071912,"Semi-finished products, of iron or non-alloy steel, containing by weight < 0,25% carbon, of circular or polygonal cross-section, rolled or obtained by continuous casting",Iron and steel,2028,2.309671362,,2.309671362,3.0025727706,C,true
Türkiye,72071919,"Semi-finished products of iron or non-alloy steel, containing by weight < 0,25% carbon, of circular or polygonal cross-section, forged",Iron and steel,2026,3.08741784,,3.08741784,3.396159624,C,true
Türkiye,72071919,"Semi-finished products of iron or non-alloy steel, containing by weight < 0,25% carbon, of circular or polygonal cross-section, forged",Iron and steel,2027,3.08741784,,3.08741784,3.704901408,C,true
Türkiye,72071919,"Semi-finished products of iron or non-alloy steel, containing by weight < 0,25% carbon, of circular or polygonal cross-section, forged",Iron and steel,2028,3.08741784,,3.08741784,4.013643192,C,true
Türkiye,72071980,"Semi-finished products of iron or non-alloy steel, containing by weight < 0,25% carbon (excl. semi-products, of square, rectangular, circular or polygonal cross-section)",Iron and steel,2026,2.309671362,,2.309671362,2.5406384982,C,true
Türkiye,72071980,"Semi-finished products of iron or non-alloy steel, containing by weight < 0,25% carbon (excl. semi-products, of square, rectangular, circular or polygonal cross-section)",Iron and steel,2027,2.309671362,,2.309671362,2.7716056344,C,true
Türkiye,72071980,"Semi-finished products of iron or non-alloy steel, containing by weight < 0,25% carbon (excl. semi-products, of square, rectangular, circular or polygonal cross-section)",Iron and steel,2028,2.309671362,,2.309671362,3.0025727706,C,true
Türkiye,72072011,"Semi-finished products, of non-alloy free-cutting steel, containing by weight >= 0,25% carbon, of square or rectangular cross-section, the width < twice the thickness, rolled or obtained by continuous casting",Iron and steel,2026,2.309671362,,2.309671362,2.5406384982,C,true
Türkiye,72072011,"Semi-finished products, of non-alloy free-cutting steel, containing by weight >= 0,25% carbon, of square or rectangular cross-section, the width < twice the thickness, rolled or obtained by continuous casting",Iron and steel,2027,2.309671362,,2.309671362,2.7716056344,C,true
Türkiye,72072011,"Semi-finished products, of non-alloy free-cutting steel, containing by weight >= 0,25% carbon, of square or rectangular cross-section, the width < twice the thickness, rolled or obtained by continuous casting",Iron and steel,2028,2.309671362,,2.309671362,3.0025727706,C,true
Türkiye,72072015,"Semi-finished products of iron or non-alloy steel, containing by weight >= 0,25% but < 0,6% carbon, of square or rectangular cross-section, the width < twice the thickness, rolled or obtained by continuous casting (excl. free-cutting steel)",Iron and steel,2026,2.309671362,,2.309671362,2.5406384982,C,true
Türkiye,72072015,"Semi-finished products of iron or non-alloy steel, containing by weight >= 0,25% but < 0,6% carbon, of square or rectangular cross-section, the width < twice the thickness, rolled or obtained by continuous casting (excl. free-cutting steel)",Iron and steel,2027,2.309671362,,2.309671362,2.7716056344,C,true
Türkiye,72072015,"Semi-finished products of iron or non-alloy steel, containing by weight >= 0,25% but < 0,6% carbon, of square or rectangular cross-section, the width < twice the thickness, rolled or obtained by continuous casting (excl. free-cutting steel)",Iron and steel,2028,2.309671362,,2.309671362,3.0025727706,C,true
Türkiye,72072017,"Semi-finished products of iron or non-alloy steel, containing by weight >= 0,6% carbon, of square or rectangular cross-section, the width < twice the thickness, rolled or obtained by continuous casting (excl. free-cutting steel)",Iron and steel,2026,2.309671362,,2.309671362,2.5406384982,C,true
Türkiye,72072017,"Semi-finished products of iron or non-alloy steel, containing by weight >= 0,6% carbon, of square or rectangular cross-section, the width < twice the thickness, rolled or obtained by continuous casting (excl. free-cutting steel)",Iron and steel,2027,2.309671362,,2.309671362,2.7716056344,C,true
Türkiye,72072017,"Semi-finished products of iron or non-alloy steel, containing by weight >= 0,6% carbon, of square or rectangular cross-section, the width < twice the thickness, rolled or obtained by continuous casting (excl. free-cutting steel)",Iron and steel,2028,2.309671362,,2.309671362,3.0025727706,C,true
Türkiye,72072019,"Semi-finished products of iron or non-alloy steel, containing by weight >= 0,25% carbon, of square or rectangular cross-section, the width < twice the thickness, forged",Iron and steel,2026,3.08741784,,3.08741784,3.396159624,C,true
Türkiye,72072019,"Semi-finished products of iron or non-alloy steel, containing by weight >= 0,25% carbon, of square or rectangular cross-section, the width < twice the thickness, forged",Iron and steel,2027,3.08741784,,3.08741784,3.704901408,C,true
Türkiye,72072019,"Semi-finished products of iron or non-alloy steel, containing by weight >= 0,25% carbon, of square or rectangular cross-section, the width < twice the thickness, forged",Iron and steel,2028,3.08741784,,3.08741784,4.013643192,C,true
Türkiye,72072032,"Semi-finished products of iron or non-alloy steel, containing by weight >= 0,25 of carbon, of rectangular ""other than square"" cross-section, the width measuring >= twice the thickness, rolled or obtained by continuous casting",Iron and steel,2026,2.309671362,,2.309671362,2.5406384982,C,true
Türkiye,72072032,"Semi-finished products of iron or non-alloy steel, containing by weight >= 0,25 of carbon, of rectangular ""other than square"" cross-section, the width measuring >= twice the thickness, rolled or obtained by continuous casting",Iron and steel,2027,2.309671362,,2.309671362,2.7716056344,C,true
Türkiye,72072032,"Semi-finished products of iron or non-alloy steel, containing by weight >= 0,25 of carbon, of rectangular ""other than square"" cross-section, the width measuring >= twice the thickness, rolled or obtained by continuous casting",Iron and steel,2028,2.309671362,,2.309671362,3.0025727706,C,true
Türkiye,72072039,"Semi-finished products of iron or non-alloy steel, containing by weight >= 0,25% carbon, of rectangular ""other than square"" cross-section and the width >= twice the thickness, forged",Iron and steel,2026,3.08741784,,3.08741784,3.396159624,C,true
Türkiye,72072039,"Semi-finished products of iron or non-alloy steel, containing by weight >= 0,25% carbon, of rectangular ""other than square"" cross-section and the width >= twice the thickness, forged",Iron and steel,2027,3.08741784,,3.08741784,3.704901408,C,true
Türkiye,72072039,"Semi-finished products of iron or non-alloy steel, containing by weight >= 0,25% carbon, of rectangular ""other than square"" cross-section and the width >= twice the thickness, forged",Iron and steel,2028,3.08741784,,3.08741784,4.013643192,C,true
Türkiye,72072052,"Semi-finished products of iron or non-alloy steel, containing by weight >= 0,25% carbon, of circular or polygonal cross-section, rolled or obtained by continuous casting",Iron and steel,2026,2.309671362,,2.309671362,2.5406384982,C,true
Türkiye,72072052,"Semi-finished products of iron or non-alloy steel, containing by weight >= 0,25% carbon, of circular or polygonal cross-section, rolled or obtained by continuous casting",Iron and steel,2027,2.309671362,,2.309671362,2.7716056344,C,true
Türkiye,72072052,"Semi-finished products of iron or non-alloy steel, containing by weight >= 0,25% carbon, of circular or polygonal cross-section, rolled or obtained by continuous casting",Iron and steel,2028,2.309671362,,2.309671362,3.0025727706,C,true
Türkiye,72072059,"Semi-finished products of iron or non-alloy steel, containing by weight >= 0,6% carbon, of circular or polygonal cross-section, forged",Iron and steel,2026,3.08741784,,3.08741784,3.396159624,C,true
Türkiye,72072059,"Semi-finished products of iron or non-alloy steel, containing by weight >= 0,6% carbon, of circular or polygonal cross-section, forged",Iron and steel,2027,3.08741784,,3.08741784,3.704901408,C,true
Türkiye,72072059,"Semi-finished products of iron or non-alloy steel, containing by weight >= 0,6% carbon, of circular or polygonal cross-section, forged",Iron and steel,2028,3.08741784,,3.08741784,4.013643192,C,true
Türkiye,72072080,"Semi-finished products of iron or non-alloy steel, containing by weight >= 0,25% carbon (excl. those of square, rectangular, circular or polygonal cross-section)",Iron and steel,2026,2.309671362,,2.309671362,2.5406384982,C,true
Türkiye,72072080,"Semi-finished products of iron or non-alloy steel, containing by weight >= 0,25% carbon (excl. those of square, rectangular, circular or polygonal cross-section)",Iron and steel,2027,2.309671362,,2.309671362,2.7716056344,C,true
Türkiye,72072080,"Semi-finished products of iron or non-alloy steel, containing by weight >= 0,25% carbon (excl. those of square, rectangular, circular or polygonal cross-section)",Iron and steel,2028,2.309671362,,2.309671362,3.0025727706,C,true
Türkiye,7208,"Flat-rolled products of iron or non-alloy steel, of a width >= 600 mm, hot-rolled, not clad, plated or coated",Iron and steel,2026,2.427511737,,2.427511737,2.6702629107,C,true
Türkiye,7208,"Flat-rolled products of iron or non-alloy steel, of a width >= 600 mm, hot-rolled, not clad, plated or coated",Iron and steel,2027,2.427511737,,2.427511737,2.9130140844,C,true
Türkiye,7208,"Flat-rolled products of iron or non-alloy steel, of a width >= 600 mm, hot-rolled, not clad, plated or coated",Iron and steel,2028,2.427511737,,2.427511737,3.1557652581,C,true
Türkiye,7209,"Flat-rolled products of iron or non-alloy steel, of a width of >= 600 mm, cold-rolled ""cold-reduced"", not clad, plated or coated",Iron and steel,2026,2.51,,2.51,2.761,C,true
Türkiye,7209,"Flat-rolled products of iron or non-alloy steel, of a width of >= 600 mm, cold-rolled ""cold-reduced"", not clad, plated or coated",Iron and steel,2027,2.51,,2.51,3.012,C,true
Türkiye,7209,"Flat-rolled products of iron or non-alloy steel, of a width of >= 600 mm, cold-rolled ""cold-reduced"", not clad, plated or coated",Iron and steel,2028,2.51,,2.51,3.263,C,true
Türkiye,7210,"Flat-rolled products of iron or non-alloy steel, of a width >= 600 mm, hot-rolled or cold-rolled ""cold-reduced"", clad, plated or coated",Iron and steel,2026,2.51,,2.51,2.761,C,true
Türkiye,7210,"Flat-rolled products of iron or non-alloy steel, of a width >= 600 mm, hot-rolled or cold-rolled ""cold-reduced"", clad, plated or coated",Iron and steel,2027,2.51,,2.51,3.012,C,true
Türkiye,7210,"Flat-rolled products of iron or non-alloy steel, of a width >= 600 mm, hot-rolled or cold-rolled ""cold-reduced"", clad, plated or coated",Iron and steel,2028,2.51,,2.51,3.263,C,true
Türkiye,7211,"Flat-rolled products of iron or non-alloy steel, of a width of < 600 mm, hot-rolled or cold-rolled ""cold-reduced"", not clad, plated or coated",Iron and steel,2026,,,,,,false
Türkiye,7211,"Flat-rolled products of iron or non-alloy steel, of a width of < 600 mm, hot-rolled or cold-rolled ""cold-reduced"", not clad, plated or coated",Iron and steel,2027,,,,,,false
Türkiye,7211,"Flat-rolled products of iron or non-alloy steel, of a width of < 600 mm, hot-rolled or cold-rolled ""cold-reduced"", not clad, plated or coated",Iron and steel,2028,,,,,,false
Türkiye,72111300,"Flat-rolled products of iron or non-alloy steel, simply hot-rolled on four faces or in a closed box pass, not clad, plated or coated, of a width of > 150 mm but < 600 mm and a thickness of >= 4 mm, not in coils, without patterns in relief, commonly known as ""wide flats""",Iron and steel,2026,2.427511737,,2.427511737,2.6702629107,C,true
Türkiye,72111300,"Flat-rolled products of iron or non-alloy steel, simply hot-rolled on four faces or in a closed box pass, not clad, plated or coated, of a width of > 150 mm but < 600 mm and a thickness of >= 4 mm, not in coils, without patterns in relief, commonly known as ""wide flats""",Iron and steel,2027,2.427511737,,2.427511737,2.9130140844,C,true
Türkiye,72111300,"Flat-rolled products of iron or non-alloy steel, simply hot-rolled on four faces or in a closed box pass, not clad, plated or coated, of a width of > 150 mm but < 600 mm and a thickness of >= 4 mm, not in coils, without patterns in relief, commonly known as ""wide flats""",Iron and steel,2028,2.427511737,,2.427511737,3.1557652581,C,true
Türkiye,72111400,"Flat-rolled products of iron or non-alloy steel, of a width < 600 mm, not further worked than hot-rolled, not clad, plated or coated, of a thickness of >= 4,75 mm (excl. ""wide flats"")",Iron and steel,2026,2.427511737,,2.427511737,2.6702629107,C,true
Türkiye,72111400,"Flat-rolled products of iron or non-alloy steel, of a width < 600 mm, not further worked than hot-rolled, not clad, plated or coated, of a thickness of >= 4,75 mm (excl. ""wide flats"")",Iron and steel,2027,2.427511737,,2.427511737,2.9130140844,C,true
Türkiye,72111400,"Flat-rolled products of iron or non-alloy steel, of a width < 600 mm, not further worked than hot-rolled, not clad, plated or coated, of a thickness of >= 4,75 mm (excl. ""wide flats"")",Iron and steel,2028,2.427511737,,2.427511737,3.1557652581,C,true
Türkiye,72111900,"Flat-rolled products of iron or non-alloy steel, of a width < 600 mm, simply hot-rolled, not clad, plated or coated, of a thickness < 4,75 mm (excl. ""wide flats"")",Iron and steel,2026,2.427511737,,2.427511737,2.6702629107,C,true
Türkiye,72111900,"Flat-rolled products of iron or non-alloy steel, of a width < 600 mm, simply hot-rolled, not clad, plated or coated, of a thickness < 4,75 mm (excl. ""wide flats"")",Iron and steel,2027,2.427511737,,2.427511737,2.9130140844,C,true
Türkiye,72111900,"Flat-rolled products of iron or non-alloy steel, of a width < 600 mm, simply hot-rolled, not clad, plated or coated, of a thickness < 4,75 mm (excl. ""wide flats"")",Iron and steel,2028,2.427511737,,2.427511737,3.1557652581,C,true
Türkiye,721123,"Flat-rolled products of iron or non-alloy steel, of a width of < 600 mm, simply cold-rolled ""cold-reduced"", not clad, plated or coated, containing by weight < 0,25% of carbon",Iron and steel,2026,2.51,,2.51,2.761,C,true
Türkiye,721123,"Flat-rolled products of iron or non-alloy steel, of a width of < 600 mm, simply cold-rolled ""cold-reduced"", not clad, plated or coated, containing by weight < 0,25% of carbon",Iron and steel,2027,2.51,,2.51,3.012,C,true
Türkiye,721123,"Flat-rolled products of iron or non-alloy steel, of a width of < 600 mm, simply cold-rolled ""cold-reduced"", not clad, plated or coated, containing by weight < 0,25% of carbon",Iron and steel,2028,2.51,,2.51,3.263,C,true
Türkiye,72112900,"Flat-rolled products of iron or non-alloy steel, of a width of < 600 mm, simply cold-rolled ""cold-reduced"", not clad, plated or coated, containing by weight >= 0,25% of carbon",Iron and steel,2026,2.51,,2.51,2.761,C,true
Türkiye,72112900,"Flat-rolled products of iron or non-alloy steel, of a width of < 600 mm, simply cold-rolled ""cold-reduced"", not clad, plated or coated, containing by weight >= 0,25% of carbon",Iron and steel,2027,2.51,,2.51,3.012,C,true
Türkiye,72112900,"Flat-rolled products of iron or non-alloy steel, of a width of < 600 mm, simply cold-rolled ""cold-reduced"", not clad, plated or coated, containing by weight >= 0,25% of carbon",Iron and steel,2028,2.51,,2.51,3.263,C,true
Türkiye,721190,"Flat-rolled products of iron or non-alloy steel, of a width of < 600 mm, hot-rolled or cold-rolled ""cold-reduced"" and further worked, but not clad, plated or coated",Iron and steel,2026,2.51,,2.51,2.761,C,true
Türkiye,721190,"Flat-rolled products of iron or non-alloy steel, of a width of < 600 mm, hot-rolled or cold-rolled ""cold-reduced"" and further worked, but not clad, plated or coated",Iron and steel,2027,2.51,,2.51,3.012,C,true
Türkiye,721190,"Flat-rolled products of iron or non-alloy steel, of a width of < 600 mm, hot-rolled or cold-rolled ""cold-reduced"" and further worked, but not clad, plated or coated",Iron and steel,2028,2.51,,2.51,3.263,C,true
Türkiye,7212,"Flat-rolled products of iron or non-alloy steel, of a width of < 600 mm, hot-rolled or cold-rolled ""cold-reduced"", clad, plated or coated",Iron and steel,2026,2.51,,2.51,2.761,C,true
Türkiye,7212,"Flat-rolled products of iron or non-alloy steel, of a width of < 600 mm, hot-rolled or cold-rolled ""cold-reduced"", clad, plated or coated",Iron and steel,2027,2.51,,2.51,3.012,C,true
Türkiye,7212,"Flat-rolled products of iron or non-alloy steel, of a width of < 600 mm, hot-rolled or cold-rolled ""cold-reduced"", clad, plated or coated",Iron and steel,2028,2.51,,2.51,3.263,C,true
Türkiye,7213,"Bars and rods of iron or non-alloy steel, hot-rolled, in irregularly wound coils",Iron and steel,2026,2.309671362,,2.309671362,2.5406384982,C,true
Türkiye,7213,"Bars and rods of iron or non-alloy steel, hot-rolled, in irregularly wound coils",Iron and steel,2027,2.309671362,,2.309671362,2.7716056344,C,true
Türkiye,7213,"Bars and rods of iron or non-alloy steel, hot-rolled, in irregularly wound coils",Iron and steel,2028,2.309671362,,2.309671362,3.0025727706,C,true
Türkiye,7214,"Bars and rods, of iron or non-alloy steel, not further worked than forged, hot-rolled, hot-drawn or hot-extruded, but incl. those twisted after rolling (excl. in irregularly wound coils)",Iron and steel,2026,,,,,,false
Türkiye,7214,"Bars and rods, of iron or non-alloy steel, not further worked than forged, hot-rolled, hot-drawn or hot-extruded, but incl. those twisted after rolling (excl. in irregularly wound coils)",Iron and steel,2027,,,,,,false
Türkiye,7214,"Bars and rods, of iron or non-alloy steel, not further worked than forged, hot-rolled, hot-drawn or hot-extruded, but incl. those twisted after rolling (excl. in irregularly wound coils)",Iron and steel,2028,,,,,,false
Türkiye,72141000,"Bars and rods, of iron or non-alloy steel, not further worked than forged (excl. in irregularly wound coils)",Iron and steel,2026,3.08741784,,3.08741784,3.396159624,C,true
Türkiye,72141000,"Bars and rods, of iron or non-alloy steel, not further worked than forged (excl. in irregularly wound coils)",Iron and steel,2027,3.08741784,,3.08741784,3.704901408,C,true
Türkiye,72141000,"Bars and rods, of iron or non-alloy steel, not further worked than forged (excl. in irregularly wound coils)",Iron and steel,2028,3.08741784,,3.08741784,4.013643192,C,true
Türkiye,72142000,"Bars and rods, of iron or non-alloy steel, with indentations, ribs, groves or other deformations produced during the rolling process",Iron and steel,2026,2.309671362,,2.309671362,2.5406384982,C,true
Türkiye,72142000,"Bars and rods, of iron or non-alloy steel, with indentations, ribs, groves or other deformations produced during the rolling process",Iron and steel,2027,2.309671362,,2.309671362,2.7716056344,C,true
Türkiye,72142000,"Bars and rods, of iron or non-alloy steel, with indentations, ribs, groves or other deformations produced during the rolling process",Iron and steel,2028,2.309671362,,2.309671362,3.0025727706,C,true
Türkiye,72143000,"Bars and rods, of non-alloy free-cutting steel, not further worked than hot-rolled, hot-drawn or hot-extruded (excl. containing indentations, ribs, grooves or other deformations produced during the rolling process or twisted after rolling)",Iron and steel,2026,2.309671362,,2.309671362,2.5406384982,C,true
Türkiye,72143000,"Bars and rods, of non-alloy free-cutting steel, not further worked than hot-rolled, hot-drawn or hot-extruded (excl. containing indentations, ribs, grooves or other deformations produced during the rolling process or twisted after rolling)",Iron and steel,2027,2.309671362,,2.309671362,2.7716056344,C,true
Türkiye,72143000,"Bars and rods, of non-alloy free-cutting steel, not further worked than hot-rolled, hot-drawn or hot-extruded (excl. containing indentations, ribs, grooves or other deformations produced during the rolling process or twisted after rolling)",Iron and steel,2028,2.309671362,,2.309671362,3.0025727706,C,true
Türkiye,721491,"Bars and rods, of iron or non-alloy steel, not further worked than hot-rolled, hot-drawn or hot-extruded, of rectangular ""other than square"" cross-section (excl. containing indentations, ribs, grooves or other deformations produced during the rolling process, bars and rods twisted after rolling and free-cutting steel)",Iron and steel,2026,2.309671362,,2.309671362,2.5406384982,C,true
Türkiye,721491,"Bars and rods, of iron or non-alloy steel, not further worked than hot-rolled, hot-drawn or hot-extruded, of rectangular ""other than square"" cross-section (excl. containing indentations, ribs, grooves or other deformations produced during the rolling process, bars and rods twisted after rolling and free-cutting steel)",Iron and steel,2027,2.309671362,,2.309671362,2.7716056344,C,true
Türkiye,721491,"Bars and rods, of iron or non-alloy steel, not further worked than hot-rolled, hot-drawn or hot-extruded, of rectangular ""other than square"" cross-section (excl. containing indentations, ribs, grooves or other deformations produced during the rolling process, bars and rods twisted after rolling and free-cutting steel)",Iron and steel,2028,2.309671362,,2.309671362,3.0025727706,C,true
Türkiye,721499,"Bars and rods, of iron or non-alloy steel, only hot-rolled, only hot-drawn or only hot-extruded (excl. of rectangular [other than square] cross-section and those containing indentations, ribs, grooves or other deformations produced during the rolling process, and of non-alloy free-cutting steel)",Iron and steel,2026,2.309671362,,2.309671362,2.5406384982,C,true
Türkiye,721499,"Bars and rods, of iron or non-alloy steel, only hot-rolled, only hot-drawn or only hot-extruded (excl. of rectangular [other than square] cross-section and those containing indentations, ribs, grooves or other deformations produced during the rolling process, and of non-alloy free-cutting steel)",Iron and steel,2027,2.309671362,,2.309671362,2.7716056344,C,true
Türkiye,721499,"Bars and rods, of iron or non-alloy steel, only hot-rolled, only hot-drawn or only hot-extruded (excl. of rectangular [other than square] cross-section and those containing indentations, ribs, grooves or other deformations produced during the rolling process, and of non-alloy free-cutting steel)",Iron and steel,2028,2.309671362,,2.309671362,3.0025727706,C,true
Türkiye,7215,"Bars and rods, of iron or non-alloy steel, cold-formed or cold-finished, whether or not further worked, or hot-formed and further worked, n.e.s.",Iron and steel,2026,2.309671362,,2.309671362,2.5406384982,C,true
Türkiye,7215,"Bars and rods, of iron or non-alloy steel, cold-formed or cold-finished, whether or not further worked, or hot-formed and further worked, n.e.s.",Iron and steel,2027,2.309671362,,2.309671362,2.7716056344,C,true
Türkiye,7215,"Bars and rods, of iron or non-alloy steel, cold-formed or cold-finished, whether or not further worked, or hot-formed and further worked, n.e.s.",Iron and steel,2028,2.309671362,,2.309671362,3.0025727706,C,true
Türkiye,7216,"Angles, shapes and sections of iron or non-alloy steel, n.e.s.",Iron and steel,2026,2.309671362,,2.309671362,2.5406384982,C,true
Türkiye,7216,"Angles, shapes and sections of iron or non-alloy steel, n.e.s.",Iron and steel,2027,2.309671362,,2.309671362,2.7716056344,C,true
Türkiye,7216,"Angles, shapes and sections of iron or non-alloy steel, n.e.s.",Iron and steel,2028,2.309671362,,2.309671362,3.0025727706,C,true
Türkiye,7217,"Wire of iron or non-alloy steel, in coils (excl. bars and rods)",Iron and steel,2026,,,,,,false
Türkiye,7217,"Wire of iron or non-alloy steel, in coils (excl. bars and rods)",Iron and steel,2027,,,,,,false
Türkiye,7217,"Wire of iron or non-alloy steel, in coils (excl. bars and rods)",Iron and steel,2028,,,,,,false
Türkiye,721710,"Wire of iron or non-alloy steel, in coils, not plated or coated, whether or not polished (excl. bars and rods)",Iron and steel,2026,2.309671362,,2.309671362,2.5406384982,C,true
Türkiye,721710,"Wire of iron or non-alloy steel, in coils, not plated or coated, whether or not polished (excl. bars and rods)",Iron and steel,2027,2.309671362,,2.309671362,2.7716056344,C,true
Türkiye,721710,"Wire of iron or non-alloy steel, in coils, not plated or coated, whether or not polished (excl. bars and rods)",Iron and steel,2028,2.309671362,,2.309671362,3.0025727706,C,true
Türkiye,721720,"Wire of iron or non-alloy steel, in coils, plated or coated with zinc (excl. bars and rods)",Iron and steel,2026,2.309671362,,2.309671362,2.5406384982,C,true
Türkiye,721720,"Wire of iron or non-alloy steel, in coils, plated or coated with zinc (excl. bars and rods)",Iron and steel,2027,2.309671362,,2.309671362,2.7716056344,C,true
Türkiye,721720,"Wire of iron or non-alloy steel, in coils, plated or coated with zinc (excl. bars and rods)",Iron and steel,2028,2.309671362,,2.309671362,3.0025727706,C,true
Türkiye,721730,"Wire of iron or non-alloy steel, in coils, plated or coated with base metals (excl. plated or coated with zinc, and bars and rods)",Iron and steel,2026,2.309671362,,2.309671362,2.5406384982,C,true
Türkiye,721730,"Wire of iron or non-alloy steel, in coils, plated or coated with base metals (excl. plated or coated with zinc, and bars and rods)",Iron and steel,2027,2.309671362,,2.309671362,2.7716056344,C,true
Türkiye,721730,"Wire of iron or non-alloy steel, in coils, plated or coated with base metals (excl. plated or coated with zinc, and bars and rods)",Iron and steel,2028,2.309671362,,2.309671362,3.0025727706,C,true
Türkiye,721790,"Wire of iron or non-alloy steel, in coils, plated or coated (excl. plated or coated with base metals, and bars and rods)",Iron and steel,2026,2.309671362,,2.309671362,2.5406384982,C,true
Türkiye,721790,"Wire of iron or non-alloy steel, in coils, plated or coated (excl. plated or coated with base metals, and bars and rods)",Iron and steel,2027,2.309671362,,2.309671362,2.7716056344,C,true
Türkiye,721790,"Wire of iron or non-alloy steel, in coils, plated or coated (excl. plated or coated with base metals, and bars and rods)",Iron and steel,2028,2.309671362,,2.309671362,3.0025727706,C,true
Türkiye,7218,Stainless steel in ingots or other primary forms (excl. remelting scrap ingots and products obtained by continuous casting); semi-finished products of stainless steel,Iron and steel,2026,,,,,,false
Türkiye,7218,Stainless steel in ingots or other primary forms (excl. remelting scrap ingots and products obtained by continuous casting); semi-finished products of stainless steel,Iron and steel,2027,,,,,,false
Türkiye,7218,Stainless steel in ingots or other primary forms (excl. remelting scrap ingots and products obtained by continuous casting); semi-finished products of stainless steel,Iron and steel,2028,,,,,,false
Türkiye,72181000,"Steel, stainless, in ingots and other primary forms (excl. waste and scrap in ingot form, and products obtained by continuous casting)",Iron and steel,2026,5.97,,5.97,6.567,,true
Türkiye,72181000,"Steel, stainless, in ingots and other primary forms (excl. waste and scrap in ingot form, and products obtained by continuous casting)",Iron and steel,2027,5.97,,5.97,7.164,,true
Türkiye,72181000,"Steel, stainless, in ingots and other primary forms (excl. waste and scrap in ingot form, and products obtained by continuous casting)",Iron and steel,2028,5.97,,5.97,7.761,,true
Türkiye,721891,"Semi-finished products of stainless steel, of rectangular ""other than square"" cross-section",Iron and steel,2026,5.47,,5.47,6.017,,true
Türkiye,721891,"Semi-finished products of stainless steel, of rectangular ""other than square"" cross-section",Iron and steel,2027,5.47,,5.47,6.564,,true
Türkiye,721891,"Semi-finished products of stainless steel, of rectangular ""other than square"" cross-section",Iron and steel,2028,5.47,,5.47,7.111,,true
Türkiye,72189911,"Semi-finished products of stainless steel, of square cross-section, rolled or obtained by continuous casting",Iron and steel,2026,5.47,,5.47,6.017,,true
Türkiye,72189911,"Semi-finished products of stainless steel, of square cross-section, rolled or obtained by continuous casting",Iron and steel,2027,5.47,,5.47,6.564,,true
Türkiye,72189911,"Semi-finished products of stainless steel, of square cross-section, rolled or obtained by continuous casting",Iron and steel,2028,5.47,,5.47,7.111,,true
Türkiye,72189919,"Semi-finished products of stainless steel, of square cross-section, forged",Iron and steel,2026,5.97,,5.97,6.567,,true
Türkiye,72189919,"Semi-finished products of stainless steel, of square cross-section, forged",Iron and steel,2027,5.97,,5.97,7.164,,true
Türkiye,72189919,"Semi-finished products of stainless steel, of square cross-section, forged",Iron and steel,2028,5.97,,5.97,7.761,,true
Türkiye,72189920,"Semi-finished products of stainless steel, of circular cross-section or of cross-section other than square or rectangular, rolled or obtained by continuous casting",Iron and steel,2026,5.47,,5.47,6.017,,true
Türkiye,72189920,"Semi-finished products of stainless steel, of circular cross-section or of cross-section other than square or rectangular, rolled or obtained by continuous casting",Iron and steel,2027,5.47,,5.47,6.564,,true
Türkiye,72189920,"Semi-finished products of stainless steel, of circular cross-section or of cross-section other than square or rectangular, rolled or obtained by continuous casting",Iron and steel,2028,5.47,,5.47,7.111,,true
Türkiye,72189980,"Semi-finished products of stainless steel, forged (excl. products of square or rectangular cross-section)",Iron and steel,2026,5.97,,5.97,6.567,,true
Türkiye,72189980,"Semi-finished products of stainless steel, forged (excl. products of square or rectangular cross-section)",Iron and steel,2027,5.97,,5.97,7.164,,true
Türkiye,72189980,"Semi-finished products of stainless steel, forged (excl. products of square or rectangular cross-section)",Iron and steel,2028,5.97,,5.97,7.761,,true
Türkiye,7219,"Flat-rolled products of stainless steel, of a width of >= 600 mm, hot-rolled or cold-rolled ""cold-reduced""",Iron and steel,2026,,,,,,false
Türkiye,7219,"Flat-rolled products of stainless steel, of a width of >= 600 mm, hot-rolled or cold-rolled ""cold-reduced""",Iron and steel,2027,,,,,,false
Türkiye,7219,"Flat-rolled products of stainless steel, of a width of >= 600 mm, hot-rolled or cold-rolled ""cold-reduced""",Iron and steel,2028,,,,,,false
Türkiye,72191100,"Flat-rolled products of stainless steel, of a width of >= 600 mm, not further worked than hot-rolled, in coils, of a thickness of > 10 mm",Iron and steel,2026,5.47,,5.47,6.017,,true
Türkiye,72191100,"Flat-rolled products of stainless steel, of a width of >= 600 mm, not further worked than hot-rolled, in coils, of a thickness of > 10 mm",Iron and steel,2027,5.47,,5.47,6.564,,true
Türkiye,72191100,"Flat-rolled products of stainless steel, of a width of >= 600 mm, not further worked than hot-rolled, in coils, of a thickness of > 10 mm",Iron and steel,2028,5.47,,5.47,7.111,,true
Türkiye,721912,"Flat-rolled products of stainless steel, of a width of>= 600 mm, not further worked than hot-rolled, in coils, of a thickness of >= 4,7 mm and <= 10 mm",Iron and steel,2026,5.47,,5.47,6.017,,true
Türkiye,721912,"Flat-rolled products of stainless steel, of a width of>= 600 mm, not further worked than hot-rolled, in coils, of a thickness of >= 4,7 mm and <= 10 mm",Iron and steel,2027,5.47,,5.47,6.564,,true
Türkiye,721912,"Flat-rolled products of stainless steel, of a width of>= 600 mm, not further worked than hot-rolled, in coils, of a thickness of >= 4,7 mm and <= 10 mm",Iron and steel,2028,5.47,,5.47,7.111,,true
Türkiye,721913,"Flat-rolled products of stainless steel, of a width of >= 600 mm, not further worked than hot-rolled, in coils, of a thickness of >= 3 mm and < 4,75 mm",Iron and steel,2026,5.47,,5.47,6.017,,true
Türkiye,721913,"Flat-rolled products of stainless steel, of a width of >= 600 mm, not further worked than hot-rolled, in coils, of a thickness of >= 3 mm and < 4,75 mm",Iron and steel,2027,5.47,,5.47,6.564,,true
Türkiye,721913,"Flat-rolled products of stainless steel, of a width of >= 600 mm, not further worked than hot-rolled, in coils, of a thickness of >= 3 mm and < 4,75 mm",Iron and steel,2028,5.47,,5.47,7.111,,true
Türkiye,721914,"Flat-rolled products of stainless steel, of a width of >= 600 mm, not further worked than hot-rolled, in coils, of a thickness of < 3 mm",Iron and steel,2026,5.47,,5.47,6.017,,true
Türkiye,721914,"Flat-rolled products of stainless steel, of a width of >= 600 mm, not further worked than hot-rolled, in coils, of a thickness of < 3 mm",Iron and steel,2027,5.47,,5.47,6.564,,true
Türkiye,721914,"Flat-rolled products of stainless steel, of a width of >= 600 mm, not further worked than hot-rolled, in coils, of a thickness of < 3 mm",Iron and steel,2028,5.47,,5.47,7.111,,true
Türkiye,721921,"Flat-rolled products of stainless steel, of a width of >= 600 mm, not further worked than hot-rolled, not in coils, of a thickness of > 10 mm",Iron and steel,2026,5.47,,5.47,6.017,,true
Türkiye,721921,"Flat-rolled products of stainless steel, of a width of >= 600 mm, not further worked than hot-rolled, not in coils, of a thickness of > 10 mm",Iron and steel,2027,5.47,,5.47,6.564,,true
Türkiye,721921,"Flat-rolled products of stainless steel, of a width of >= 600 mm, not further worked than hot-rolled, not in coils, of a thickness of > 10 mm",Iron and steel,2028,5.47,,5.47,7.111,,true
Türkiye,721922,"Flat-rolled products of stainless steel, of a width of >= 600 mm, not further worked than hot-rolled, not in coils, of a thickness of >= 4,75 mm and <= 10 mm",Iron and steel,2026,5.47,,5.47,6.017,,true
Türkiye,721922,"Flat-rolled products of stainless steel, of a width of >= 600 mm, not further worked than hot-rolled, not in coils, of a thickness of >= 4,75 mm and <= 10 mm",Iron and steel,2027,5.47,,5.47,6.564,,true
Türkiye,721922,"Flat-rolled products of stainless steel, of a width of >= 600 mm, not further worked than hot-rolled, not in coils, of a thickness of >= 4,75 mm and <= 10 mm",Iron and steel,2028,5.47,,5.47,7.111,,true
Türkiye,72192300,"Flat-rolled products of stainless steel, of a width of >= 600 mm, not further worked than hot-rolled, not in coils, of a thickness of >= 3 mm and < 4,75 mm",Iron and steel,2026,5.47,,5.47,6.017,,true
Türkiye,72192300,"Flat-rolled products of stainless steel, of a width of >= 600 mm, not further worked than hot-rolled, not in coils, of a thickness of >= 3 mm and < 4,75 mm",Iron and steel,2027,5.47,,5.47,6.564,,true
Türkiye,72192300,"Flat-rolled products of stainless steel, of a width of >= 600 mm, not further worked than hot-rolled, not in coils, of a thickness of >= 3 mm and < 4,75 mm",Iron and steel,2028,5.47,,5.47,7.111,,true
Türkiye,72192400,"Flat-rolled products of stainless steel, of a width of >= 600 mm, not further worked than hot-rolled, not in coils, of a thickness of < 3 mm",Iron and steel,2026,5.47,,5.47,6.017,,true
Türkiye,72192400,"Flat-rolled products of stainless steel, of a width of >= 600 mm, not further worked than hot-rolled, not in coils, of a thickness of < 3 mm",Iron and steel,2027,5.47,,5.47,6.564,,true
Türkiye,72192400,"Flat-rolled products of stainless steel, of a width of >= 600 mm, not further worked than hot-rolled, not in coils, of a thickness of < 3 mm",Iron and steel,2028,5.47,,5.47,7.111,,true
Türkiye,72193100,"Flat-rolled products of stainless steel, of a width of >= 600 mm, not further worked than cold-rolled ""cold-reduced"", of a thickness of >= 4,75 mm",Iron and steel,2026,5.54,,5.54,6.094,,true
Türkiye,72193100,"Flat-rolled products of stainless steel, of a width of >= 600 mm, not further worked than cold-rolled ""cold-reduced"", of a thickness of >= 4,75 mm",Iron and steel,2027,5.54,,5.54,6.648,,true
Türkiye,72193100,"Flat-rolled products of stainless steel, of a width of >= 600 mm, not further worked than cold-rolled ""cold-reduced"", of a thickness of >= 4,75 mm",Iron and steel,2028,5.54,,5.54,7.202,,true
Türkiye,721932,"Flat-rolled products of stainless steel, of a width of >= 600 mm, not further worked than cold-rolled ""cold-reduced"", of a thickness of >= 3 mm but < 4,75 mm",Iron and steel,2026,5.54,,5.54,6.094,,true
Türkiye,721932,"Flat-rolled products of stainless steel, of a width of >= 600 mm, not further worked than cold-rolled ""cold-reduced"", of a thickness of >= 3 mm but < 4,75 mm",Iron and steel,2027,5.54,,5.54,6.648,,true
Türkiye,721932,"Flat-rolled products of stainless steel, of a width of >= 600 mm, not further worked than cold-rolled ""cold-reduced"", of a thickness of >= 3 mm but < 4,75 mm",Iron and steel,2028,5.54,,5.54,7.202,,true
Türkiye,721933,"Flat-rolled products of stainless steel, of a width of >= 600 mm, not further worked than cold-rolled ""cold-reduced"", of a thickness of > 1 mm but < 3 mm",Iron and steel,2026,5.54,,5.54,6.094,,true
Türkiye,721933,"Flat-rolled products of stainless steel, of a width of >= 600 mm, not further worked than cold-rolled ""cold-reduced"", of a thickness of > 1 mm but < 3 mm",Iron and steel,2027,5.54,,5.54,6.648,,true
Türkiye,721933,"Flat-rolled products of stainless steel, of a width of >= 600 mm, not further worked than cold-rolled ""cold-reduced"", of a thickness of > 1 mm but < 3 mm",Iron and steel,2028,5.54,,5.54,7.202,,true
Türkiye,721934,"Flat-rolled products of stainless steel, of a width of >= 600 mm, not further worked than cold-rolled ""cold-reduced"", of a thickness of >= 0,5 mm but <= 1 mm",Iron and steel,2026,5.54,,5.54,6.094,,true
Türkiye,721934,"Flat-rolled products of stainless steel, of a width of >= 600 mm, not further worked than cold-rolled ""cold-reduced"", of a thickness of >= 0,5 mm but <= 1 mm",Iron and steel,2027,5.54,,5.54,6.648,,true
Türkiye,721934,"Flat-rolled products of stainless steel, of a width of >= 600 mm, not further worked than cold-rolled ""cold-reduced"", of a thickness of >= 0,5 mm but <= 1 mm",Iron and steel,2028,5.54,,5.54,7.202,,true
Türkiye,721935,"Flat-rolled products of stainless steel, of a width of >= 600 mm, not further worked than cold-rolled ""cold-reduced"", of a thickness of < 0,5 mm",Iron and steel,2026,5.54,,5.54,6.094,,true
Türkiye,721935,"Flat-rolled products of stainless steel, of a width of >= 600 mm, not further worked than cold-rolled ""cold-reduced"", of a thickness of < 0,5 mm",Iron and steel,2027,5.54,,5.54,6.648,,true
Türkiye,721935,"Flat-rolled products of stainless steel, of a width of >= 600 mm, not further worked than cold-rolled ""cold-reduced"", of a thickness of < 0,5 mm",Iron and steel,2028,5.54,,5.54,7.202,,true
Türkiye,721990,"Flat-rolled products of stainless steel, of a width of >= 600 mm, hot-rolled or cold-rolled ""cold-reduced"" and further worked",Iron and steel,2026,5.54,,5.54,6.094,,true
Türkiye,721990,"Flat-rolled products of stainless steel, of a width of >= 600 mm, hot-rolled or cold-rolled ""cold-reduced"" and further worked",Iron and steel,2027,5.54,,5.54,6.648,,true
Türkiye,721990,"Flat-rolled products of stainless steel, of a width of >= 600 mm, hot-rolled or cold-rolled ""cold-reduced"" and further worked",Iron and steel,2028,5.54,,5.54,7.202,,true
Türkiye,7220,"Flat-rolled products of stainless steel, of a width of < 600 mm, hot-rolled or cold-rolled ""cold-reduced""",Iron and steel,2026,,,,,,false
Türkiye,7220,"Flat-rolled products of stainless steel, of a width of < 600 mm, hot-rolled or cold-rolled ""cold-reduced""",Iron and steel,2027,,,,,,false
Türkiye,7220,"Flat-rolled products of stainless steel, of a width of < 600 mm, hot-rolled or cold-rolled ""cold-reduced""",Iron and steel,2028,,,,,,false
Türkiye,72201100,"Flat-rolled products of stainless steel, of a width of < 600 mm, not further worked than hot-rolled, of a thickness of >= 4,75 mm",Iron and steel,2026,5.47,,5.47,6.017,,true
Türkiye,72201100,"Flat-rolled products of stainless steel, of a width of < 600 mm, not further worked than hot-rolled, of a thickness of >= 4,75 mm",Iron and steel,2027,5.47,,5.47,6.564,,true
Türkiye,72201100,"Flat-rolled products of stainless steel, of a width of < 600 mm, not further worked than hot-rolled, of a thickness of >= 4,75 mm",Iron and steel,2028,5.47,,5.47,7.111,,true
Türkiye,72201200,"Flat-rolled products of stainless steel, of a width of < 600 mm, not further worked than hot-rolled, of a thickness of < 4,75 mm",Iron and steel,2026,5.47,,5.47,6.017,,true
Türkiye,72201200,"Flat-rolled products of stainless steel, of a width of < 600 mm, not further worked than hot-rolled, of a thickness of < 4,75 mm",Iron and steel,2027,5.47,,5.47,6.564,,true
Türkiye,72201200,"Flat-rolled products of stainless steel, of a width of < 600 mm, not further worked than hot-rolled, of a thickness of < 4,75 mm",Iron and steel,2028,5.47,,5.47,7.111,,true
Türkiye,722020,"Flat-rolled products of stainless steel, of a width of < 600 mm, not further worked than cold-rolled ""cold-reduced""",Iron and steel,2026,5.54,,5.54,6.094,,true
Türkiye,722020,"Flat-rolled products of stainless steel, of a width of < 600 mm, not further worked than cold-rolled ""cold-reduced""",Iron and steel,2027,5.54,,5.54,6.648,,true
Türkiye,722020,"Flat-rolled products of stainless steel, of a width of < 600 mm, not further worked than cold-rolled ""cold-reduced""",Iron and steel,2028,5.54,,5.54,7.202,,true
Türkiye,722090,"Flat-rolled products of stainless steel, of a width of < 600 mm, hot-rolled or cold-rolled ""cold-reduced"" and further worked",Iron and steel,2026,5.54,,5.54,6.094,,true
Türkiye,722090,"Flat-rolled products of stainless steel, of a width of < 600 mm, hot-rolled or cold-rolled ""cold-reduced"" and further worked",Iron and steel,2027,5.54,,5.54,6.648,,true
Türkiye,722090,"Flat-rolled products of stainless steel, of a width of < 600 mm, hot-rolled or cold-rolled ""cold-reduced"" and further worked",Iron and steel,2028,5.54,,5.54,7.202,,true
Türkiye,7221,"Bars and rods of stainless steel, hot-rolled, in irregularly wound coils",Iron and steel,2026,5.31,,5.31,5.841,,true
Türkiye,7221,"Bars and rods of stainless steel, hot-rolled, in irregularly wound coils",Iron and steel,2027,5.31,,5.31,6.372,,true
Türkiye,7221,"Bars and rods of stainless steel, hot-rolled, in irregularly wound coils",Iron and steel,2028,5.31,,5.31,6.903,,true
Türkiye,7222,"Other bars and rods of stainless steel; angles, shapes and sections of stainless steel, n.e.s.",Iron and steel,2026,,,,,,false
Türkiye,7222,"Other bars and rods of stainless steel; angles, shapes and sections of stainless steel, n.e.s.",Iron and steel,2027,,,,,,false
Türkiye,7222,"Other bars and rods of stainless steel; angles, shapes and sections of stainless steel, n.e.s.",Iron and steel,2028,,,,,,false
Türkiye,722211,"Bars and rods of stainless steel, only hot-rolled, only hot-drawn or only hot-extruded, of circular cross-section",Iron and steel,2026,5.31,,5.31,5.841,,true
Türkiye,722211,"Bars and rods of stainless steel, only hot-rolled, only hot-drawn or only hot-extruded, of circular cross-section",Iron and steel,2027,5.31,,5.31,6.372,,true
Türkiye,722211,"Bars and rods of stainless steel, only hot-rolled, only hot-drawn or only hot-extruded, of circular cross-section",Iron and steel,2028,5.31,,5.31,6.903,,true
Türkiye,722219,"Bars and rods of stainless steel, only hot-rolled, only hot-drawn or only extruded (excl. of circular cross-section)",Iron and steel,2026,5.31,,5.31,5.841,,true
Türkiye,722219,"Bars and rods of stainless steel, only hot-rolled, only hot-drawn or only extruded (excl. of circular cross-section)",Iron and steel,2027,5.31,,5.31,6.372,,true
Türkiye,722219,"Bars and rods of stainless steel, only hot-rolled, only hot-drawn or only extruded (excl. of circular cross-section)",Iron and steel,2028,5.31,,5.31,6.903,,true
Türkiye,722220,"Other bars and rods of stainless steel, not further worked than cold-formed or cold-finished",Iron and steel,2026,5.31,,5.31,5.841,,true
Türkiye,722220,"Other bars and rods of stainless steel, not further worked than cold-formed or cold-finished",Iron and steel,2027,5.31,,5.31,6.372,,true
Türkiye,722220,"Other bars and rods of stainless steel, not further worked than cold-formed or cold-finished",Iron and steel,2028,5.31,,5.31,6.903,,true
Türkiye,722230,"Other bars and rods of stainless steel, cold-formed or cold-finished and further worked, or not further worked than forged, or forged, or hot-formed by other means and further worked, n.e.s.",Iron and steel,2026,5.97,,5.97,6.567,,true
Türkiye,722230,"Other bars and rods of stainless steel, cold-formed or cold-finished and further worked, or not further worked than forged, or forged, or hot-formed by other means and further worked, n.e.s.",Iron and steel,2027,5.97,,5.97,7.164,,true
Türkiye,722230,"Other bars and rods of stainless steel, cold-formed or cold-finished and further worked, or not further worked than forged, or forged, or hot-formed by other means and further worked, n.e.s.",Iron and steel,2028,5.97,,5.97,7.761,,true
Türkiye,722240,"Angles, shapes and sections of stainless steel, n.e.s.",Iron and steel,2026,5.31,,5.31,5.841,,true
Türkiye,722240,"Angles, shapes and sections of stainless steel, n.e.s.",Iron and steel,2027,5.31,,5.31,6.372,,true
Türkiye,722240,"Angles, shapes and sections of stainless steel, n.e.s.",Iron and steel,2028,5.31,,5.31,6.903,,true
Türkiye,7223,"Wire of stainless steel, in coils (excl. bars and rods)",Iron and steel,2026,,,,,,false
Türkiye,7223,"Wire of stainless steel, in coils (excl. bars and rods)",Iron and steel,2027,,,,,,false
Türkiye,7223,"Wire of stainless steel, in coils (excl. bars and rods)",Iron and steel,2028,,,,,,false
Türkiye,722300,"Wire of stainless steel, in coils (excl. bars and rods)",Iron and steel,2026,5.31,,5.31,5.841,,true
Türkiye,722300,"Wire of stainless steel, in coils (excl. bars and rods)",Iron and steel,2027,5.31,,5.31,6.372,,true
Türkiye,722300,"Wire of stainless steel, in coils (excl. bars and rods)",Iron and steel,2028,5.31,,5.31,6.903,,true
Türkiye,7224,"Steel, alloy, other than stainless, in ingots or other primary forms, semi-finished products of alloy steel other than stainless (excl. waste and scrap in ingot form, and products obtained by continuous casting)",Iron and steel,2026,,,,,,false
Türkiye,7224,"Steel, alloy, other than stainless, in ingots or other primary forms, semi-finished products of alloy steel other than stainless (excl. waste and scrap in ingot form, and products obtained by continuous casting)",Iron and steel,2027,,,,,,false
Türkiye,7224,"Steel, alloy, other than stainless, in ingots or other primary forms, semi-finished products of alloy steel other than stainless (excl. waste and scrap in ingot form, and products obtained by continuous casting)",Iron and steel,2028,,,,,,false
Türkiye,722410,"Steel, alloy, other than stainless, in ingots or other primary forms (excl. waste and scrap in ingot form, and products obtained by continuous casting)",Iron and steel,2026,6.95,,6.95,7.645,F,true
Türkiye,722410,"Steel, alloy, other than stainless, in ingots or other primary forms (excl. waste and scrap in ingot form, and products obtained by continuous casting)",Iron and steel,2027,6.95,,6.95,8.34,F,true
Türkiye,722410,"Steel, alloy, other than stainless, in ingots or other primary forms (excl. waste and scrap in ingot form, and products obtained by continuous casting)",Iron and steel,2028,6.95,,6.95,9.035,F,true
Türkiye,72249002,Semi-finished products of tool steel,Iron and steel,2026,6.45,,6.45,7.095,F,true
Türkiye,72249002,Semi-finished products of tool steel,Iron and steel,2027,6.45,,6.45,7.74,F,true
Türkiye,72249002,Semi-finished products of tool steel,Iron and steel,2028,6.45,,6.45,8.385,F,true
Türkiye,72249003,"Semi-finished products of high-speed steel, of square or rectangular cross-section, hot-rolled or obtained by continuous casting the width measuring < twice the thickness",Iron and steel,2026,6.45,,6.45,7.095,F,true
Türkiye,72249003,"Semi-finished products of high-speed steel, of square or rectangular cross-section, hot-rolled or obtained by continuous casting the width measuring < twice the thickness",Iron and steel,2027,6.45,,6.45,7.74,F,true
Türkiye,72249003,"Semi-finished products of high-speed steel, of square or rectangular cross-section, hot-rolled or obtained by continuous casting the width measuring < twice the thickness",Iron and steel,2028,6.45,,6.45,8.385,F,true
Türkiye,72249005,"Semi-finished products of steel containing by weight <= 0,7% of carbon, 0,5% to 1,2% of manganese, 0,6% to 2,3% of silicon, or of steel containing by weight >= 0,0008% of boron with any other element < the minimum content referred to in Note 1 f to chapter 72, of square or rectangular cross-section, hot rolled or obtained by continuous casting, the width measuring < twice the thickness",Iron and steel,2026,6.45,,6.45,7.095,F,true
Türkiye,72249005,"Semi-finished products of steel containing by weight <= 0,7% of carbon, 0,5% to 1,2% of manganese, 0,6% to 2,3% of silicon, or of steel containing by weight >= 0,0008% of boron with any other element < the minimum content referred to in Note 1 f to chapter 72, of square or rectangular cross-section, hot rolled or obtained by continuous casting, the width measuring < twice the thickness",Iron and steel,2027,6.45,,6.45,7.74,F,true
Türkiye,72249005,"Semi-finished products of steel containing by weight <= 0,7% of carbon, 0,5% to 1,2% of manganese, 0,6% to 2,3% of silicon, or of steel containing by weight >= 0,0008% of boron with any other element < the minimum content referred to in Note 1 f to chapter 72, of square or rectangular cross-section, hot rolled or obtained by continuous casting, the width measuring < twice the thickness",Iron and steel,2028,6.45,,6.45,8.385,F,true
Türkiye,72249007,"Semi-finished products of alloy steel other than stainless steel, of square or rectangular cross-section, hot-rolled or obtained by continuous casting, the width measuring < twice the thickness (excl. of tool steel, high-speed steel and articles of subheading 7224.90.05)",Iron and steel,2026,6.45,,6.45,7.095,F,true
Türkiye,72249007,"Semi-finished products of alloy steel other than stainless steel, of square or rectangular cross-section, hot-rolled or obtained by continuous casting, the width measuring < twice the thickness (excl. of tool steel, high-speed steel and articles of subheading 7224.90.05)",Iron and steel,2027,6.45,,6.45,7.74,F,true
Türkiye,72249007,"Semi-finished products of alloy steel other than stainless steel, of square or rectangular cross-section, hot-rolled or obtained by continuous casting, the width measuring < twice the thickness (excl. of tool steel, high-speed steel and articles of subheading 7224.90.05)",Iron and steel,2028,6.45,,6.45,8.385,F,true
Türkiye,72249014,"Semi-finished products of alloy steel other than stainless steel, of square or rectangular cross-section, hot-rolled or obtained by continuous casting, the width measuring >= twice the thickness (excl. of tool steel)",Iron and steel,2026,6.45,,6.45,7.095,F,true
Türkiye,72249014,"Semi-finished products of alloy steel other than stainless steel, of square or rectangular cross-section, hot-rolled or obtained by continuous casting, the width measuring >= twice the thickness (excl. of tool steel)",Iron and steel,2027,6.45,,6.45,7.74,F,true
Türkiye,72249014,"Semi-finished products of alloy steel other than stainless steel, of square or rectangular cross-section, hot-rolled or obtained by continuous casting, the width measuring >= twice the thickness (excl. of tool steel)",Iron and steel,2028,6.45,,6.45,8.385,F,true
Türkiye,72249018,"Semi-finished products of alloy steel other than stainless steel, of square or rectangular cross-section, forged (excl. of tool steel)",Iron and steel,2026,6.95,,6.95,7.645,F,true
Türkiye,72249018,"Semi-finished products of alloy steel other than stainless steel, of square or rectangular cross-section, forged (excl. of tool steel)",Iron and steel,2027,6.95,,6.95,8.34,F,true
Türkiye,72249018,"Semi-finished products of alloy steel other than stainless steel, of square or rectangular cross-section, forged (excl. of tool steel)",Iron and steel,2028,6.95,,6.95,9.035,F,true
Türkiye,72249031,"Semi-finished products of steel containing by weight 0,9% to 1,15% carbon, 0,5% to 2% of chromium and, if present, <= 0,5% of molybdenum, cut into shapes other than square or rectangular, hot-rolled or obtained by continuous casting",Iron and steel,2026,6.45,,6.45,7.095,F,true
Türkiye,72249031,"Semi-finished products of steel containing by weight 0,9% to 1,15% carbon, 0,5% to 2% of chromium and, if present, <= 0,5% of molybdenum, cut into shapes other than square or rectangular, hot-rolled or obtained by continuous casting",Iron and steel,2027,6.45,,6.45,7.74,F,true
Türkiye,72249031,"Semi-finished products of steel containing by weight 0,9% to 1,15% carbon, 0,5% to 2% of chromium and, if present, <= 0,5% of molybdenum, cut into shapes other than square or rectangular, hot-rolled or obtained by continuous casting",Iron and steel,2028,6.45,,6.45,8.385,F,true
Türkiye,72249038,"Semi-finished products of alloy steel, other than stainless steel, cut into shapes other than square or rectangular, hot-rolled or obtained by continuous casting (excl. of tool steel and products containing by weight 0,9% to 1,15% of carbon, 0,5% to 2% of chromium and, if present, <= 0,5% of molybdenum)",Iron and steel,2026,6.45,,6.45,7.095,F,true
Türkiye,72249038,"Semi-finished products of alloy steel, other than stainless steel, cut into shapes other than square or rectangular, hot-rolled or obtained by continuous casting (excl. of tool steel and products containing by weight 0,9% to 1,15% of carbon, 0,5% to 2% of chromium and, if present, <= 0,5% of molybdenum)",Iron and steel,2027,6.45,,6.45,7.74,F,true
Türkiye,72249038,"Semi-finished products of alloy steel, other than stainless steel, cut into shapes other than square or rectangular, hot-rolled or obtained by continuous casting (excl. of tool steel and products containing by weight 0,9% to 1,15% of carbon, 0,5% to 2% of chromium and, if present, <= 0,5% of molybdenum)",Iron and steel,2028,6.45,,6.45,8.385,F,true
Türkiye,72249090,"Semi-finished products of alloy steel, other than stainless steel, forged (excl. of tool steel and products of square or rectangular, circular or polygamol cross-section)",Iron and steel,2026,6.95,,6.95,7.645,F,true
Türkiye,72249090,"Semi-finished products of alloy steel, other than stainless steel, forged (excl. of tool steel and products of square or rectangular, circular or polygamol cross-section)",Iron and steel,2027,6.95,,6.95,8.34,F,true
Türkiye,72249090,"Semi-finished products of alloy steel, other than stainless steel, forged (excl. of tool steel and products of square or rectangular, circular or polygamol cross-section)",Iron and steel,2028,6.95,,6.95,9.035,F,true
Türkiye,7225,"Flat-rolled products of alloy steel other than stainless, of a width of >= 600 mm, hot-rolled or cold-rolled ""cold-reduced""",Iron and steel,2026,,,,,,false
Türkiye,7225,"Flat-rolled products of alloy steel other than stainless, of a width of >= 600 mm, hot-rolled or cold-rolled ""cold-reduced""",Iron and steel,2027,,,,,,false
Türkiye,7225,"Flat-rolled products of alloy steel other than stainless, of a width of >= 600 mm, hot-rolled or cold-rolled ""cold-reduced""",Iron and steel,2028,,,,,,false
Türkiye,72251100,"Flat-rolled products of silicon-electrical steel, of a width of >= 600 mm, grain-oriented",Iron and steel,2026,8.5,,8.5,9.35,C,true
Türkiye,72251100,"Flat-rolled products of silicon-electrical steel, of a width of >= 600 mm, grain-oriented",Iron and steel,2027,8.5,,8.5,10.2,C,true
Türkiye,72251100,"Flat-rolled products of silicon-electrical steel, of a width of >= 600 mm, grain-oriented",Iron and steel,2028,8.5,,8.5,11.05,C,true
Türkiye,72251910,"Flat-rolled products of silicon-electrical steel, of a width of >= 600 mm, hot-rolled",Iron and steel,2026,6.45,,6.45,7.095,C,true
Türkiye,72251910,"Flat-rolled products of silicon-electrical steel, of a width of >= 600 mm, hot-rolled",Iron and steel,2027,6.45,,6.45,7.74,C,true
Türkiye,72251910,"Flat-rolled products of silicon-electrical steel, of a width of >= 600 mm, hot-rolled",Iron and steel,2028,6.45,,6.45,8.385,C,true
Türkiye,72251990,"Flat-rolled products of silicon-electrical steel, of a width of >= 600 mm, cold-rolled ""cold-reduced"", non-grain-oriented",Iron and steel,2026,6.52,,6.52,7.172,F,true
Türkiye,72251990,"Flat-rolled products of silicon-electrical steel, of a width of >= 600 mm, cold-rolled ""cold-reduced"", non-grain-oriented",Iron and steel,2027,6.52,,6.52,7.824,F,true
Türkiye,72251990,"Flat-rolled products of silicon-electrical steel, of a width of >= 600 mm, cold-rolled ""cold-reduced"", non-grain-oriented",Iron and steel,2028,6.52,,6.52,8.476,F,true
Türkiye,722530,"Flat-rolled products of alloy steel other than stainless, of a width of >= 600 mm, not further worked than hot-rolled, in coils (excl. products of silicon-electrical steel)",Iron and steel,2026,6.45,,6.45,7.095,F,true
Türkiye,722530,"Flat-rolled products of alloy steel other than stainless, of a width of >= 600 mm, not further worked than hot-rolled, in coils (excl. products of silicon-electrical steel)",Iron and steel,2027,6.45,,6.45,7.74,F,true
Türkiye,722530,"Flat-rolled products of alloy steel other than stainless, of a width of >= 600 mm, not further worked than hot-rolled, in coils (excl. products of silicon-electrical steel)",Iron and steel,2028,6.45,,6.45,8.385,F,true
Türkiye,722540,"Flat-rolled products of alloy steel other than stainless, of a width of >= 600 mm, not further worked than hot-rolled, not in coils (excl. products of silicon-electrical steel)",Iron and steel,2026,6.45,,6.45,7.095,F,true
Türkiye,722540,"Flat-rolled products of alloy steel other than stainless, of a width of >= 600 mm, not further worked than hot-rolled, not in coils (excl. products of silicon-electrical steel)",Iron and steel,2027,6.45,,6.45,7.74,F,true
Türkiye,722540,"Flat-rolled products of alloy steel other than stainless, of a width of >= 600 mm, not further worked than hot-rolled, not in coils (excl. products of silicon-electrical steel)",Iron and steel,2028,6.45,,6.45,8.385,F,true
Türkiye,722550,"Flat-rolled products of alloy steel other than stainless, of a width of >= 600 mm, not further worked than cold-rolled ""cold-reduced"" (excl. products of silicon-electrical steel)",Iron and steel,2026,6.52,,6.52,7.172,F,true
Türkiye,722550,"Flat-rolled products of alloy steel other than stainless, of a width of >= 600 mm, not further worked than cold-rolled ""cold-reduced"" (excl. products of silicon-electrical steel)",Iron and steel,2027,6.52,,6.52,7.824,F,true
Türkiye,722550,"Flat-rolled products of alloy steel other than stainless, of a width of >= 600 mm, not further worked than cold-rolled ""cold-reduced"" (excl. products of silicon-electrical steel)",Iron and steel,2028,6.52,,6.52,8.476,F,true
Türkiye,72259100,"Flat-rolled products of alloy steel other than stainless, of a width of >= 600 mm, hot-rolled or cold-rolled ""cold-reduced"" and electrolytically plated or coated with zinc (excl. products of silicon-electrical steel)",Iron and steel,2026,6.52,,6.52,7.172,F,true
Türkiye,72259100,"Flat-rolled products of alloy steel other than stainless, of a width of >= 600 mm, hot-rolled or cold-rolled ""cold-reduced"" and electrolytically plated or coated with zinc (excl. products of silicon-electrical steel)",Iron and steel,2027,6.52,,6.52,7.824,F,true
Türkiye,72259100,"Flat-rolled products of alloy steel other than stainless, of a width of >= 600 mm, hot-rolled or cold-rolled ""cold-reduced"" and electrolytically plated or coated with zinc (excl. products of silicon-electrical steel)",Iron and steel,2028,6.52,,6.52,8.476,F,true
Türkiye,72259200,"Flat-rolled products of alloy steel other than stainless, of a width of >= 600 mm, hot-rolled or cold-rolled ""cold-reduced"" and plated or coated with zinc (excl. electrolytically plated or coated and products of silicon-electrical steel)",Iron and steel,2026,6.52,,6.52,7.172,F,true
Türkiye,72259200,"Flat-rolled products of alloy steel other than stainless, of a width of >= 600 mm, hot-rolled or cold-rolled ""cold-reduced"" and plated or coated with zinc (excl. electrolytically plated or coated and products of silicon-electrical steel)",Iron and steel,2027,6.52,,6.52,7.824,F,true
Türkiye,72259200,"Flat-rolled products of alloy steel other than stainless, of a width of >= 600 mm, hot-rolled or cold-rolled ""cold-reduced"" and plated or coated with zinc (excl. electrolytically plated or coated and products of silicon-electrical steel)",Iron and steel,2028,6.52,,6.52,8.476,F,true
Türkiye,72259900,"Flat-rolled products of alloy steel other than stainless, of a width of >= 600 mm, hot-rolled or cold-rolled ""cold-reduced"" and further worked (excl. plated or coated with zinc and products of silicon-electrical steel)",Iron and steel,2026,6.52,,6.52,7.172,F,true
Türkiye,72259900,"Flat-rolled products of alloy steel other than stainless, of a width of >= 600 mm, hot-rolled or cold-rolled ""cold-reduced"" and further worked (excl. plated or coated with zinc and products of silicon-electrical steel)",Iron and steel,2027,6.52,,6.52,7.824,F,true
Türkiye,72259900,"Flat-rolled products of alloy steel other than stainless, of a width of >= 600 mm, hot-rolled or cold-rolled ""cold-reduced"" and further worked (excl. plated or coated with zinc and products of silicon-electrical steel)",Iron and steel,2028,6.52,,6.52,8.476,F,true
Türkiye,7226,"Flat-rolled products of alloy steel other than stainless, of a width of < 600 mm, hot-rolled or cold-rolled ""cold-reduced""",Iron and steel,2026,,,,,,false
Türkiye,7226,"Flat-rolled products of alloy steel other than stainless, of a width of < 600 mm, hot-rolled or cold-rolled ""cold-reduced""",Iron and steel,2027,,,,,,false
Türkiye,7226,"Flat-rolled products of alloy steel other than stainless, of a width of < 600 mm, hot-rolled or cold-rolled ""cold-reduced""",Iron and steel,2028,,,,,,false
Türkiye,72261100,"Flat-rolled products of silicon-electrical steel, of a width of < 600 mm, hot-rolled or cold-rolled ""cold-reduced"", grain-oriented",Iron and steel,2026,8.5,,8.5,9.35,C,true
Türkiye,72261100,"Flat-rolled products of silicon-electrical steel, of a width of < 600 mm, hot-rolled or cold-rolled ""cold-reduced"", grain-oriented",Iron and steel,2027,8.5,,8.5,10.2,C,true
Türkiye,72261100,"Flat-rolled products of silicon-electrical steel, of a width of < 600 mm, hot-rolled or cold-rolled ""cold-reduced"", grain-oriented",Iron and steel,2028,8.5,,8.5,11.05,C,true
Türkiye,72261910,"Flat-rolled products of silicon-electrical steel, of a width of < 600 mm, not further worked than hot-rolled",Iron and steel,2026,6.45,,6.45,7.095,C,true
Türkiye,72261910,"Flat-rolled products of silicon-electrical steel, of a width of < 600 mm, not further worked than hot-rolled",Iron and steel,2027,6.45,,6.45,7.74,C,true
Türkiye,72261910,"Flat-rolled products of silicon-electrical steel, of a width of < 600 mm, not further worked than hot-rolled",Iron and steel,2028,6.45,,6.45,8.385,C,true
Türkiye,72261980,"Flat-rolled products of silicon-electrical steel, of a width of < 600 mm, cold-rolled ""cold-reduced"", whether or not further worked, or hot-rolled and further worked, non-grain-oriented",Iron and steel,2026,6.52,,6.52,7.172,F,true
Türkiye,72261980,"Flat-rolled products of silicon-electrical steel, of a width of < 600 mm, cold-rolled ""cold-reduced"", whether or not further worked, or hot-rolled and further worked, non-grain-oriented",Iron and steel,2027,6.52,,6.52,7.824,F,true
Türkiye,72261980,"Flat-rolled products of silicon-electrical steel, of a width of < 600 mm, cold-rolled ""cold-reduced"", whether or not further worked, or hot-rolled and further worked, non-grain-oriented",Iron and steel,2028,6.52,,6.52,8.476,F,true
Türkiye,72262000,"Flat-rolled products of high-speed steel, of a width of <= 600 mm, hot-rolled or cold-rolled ""cold-reduced""",Iron and steel,2026,6.45,,6.45,7.095,F,true
Türkiye,72262000,"Flat-rolled products of high-speed steel, of a width of <= 600 mm, hot-rolled or cold-rolled ""cold-reduced""",Iron and steel,2027,6.45,,6.45,7.74,F,true
Türkiye,72262000,"Flat-rolled products of high-speed steel, of a width of <= 600 mm, hot-rolled or cold-rolled ""cold-reduced""",Iron and steel,2028,6.45,,6.45,8.385,F,true
Türkiye,722691,"Flat-rolled products of alloy steel other than stainless, of a width of < 600 mm, not further worked than hot-rolled (excl. products of high-speed steel or silicon-electrical steel)",Iron and steel,2026,6.45,,6.45,7.095,F,true
Türkiye,722691,"Flat-rolled products of alloy steel other than stainless, of a width of < 600 mm, not further worked than hot-rolled (excl. products of high-speed steel or silicon-electrical steel)",Iron and steel,2027,6.45,,6.45,7.74,F,true
Türkiye,722691,"Flat-rolled products of alloy steel other than stainless, of a width of < 600 mm, not further worked than hot-rolled (excl. products of high-speed steel or silicon-electrical steel)",Iron and steel,2028,6.45,,6.45,8.385,F,true
Türkiye,72269200,"Flat-rolled products of alloy steel other than stainless, of a width of < 600 mm, not further worked than cold-rolled ""cold-reduced"" (excl. products of high-speed steel or silicon-electrical steel)",Iron and steel,2026,6.52,,6.52,7.172,F,true
Türkiye,72269200,"Flat-rolled products of alloy steel other than stainless, of a width of < 600 mm, not further worked than cold-rolled ""cold-reduced"" (excl. products of high-speed steel or silicon-electrical steel)",Iron and steel,2027,6.52,,6.52,7.824,F,true
Türkiye,72269200,"Flat-rolled products of alloy steel other than stainless, of a width of < 600 mm, not further worked than cold-rolled ""cold-reduced"" (excl. products of high-speed steel or silicon-electrical steel)",Iron and steel,2028,6.52,,6.52,8.476,F,true
Türkiye,722699,"Flat-rolled products of alloy steel other than stainless, of a width of < 600 mm, hot-rolled or cold-rolled ""cold-reduced"" and further worked (excl. products of high-speed steel or silicon-electrical steel)",Iron and steel,2026,6.52,,6.52,7.172,F,true
Türkiye,722699,"Flat-rolled products of alloy steel other than stainless, of a width of < 600 mm, hot-rolled or cold-rolled ""cold-reduced"" and further worked (excl. products of high-speed steel or silicon-electrical steel)",Iron and steel,2027,6.52,,6.52,7.824,F,true
Türkiye,722699,"Flat-rolled products of alloy steel other than stainless, of a width of < 600 mm, hot-rolled or cold-rolled ""cold-reduced"" and further worked (excl. products of high-speed steel or silicon-electrical steel)",Iron and steel,2028,6.52,,6.52,8.476,F,true
Türkiye,7227,"Bars and rods of alloy steel other than stainless, hot-rolled, in irregularly wound coils",Iron and steel,2026,6.29,,6.29,6.919,C/F,true
Türkiye,7227,"Bars and rods of alloy steel other than stainless, hot-rolled, in irregularly wound coils",Iron and steel,2027,6.29,,6.29,7.548,C/F,true
Türkiye,7227,"Bars and rods of alloy steel other than stainless, hot-rolled, in irregularly wound coils",Iron and steel,2028,6.29,,6.29,8.177,C/F,true
Türkiye,7228,"Other bars and rods of alloy steel other than stainless, angles, shapes and sections of alloy steel other than stainless, n.e.s.; hollow drill bars and rods, of alloy or non-alloy steel",Iron and steel,2026,,,,,,false
Türkiye,7228,"Other bars and rods of alloy steel other than stainless, angles, shapes and sections of alloy steel other than stainless, n.e.s.; hollow drill bars and rods, of alloy or non-alloy steel",Iron and steel,2027,,,,,,false
Türkiye,7228,"Other bars and rods of alloy steel other than stainless, angles, shapes and sections of alloy steel other than stainless, n.e.s.; hollow drill bars and rods, of alloy or non-alloy steel",Iron and steel,2028,,,,,,false
Türkiye,72281020,"Bars and rods of high-speed steel, not further worked than hot-rolled, hot-drawn or extruded, and hot-rolled, hot-drawn or extruded, not further worked than clad (excl. semi-finished products, flat-rolled products and hot-rolled bars and rods in irregularly wound coils)",Iron and steel,2026,6.29,,6.29,6.919,F,true
Türkiye,72281020,"Bars and rods of high-speed steel, not further worked than hot-rolled, hot-drawn or extruded, and hot-rolled, hot-drawn or extruded, not further worked than clad (excl. semi-finished products, flat-rolled products and hot-rolled bars and rods in irregularly wound coils)",Iron and steel,2027,6.29,,6.29,7.548,F,true
Türkiye,72281020,"Bars and rods of high-speed steel, not further worked than hot-rolled, hot-drawn or extruded, and hot-rolled, hot-drawn or extruded, not further worked than clad (excl. semi-finished products, flat-rolled products and hot-rolled bars and rods in irregularly wound coils)",Iron and steel,2028,6.29,,6.29,8.177,F,true
Türkiye,72281050,"Bars and rods of high-speed steel, forged (excl. semi-finished products, flat-rolled products and hot-rolled bars and rods in irregularly wound coils)",Iron and steel,2026,6.95,,6.95,7.645,F,true
Türkiye,72281050,"Bars and rods of high-speed steel, forged (excl. semi-finished products, flat-rolled products and hot-rolled bars and rods in irregularly wound coils)",Iron and steel,2027,6.95,,6.95,8.34,F,true
Türkiye,72281050,"Bars and rods of high-speed steel, forged (excl. semi-finished products, flat-rolled products and hot-rolled bars and rods in irregularly wound coils)",Iron and steel,2028,6.95,,6.95,9.035,F,true
Türkiye,72281090,"Bars and rods of high-speed steel, not further worked than cold-formed or cold-finished, whether or not further worked, or hot-formed and further worked (excl. forged products, semi-finished products, flat-rolled products and hot-rolled bars and rods in irregularly wound coils)",Iron and steel,2026,6.29,,6.29,6.919,F,true
Türkiye,72281090,"Bars and rods of high-speed steel, not further worked than cold-formed or cold-finished, whether or not further worked, or hot-formed and further worked (excl. forged products, semi-finished products, flat-rolled products and hot-rolled bars and rods in irregularly wound coils)",Iron and steel,2027,6.29,,6.29,7.548,F,true
Türkiye,72281090,"Bars and rods of high-speed steel, not further worked than cold-formed or cold-finished, whether or not further worked, or hot-formed and further worked (excl. forged products, semi-finished products, flat-rolled products and hot-rolled bars and rods in irregularly wound coils)",Iron and steel,2028,6.29,,6.29,8.177,F,true
Türkiye,722820,"Bars and rods of silico-manganese steel (excl. semi-finished products, flat-rolled products and hot-rolled bars and rods in irregularly wound coils)",Iron and steel,2026,6.29,,6.29,6.919,F,true
Türkiye,722820,"Bars and rods of silico-manganese steel (excl. semi-finished products, flat-rolled products and hot-rolled bars and rods in irregularly wound coils)",Iron and steel,2027,6.29,,6.29,7.548,F,true
Türkiye,722820,"Bars and rods of silico-manganese steel (excl. semi-finished products, flat-rolled products and hot-rolled bars and rods in irregularly wound coils)",Iron and steel,2028,6.29,,6.29,8.177,F,true
Türkiye,722830,"Bars and rods of alloy steel other than stainless, not further worked than hot-rolled, hot-drawn or extruded (excl. products of high-speed steel or silico-manganese steel, semi-finished products, flat-rolled products and hot-rolled bars and rods in irregularly wound coils)",Iron and steel,2026,6.29,,6.29,6.919,C/F,true
Türkiye,722830,"Bars and rods of alloy steel other than stainless, not further worked than hot-rolled, hot-drawn or extruded (excl. products of high-speed steel or silico-manganese steel, semi-finished products, flat-rolled products and hot-rolled bars and rods in irregularly wound coils)",Iron and steel,2027,6.29,,6.29,7.548,C/F,true
Türkiye,722830,"Bars and rods of alloy steel other than stainless, not further worked than hot-rolled, hot-drawn or extruded (excl. products of high-speed steel or silico-manganese steel, semi-finished products, flat-rolled products and hot-rolled bars and rods in irregularly wound coils)",Iron and steel,2028,6.29,,6.29,8.177,C/F,true
Türkiye,722840,"Bars and rods of alloy steel other than stainless, not further worked than forged (excl. products of high-speed steel or silico-manganese steel, semi-finished products, flat-rolled products and hot-rolled bars and rods in irregularly wound coils)",Iron and steel,2026,6.95,,6.95,7.645,F,true
Türkiye,722840,"Bars and rods of alloy steel other than stainless, not further worked than forged (excl. products of high-speed steel or silico-manganese steel, semi-finished products, flat-rolled products and hot-rolled bars and rods in irregularly wound coils)",Iron and steel,2027,6.95,,6.95,8.34,F,true
Türkiye,722840,"Bars and rods of alloy steel other than stainless, not further worked than forged (excl. products of high-speed steel or silico-manganese steel, semi-finished products, flat-rolled products and hot-rolled bars and rods in irregularly wound coils)",Iron and steel,2028,6.95,,6.95,9.035,F,true
Türkiye,722850,"Bars and rods of alloy steel other than stainless, not further worked than cold-formed or cold-finished (excl. products of high-speed steel or silico-manganese steel, semi-finished products, flat-rolled products and hot-rolled bars and rods in irregularly wound coils)",Iron and steel,2026,6.29,,6.29,6.919,C/F,true
Türkiye,722850,"Bars and rods of alloy steel other than stainless, not further worked than cold-formed or cold-finished (excl. products of high-speed steel or silico-manganese steel, semi-finished products, flat-rolled products and hot-rolled bars and rods in irregularly wound coils)",Iron and steel,2027,6.29,,6.29,7.548,C/F,true
Türkiye,722850,"Bars and rods of alloy steel other than stainless, not further worked than cold-formed or cold-finished (excl. products of high-speed steel or silico-manganese steel, semi-finished products, flat-rolled products and hot-rolled bars and rods in irregularly wound coils)",Iron and steel,2028,6.29,,6.29,8.177,C/F,true
Türkiye,722860,"Bars and rods of alloy steel other than stainless, cold-formed or cold-finished and further worked or hot-formed and further worked, n.e.s. (excl. products of high-speed steel or silico-manganese steel, semi-finished products, flat-rolled products and hot-rolled bars and rods in irregularly wound coils)",Iron and steel,2026,6.29,,6.29,6.919,F,true
Türkiye,722860,"Bars and rods of alloy steel other than stainless, cold-formed or cold-finished and further worked or hot-formed and further worked, n.e.s. (excl. products of high-speed steel or silico-manganese steel, semi-finished products, flat-rolled products and hot-rolled bars and rods in irregularly wound coils)",Iron and steel,2027,6.29,,6.29,7.548,F,true
Türkiye,722860,"Bars and rods of alloy steel other than stainless, cold-formed or cold-finished and further worked or hot-formed and further worked, n.e.s. (excl. products of high-speed steel or silico-manganese steel, semi-finished products, flat-rolled products and hot-rolled bars and rods in irregularly wound coils)",Iron and steel,2028,6.29,,6.29,8.177,F,true
Türkiye,722870,"Angles, shapes and sections of alloy steel other than stainless, n.e.s.",Iron and steel,2026,6.29,,6.29,6.919,F,true
Türkiye,722870,"Angles, shapes and sections of alloy steel other than stainless, n.e.s.",Iron and steel,2027,6.29,,6.29,7.548,F,true
Türkiye,722870,"Angles, shapes and sections of alloy steel other than stainless, n.e.s.",Iron and steel,2028,6.29,,6.29,8.177,F,true
Türkiye,72288000,"Hollow drill bars and rods, of alloy or non-alloy steel",Iron and steel,2026,6.29,,6.29,6.919,F,true
Türkiye,72288000,"Hollow drill bars and rods, of alloy or non-alloy steel",Iron and steel,2027,6.29,,6.29,7.548,F,true
Türkiye,72288000,"Hollow drill bars and rods, of alloy or non-alloy steel",Iron and steel,2028,6.29,,6.29,8.177,F,true
Türkiye,7229,"Wire of alloy steel other than stainless, in coils (excl. bars and rods)",Iron and steel,2026,6.29,,6.29,6.919,C/F,true
Türkiye,7229,"Wire of alloy steel other than stainless, in coils (excl. bars and rods)",Iron and steel,2027,6.29,,6.29,7.548,C/F,true
Türkiye,7229,"Wire of alloy steel other than stainless, in coils (excl. bars and rods)",Iron and steel,2028,6.29,,6.29,8.177,C/F,true
Türkiye,7301,"Sheet piling of iron or steel, whether or not drilled, punched or made from assembled elements; welded angles, shapes and sections, of iron or steel",Iron and steel,2026,2.51,,2.51,2.761,C,true
Türkiye,7301,"Sheet piling of iron or steel, whether or not drilled, punched or made from assembled elements; welded angles, shapes and sections, of iron or steel",Iron and steel,2027,2.51,,2.51,3.012,C,true
Türkiye,7301,"Sheet piling of iron or steel, whether or not drilled, punched or made from assembled elements; welded angles, shapes and sections, of iron or steel",Iron and steel,2028,2.51,,2.51,3.263,C,true
Türkiye,7302,"Railway or tramway track construction material of iron or steel, the following : rails, check-rails and rack rails, switch blades, crossing frogs, point rods and other crossing pieces, sleepers ""cross-ties"", fish-plates, chairs, chair wedges, sole plates ""base plates"", rail clips, bedplates, ties and other material specialised for jointing or fixing rails",Iron and steel,2026,5.36,,5.36,5.896,C,true
Türkiye,7302,"Railway or tramway track construction material of iron or steel, the following : rails, check-rails and rack rails, switch blades, crossing frogs, point rods and other crossing pieces, sleepers ""cross-ties"", fish-plates, chairs, chair wedges, sole plates ""base plates"", rail clips, bedplates, ties and other material specialised for jointing or fixing rails",Iron and steel,2027,5.36,,5.36,6.432,C,true
Türkiye,7302,"Railway or tramway track construction material of iron or steel, the following : rails, check-rails and rack rails, switch blades, crossing frogs, point rods and other crossing pieces, sleepers ""cross-ties"", fish-plates, chairs, chair wedges, sole plates ""base plates"", rail clips, bedplates, ties and other material specialised for jointing or fixing rails",Iron and steel,2028,5.36,,5.36,6.968,C,true
Türkiye,7303,"Tubes, pipes and hollow profiles, of cast iron",Iron and steel,2026,,,,,,false
Türkiye,7303,"Tubes, pipes and hollow profiles, of cast iron",Iron and steel,2027,,,,,,false
Türkiye,7303,"Tubes, pipes and hollow profiles, of cast iron",Iron and steel,2028,,,,,,false
Türkiye,730300,"Tubes, pipes and hollow profiles, of cast iron",Iron and steel,2026,2.48,,2.48,2.728,,true
Türkiye,730300,"Tubes, pipes and hollow profiles, of cast iron",Iron and steel,2027,2.48,,2.48,2.976,,true
Türkiye,730300,"Tubes, pipes and hollow profiles, of cast iron",Iron and steel,2028,2.48,,2.48,3.224,,true
Türkiye,7304,"Tubes, pipes and hollow profiles, seamless, of iron or steel (excl. products of cast iron)",Iron and steel,2026,,,,,,false
Türkiye,7304,"Tubes, pipes and hollow profiles, seamless, of iron or steel (excl. products of cast iron)",Iron and steel,2027,,,,,,false
Türkiye,7304,"Tubes, pipes and hollow profiles, seamless, of iron or steel (excl. products of cast iron)",Iron and steel,2028,,,,,,false
Türkiye,73041100,"Line pipe of a kind used for oil or gas pipelines, seamless, of stainless steel",Iron and steel,2026,5.69,,5.69,6.259,,true
Türkiye,73041100,"Line pipe of a kind used for oil or gas pipelines, seamless, of stainless steel",Iron and steel,2027,5.69,,5.69,6.828,,true
Türkiye,73041100,"Line pipe of a kind used for oil or gas pipelines, seamless, of stainless steel",Iron and steel,2028,5.69,,5.69,7.397,,true
Türkiye,730419,"Line pipe of a kind used for oil or gas pipelines, seamless, of iron or steel (excl. products of stainless steel or of cast iron)",Iron and steel,2026,2.34,,2.34,2.574,C,true
Türkiye,730419,"Line pipe of a kind used for oil or gas pipelines, seamless, of iron or steel (excl. products of stainless steel or of cast iron)",Iron and steel,2027,2.34,,2.34,2.808,C,true
Türkiye,730419,"Line pipe of a kind used for oil or gas pipelines, seamless, of iron or steel (excl. products of stainless steel or of cast iron)",Iron and steel,2028,2.34,,2.34,3.042,C,true
Türkiye,73042200,"Drill pipe, seamless, of stainless steel, of a kind used in drilling for oil or gas",Iron and steel,2026,5.69,,5.69,6.259,,true
Türkiye,73042200,"Drill pipe, seamless, of stainless steel, of a kind used in drilling for oil or gas",Iron and steel,2027,5.69,,5.69,6.828,,true
Türkiye,73042200,"Drill pipe, seamless, of stainless steel, of a kind used in drilling for oil or gas",Iron and steel,2028,5.69,,5.69,7.397,,true
Türkiye,73042300,"Drill pipe, seamless, of a kind used in drilling for oil or gas, of iron or steel (excl. products of stainless steel or of cast iron)",Iron and steel,2026,2.34,,2.34,2.574,C,true
Türkiye,73042300,"Drill pipe, seamless, of a kind used in drilling for oil or gas, of iron or steel (excl. products of stainless steel or of cast iron)",Iron and steel,2027,2.34,,2.34,2.808,C,true
Türkiye,73042300,"Drill pipe, seamless, of a kind used in drilling for oil or gas, of iron or steel (excl. products of stainless steel or of cast iron)",Iron and steel,2028,2.34,,2.34,3.042,C,true
Türkiye,73042400,"Casing and tubing, seamless, of a kind used for drilling for oil or gas, of stainless steel",Iron and steel,2026,5.69,,5.69,6.259,,true
Türkiye,73042400,"Casing and tubing, seamless, of a kind used for drilling for oil or gas, of stainless steel",Iron and steel,2027,5.69,,5.69,6.828,,true
Türkiye,73042400,"Casing and tubing, seamless, of a kind used for drilling for oil or gas, of stainless steel",Iron and steel,2028,5.69,,5.69,7.397,,true
Türkiye,730429,"Casing and tubing, seamless, of iron or steel, of a kind used in drilling for oil or gas (excl. products of cast iron)",Iron and steel,2026,2.34,,2.34,2.574,C,true
Türkiye,730429,"Casing and tubing, seamless, of iron or steel, of a kind used in drilling for oil or gas (excl. products of cast iron)",Iron and steel,2027,2.34,,2.34,2.808,C,true
Türkiye,730429,"Casing and tubing, seamless, of iron or steel, of a kind used in drilling for oil or gas (excl. products of cast iron)",Iron and steel,2028,2.34,,2.34,3.042,C,true
Türkiye,730431,"Tubes, pipes and hollow profiles, seamless, of circular cross-section, of iron or non-alloy steel, cold-drawn or cold-rolled ""cold-reduced"" (excl. cast iron products and line pipe of a kind used for oil or gas pipelines or casing and tubing of a kind used for drilling for oil or gas)",Iron and steel,2026,2.34,,2.34,2.574,C,true
Türkiye,730431,"Tubes, pipes and hollow profiles, seamless, of circular cross-section, of iron or non-alloy steel, cold-drawn or cold-rolled ""cold-reduced"" (excl. cast iron products and line pipe of a kind used for oil or gas pipelines or casing and tubing of a kind used for drilling for oil or gas)",Iron and steel,2027,2.34,,2.34,2.808,C,true
Türkiye,730431,"Tubes, pipes and hollow profiles, seamless, of circular cross-section, of iron or non-alloy steel, cold-drawn or cold-rolled ""cold-reduced"" (excl. cast iron products and line pipe of a kind used for oil or gas pipelines or casing and tubing of a kind used for drilling for oil or gas)",Iron and steel,2028,2.34,,2.34,3.042,C,true
Türkiye,730439,"Tubes, pipes and hollow profiles, seamless, of circular cross-section, of iron or non-alloy steel, not cold-drawn or cold-rolled ""cold-reduced"" (excl. cast iron products, line pipe of a kind used for oil or gas pipelines, casing and tubing of a kind used for drilling for oil or gas)",Iron and steel,2026,2.34,,2.34,2.574,C,true
Türkiye,730439,"Tubes, pipes and hollow profiles, seamless, of circular cross-section, of iron or non-alloy steel, not cold-drawn or cold-rolled ""cold-reduced"" (excl. cast iron products, line pipe of a kind used for oil or gas pipelines, casing and tubing of a kind used for drilling for oil or gas)",Iron and steel,2027,2.34,,2.34,2.808,C,true
Türkiye,730439,"Tubes, pipes and hollow profiles, seamless, of circular cross-section, of iron or non-alloy steel, not cold-drawn or cold-rolled ""cold-reduced"" (excl. cast iron products, line pipe of a kind used for oil or gas pipelines, casing and tubing of a kind used for drilling for oil or gas)",Iron and steel,2028,2.34,,2.34,3.042,C,true
Türkiye,73044100,"Tubes, pipes and hollow profiles, seamless, of circular cross-section, of stainless steel, cold-drawn or cold-rolled ""cold-reduced"" (excl. line pipe of a kind used for oil or gas pipelines, casing and tubing of a kind used for drilling for oil or gas)",Iron and steel,2026,5.69,,5.69,6.259,,true
Türkiye,73044100,"Tubes, pipes and hollow profiles, seamless, of circular cross-section, of stainless steel, cold-drawn or cold-rolled ""cold-reduced"" (excl. line pipe of a kind used for oil or gas pipelines, casing and tubing of a kind used for drilling for oil or gas)",Iron and steel,2027,5.69,,5.69,6.828,,true
Türkiye,73044100,"Tubes, pipes and hollow profiles, seamless, of circular cross-section, of stainless steel, cold-drawn or cold-rolled ""cold-reduced"" (excl. line pipe of a kind used for oil or gas pipelines, casing and tubing of a kind used for drilling for oil or gas)",Iron and steel,2028,5.69,,5.69,7.397,,true
Türkiye,730449,"Tubes, pipes and hollow profiles, seamless, of circular cross-section, of stainless steel, not cold-drawn or cold-rolled ""cold-reduced"" (excl. line pipe of a kind used for oil or gas pipelines or of a kind used for drilling for oil or gas)",Iron and steel,2026,5.69,,5.69,6.259,,true
Türkiye,730449,"Tubes, pipes and hollow profiles, seamless, of circular cross-section, of stainless steel, not cold-drawn or cold-rolled ""cold-reduced"" (excl. line pipe of a kind used for oil or gas pipelines or of a kind used for drilling for oil or gas)",Iron and steel,2027,5.69,,5.69,6.828,,true
Türkiye,730449,"Tubes, pipes and hollow profiles, seamless, of circular cross-section, of stainless steel, not cold-drawn or cold-rolled ""cold-reduced"" (excl. line pipe of a kind used for oil or gas pipelines or of a kind used for drilling for oil or gas)",Iron and steel,2028,5.69,,5.69,7.397,,true
Türkiye,730451,"Tubes, pipes and hollow profiles, seamless, of circular cross-section, of alloy steel other than stainless, cold-drawn or cold-rolled ""cold-reduced"" (excl. line pipe of a kind used for oil or gas pipelines, casing and tubing of a kind used for drilling for oil)",Iron and steel,2026,2.36,,2.36,2.596,F,true
Türkiye,730451,"Tubes, pipes and hollow profiles, seamless, of circular cross-section, of alloy steel other than stainless, cold-drawn or cold-rolled ""cold-reduced"" (excl. line pipe of a kind used for oil or gas pipelines, casing and tubing of a kind used for drilling for oil)",Iron and steel,2027,2.36,,2.36,2.832,F,true
Türkiye,730451,"Tubes, pipes and hollow profiles, seamless, of circular cross-section, of alloy steel other than stainless, cold-drawn or cold-rolled ""cold-reduced"" (excl. line pipe of a kind used for oil or gas pipelines, casing and tubing of a kind used for drilling for oil)",Iron and steel,2028,2.36,,2.36,3.068,F,true
Türkiye,730459,"Tubes, pipes and hollow profiles, seamless, of circular cross-section, of alloy steel other than stainless, not cold-drawn or cold-rolled ""cold-reduced"" (excl. line pipe of a kind used for oil or gas pipelines, casing and tubing of a kind used for drilling for oil)",Iron and steel,2026,2.36,,2.36,2.596,C/F,true
Türkiye,730459,"Tubes, pipes and hollow profiles, seamless, of circular cross-section, of alloy steel other than stainless, not cold-drawn or cold-rolled ""cold-reduced"" (excl. line pipe of a kind used for oil or gas pipelines, casing and tubing of a kind used for drilling for oil)",Iron and steel,2027,2.36,,2.36,2.832,C/F,true
Türkiye,730459,"Tubes, pipes and hollow profiles, seamless, of circular cross-section, of alloy steel other than stainless, not cold-drawn or cold-rolled ""cold-reduced"" (excl. line pipe of a kind used for oil or gas pipelines, casing and tubing of a kind used for drilling for oil)",Iron and steel,2028,2.36,,2.36,3.068,C/F,true
Türkiye,73049000,"Tubes, pipes and hollow profiles, seamless, of non-circular cross-section, of iron or steel (excl. products of cast iron)",Iron and steel,2026,2.34,,2.34,2.574,C,true
Türkiye,73049000,"Tubes, pipes and hollow profiles, seamless, of non-circular cross-section, of iron or steel (excl. products of cast iron)",Iron and steel,2027,2.34,,2.34,2.808,C,true
Türkiye,73049000,"Tubes, pipes and hollow profiles, seamless, of non-circular cross-section, of iron or steel (excl. products of cast iron)",Iron and steel,2028,2.34,,2.34,3.042,C,true
Türkiye,7305,"Tubes and pipes, having circular cross-sections and an external diameter of > 406,4 mm, of flat-rolled products of iron or steel ""e.g., welded, riveted or similarly closed""",Iron and steel,2026,2.182,,2.182,2.4002,C,true
Türkiye,7305,"Tubes and pipes, having circular cross-sections and an external diameter of > 406,4 mm, of flat-rolled products of iron or steel ""e.g., welded, riveted or similarly closed""",Iron and steel,2027,2.182,,2.182,2.6184,C,true
Türkiye,7305,"Tubes and pipes, having circular cross-sections and an external diameter of > 406,4 mm, of flat-rolled products of iron or steel ""e.g., welded, riveted or similarly closed""",Iron and steel,2028,2.182,,2.182,2.8366,C,true
Türkiye,7306,"Tubes, pipes and hollow profiles ""e.g., open seam or welded, riveted or similarly closed"", of iron or steel (excl. of cast iron, seamless tubes and pipes and tubes having internal and external circular cross-sections and an external diameter of > 406,4 mm)",Iron and steel,2026,,,,,,false
Türkiye,7306,"Tubes, pipes and hollow profiles ""e.g., open seam or welded, riveted or similarly closed"", of iron or steel (excl. of cast iron, seamless tubes and pipes and tubes having internal and external circular cross-sections and an external diameter of > 406,4 mm)",Iron and steel,2027,,,,,,false
Türkiye,7306,"Tubes, pipes and hollow profiles ""e.g., open seam or welded, riveted or similarly closed"", of iron or steel (excl. of cast iron, seamless tubes and pipes and tubes having internal and external circular cross-sections and an external diameter of > 406,4 mm)",Iron and steel,2028,,,,,,false
Türkiye,73061100,"Line pipe of a kind used for oil or gas pipelines, welded, of flat-rolled products of stainless steel, of an external diameter of <= 406,4 mm",Iron and steel,2026,5.92,,5.92,6.512,,true
Türkiye,73061100,"Line pipe of a kind used for oil or gas pipelines, welded, of flat-rolled products of stainless steel, of an external diameter of <= 406,4 mm",Iron and steel,2027,5.92,,5.92,7.104,,true
Türkiye,73061100,"Line pipe of a kind used for oil or gas pipelines, welded, of flat-rolled products of stainless steel, of an external diameter of <= 406,4 mm",Iron and steel,2028,5.92,,5.92,7.696,,true
Türkiye,73061900,"Line pipe of a kind used for oil or gas pipelines, welded, of flat-rolled products of iron or steel, of an external diameter of <= 406,4 mm (excl. products of stainless steel or of cast iron)",Iron and steel,2026,2.2438,,2.2438,2.46818,C,true
Türkiye,73061900,"Line pipe of a kind used for oil or gas pipelines, welded, of flat-rolled products of iron or steel, of an external diameter of <= 406,4 mm (excl. products of stainless steel or of cast iron)",Iron and steel,2027,2.2438,,2.2438,2.69256,C,true
Türkiye,73061900,"Line pipe of a kind used for oil or gas pipelines, welded, of flat-rolled products of iron or steel, of an external diameter of <= 406,4 mm (excl. products of stainless steel or of cast iron)",Iron and steel,2028,2.2438,,2.2438,2.91694,C,true
Türkiye,73062100,"Casing and tubing of a kind used in drilling for oil or gas, welded, of flat-rolled products of stainless steel, of an external diameter of <= 406,4 mm",Iron and steel,2026,5.92,,5.92,6.512,,true
Türkiye,73062100,"Casing and tubing of a kind used in drilling for oil or gas, welded, of flat-rolled products of stainless steel, of an external diameter of <= 406,4 mm",Iron and steel,2027,5.92,,5.92,7.104,,true
Türkiye,73062100,"Casing and tubing of a kind used in drilling for oil or gas, welded, of flat-rolled products of stainless steel, of an external diameter of <= 406,4 mm",Iron and steel,2028,5.92,,5.92,7.696,,true
Türkiye,73062900,"Casing and tubing of a kind used in drilling for oil or gas, welded, of flat-rolled products of iron or steel, of an external diameter of <= 406,4 mm (excl. products of stainless steel or of cast iron)",Iron and steel,2026,2.2438,,2.2438,2.46818,C,true
Türkiye,73062900,"Casing and tubing of a kind used in drilling for oil or gas, welded, of flat-rolled products of iron or steel, of an external diameter of <= 406,4 mm (excl. products of stainless steel or of cast iron)",Iron and steel,2027,2.2438,,2.2438,2.69256,C,true
Türkiye,73062900,"Casing and tubing of a kind used in drilling for oil or gas, welded, of flat-rolled products of iron or steel, of an external diameter of <= 406,4 mm (excl. products of stainless steel or of cast iron)",Iron and steel,2028,2.2438,,2.2438,2.91694,C,true
Türkiye,73063012,"Precision tubes, welded, of circular cross-section, of iron or non-alloy steel, cold-drawn or cold-rolled ""cold-reduced""",Iron and steel,2026,2.2438,,2.2438,2.46818,C,true
Türkiye,73063012,"Precision tubes, welded, of circular cross-section, of iron or non-alloy steel, cold-drawn or cold-rolled ""cold-reduced""",Iron and steel,2027,2.2438,,2.2438,2.69256,C,true
Türkiye,73063012,"Precision tubes, welded, of circular cross-section, of iron or non-alloy steel, cold-drawn or cold-rolled ""cold-reduced""",Iron and steel,2028,2.2438,,2.2438,2.91694,C,true
Türkiye,73063018,"Precision tubes, welded, of circular cross-section, of iron or non-alloy steel (excl. cold-drawn or cold-rolled)",Iron and steel,2026,2.2438,,2.2438,2.46818,,true
Türkiye,73063018,"Precision tubes, welded, of circular cross-section, of iron or non-alloy steel (excl. cold-drawn or cold-rolled)",Iron and steel,2027,2.2438,,2.2438,2.69256,,true
Türkiye,73063018,"Precision tubes, welded, of circular cross-section, of iron or non-alloy steel (excl. cold-drawn or cold-rolled)",Iron and steel,2028,2.2438,,2.2438,2.91694,,true
Türkiye,73063041,"Threaded or threadable tubes ""gas pipe"", welded, of circular cross-section, of iron or non-alloy steel, plated or coated with zinc",Iron and steel,2026,2.2438,,2.2438,2.46818,C,true
Türkiye,73063041,"Threaded or threadable tubes ""gas pipe"", welded, of circular cross-section, of iron or non-alloy steel, plated or coated with zinc",Iron and steel,2027,2.2438,,2.2438,2.69256,C,true
Türkiye,73063041,"Threaded or threadable tubes ""gas pipe"", welded, of circular cross-section, of iron or non-alloy steel, plated or coated with zinc",Iron and steel,2028,2.2438,,2.2438,2.91694,C,true
Türkiye,73063049,"Threaded or threadable tubes ""gas pipe"", welded, of circular cross-section, of iron or non-alloy steel (excl. products plated or coated with zinc)",Iron and steel,2026,2.2438,,2.2438,2.46818,C,true
Türkiye,73063049,"Threaded or threadable tubes ""gas pipe"", welded, of circular cross-section, of iron or non-alloy steel (excl. products plated or coated with zinc)",Iron and steel,2027,2.2438,,2.2438,2.69256,C,true
Türkiye,73063049,"Threaded or threadable tubes ""gas pipe"", welded, of circular cross-section, of iron or non-alloy steel (excl. products plated or coated with zinc)",Iron and steel,2028,2.2438,,2.2438,2.91694,C,true
Türkiye,73063072,"Other tubes, pipes and hollow profiles, welded, of circular cross-section, of iron or non-alloy steel, of an external diameter of <= 168,3 mm, plated or coated with zinc (excl. line pipe of a kind used for oil or gas pipelines or casing and tubingof a kind used in drilling for oil or gas)",Iron and steel,2026,2.2438,,2.2438,2.46818,C,true
Türkiye,73063072,"Other tubes, pipes and hollow profiles, welded, of circular cross-section, of iron or non-alloy steel, of an external diameter of <= 168,3 mm, plated or coated with zinc (excl. line pipe of a kind used for oil or gas pipelines or casing and tubingof a kind used in drilling for oil or gas)",Iron and steel,2027,2.2438,,2.2438,2.69256,C,true
Türkiye,73063072,"Other tubes, pipes and hollow profiles, welded, of circular cross-section, of iron or non-alloy steel, of an external diameter of <= 168,3 mm, plated or coated with zinc (excl. line pipe of a kind used for oil or gas pipelines or casing and tubingof a kind used in drilling for oil or gas)",Iron and steel,2028,2.2438,,2.2438,2.91694,C,true
Türkiye,73063077,"Other tubes, pipes and hollow profiles, welded, of circular cross-section, of iron or non-alloy steel of an external diameter of <= 168,3 mm (excl. plated or coated with zinc and line pipe of a kind used for oil or gas pipelines, casing and tubing of a kind used in drilling for oil or gas, precision tubes and threaded or threadable tubes ""gas pipe"")",Iron and steel,2026,2.2438,,2.2438,2.46818,C,true
Türkiye,73063077,"Other tubes, pipes and hollow profiles, welded, of circular cross-section, of iron or non-alloy steel of an external diameter of <= 168,3 mm (excl. plated or coated with zinc and line pipe of a kind used for oil or gas pipelines, casing and tubing of a kind used in drilling for oil or gas, precision tubes and threaded or threadable tubes ""gas pipe"")",Iron and steel,2027,2.2438,,2.2438,2.69256,C,true
Türkiye,73063077,"Other tubes, pipes and hollow profiles, welded, of circular cross-section, of iron or non-alloy steel of an external diameter of <= 168,3 mm (excl. plated or coated with zinc and line pipe of a kind used for oil or gas pipelines, casing and tubing of a kind used in drilling for oil or gas, precision tubes and threaded or threadable tubes ""gas pipe"")",Iron and steel,2028,2.2438,,2.2438,2.91694,C,true
Türkiye,73063080,"Tubes, pipes and hollow profiles, welded, having a circular cross-section, of iron or steel, of an external diameter of > 168,3 mm but <= 406,4 mm (excl. line pipe of a kind used for oil or gas pipelines or casing and tubing of a kind used in drilling for oil or gas, or precision steel tubes, electrical conduit tubes or threaded or threadable tubes ""gas pipe"")",Iron and steel,2026,2.2438,,2.2438,2.46818,C,true
Türkiye,73063080,"Tubes, pipes and hollow profiles, welded, having a circular cross-section, of iron or steel, of an external diameter of > 168,3 mm but <= 406,4 mm (excl. line pipe of a kind used for oil or gas pipelines or casing and tubing of a kind used in drilling for oil or gas, or precision steel tubes, electrical conduit tubes or threaded or threadable tubes ""gas pipe"")",Iron and steel,2027,2.2438,,2.2438,2.69256,C,true
Türkiye,73063080,"Tubes, pipes and hollow profiles, welded, having a circular cross-section, of iron or steel, of an external diameter of > 168,3 mm but <= 406,4 mm (excl. line pipe of a kind used for oil or gas pipelines or casing and tubing of a kind used in drilling for oil or gas, or precision steel tubes, electrical conduit tubes or threaded or threadable tubes ""gas pipe"")",Iron and steel,2028,2.2438,,2.2438,2.91694,C,true
Türkiye,73064020,"Tubes, pipes and hollow profiles, welded, of circular cross-section, of stainless steel, cold-drawn or cold-rolled ""cold-reduced"" (excl. products having internal and external circular cross-sections and an external diameter of > 406,4 mm, and line pipe of a kind used for oil or gas pipelines or casing and tubing of a kind used in drilling for oil or gas)",Iron and steel,2026,5.92,,5.92,6.512,,true
Türkiye,73064020,"Tubes, pipes and hollow profiles, welded, of circular cross-section, of stainless steel, cold-drawn or cold-rolled ""cold-reduced"" (excl. products having internal and external circular cross-sections and an external diameter of > 406,4 mm, and line pipe of a kind used for oil or gas pipelines or casing and tubing of a kind used in drilling for oil or gas)",Iron and steel,2027,5.92,,5.92,7.104,,true
Türkiye,73064020,"Tubes, pipes and hollow profiles, welded, of circular cross-section, of stainless steel, cold-drawn or cold-rolled ""cold-reduced"" (excl. products having internal and external circular cross-sections and an external diameter of > 406,4 mm, and line pipe of a kind used for oil or gas pipelines or casing and tubing of a kind used in drilling for oil or gas)",Iron and steel,2028,5.92,,5.92,7.696,,true
Türkiye,73064080,"Tubes, pipes and hollow profiles, welded, of circular cross-section, of stainless steel (excl. products cold-drawn or cold-rolled ""cold-reduced"", tubes and pipes having internal and external circular cross-sections and an external diameter of > 406,4 mm, and line pipe of a kind used for oil or gas pipelines or casing and tubing of a kind used in drilling for oil or gas)",Iron and steel,2026,5.85,,5.85,6.435,,true
Türkiye,73064080,"Tubes, pipes and hollow profiles, welded, of circular cross-section, of stainless steel (excl. products cold-drawn or cold-rolled ""cold-reduced"", tubes and pipes having internal and external circular cross-sections and an external diameter of > 406,4 mm, and line pipe of a kind used for oil or gas pipelines or casing and tubing of a kind used in drilling for oil or gas)",Iron and steel,2027,5.85,,5.85,7.02,,true
Türkiye,73064080,"Tubes, pipes and hollow profiles, welded, of circular cross-section, of stainless steel (excl. products cold-drawn or cold-rolled ""cold-reduced"", tubes and pipes having internal and external circular cross-sections and an external diameter of > 406,4 mm, and line pipe of a kind used for oil or gas pipelines or casing and tubing of a kind used in drilling for oil or gas)",Iron and steel,2028,5.85,,5.85,7.605,,true
Türkiye,73065021,"Precision steel tubes, welded, of circular cross-section, of alloy steel other than stainless, cold-drawn or cold-rolled ""cold-reduced""",Iron and steel,2026,2.2438,,2.2438,2.46818,F,true
Türkiye,73065021,"Precision steel tubes, welded, of circular cross-section, of alloy steel other than stainless, cold-drawn or cold-rolled ""cold-reduced""",Iron and steel,2027,2.2438,,2.2438,2.69256,F,true
Türkiye,73065021,"Precision steel tubes, welded, of circular cross-section, of alloy steel other than stainless, cold-drawn or cold-rolled ""cold-reduced""",Iron and steel,2028,2.2438,,2.2438,2.91694,F,true
Türkiye,73065029,"Precision steel tubes, welded, of circular cross-section, of alloy steel other than stainless (excl. cold-drawn or cold-rolled)",Iron and steel,2026,2.2438,,2.2438,2.46818,F,true
Türkiye,73065029,"Precision steel tubes, welded, of circular cross-section, of alloy steel other than stainless (excl. cold-drawn or cold-rolled)",Iron and steel,2027,2.2438,,2.2438,2.69256,F,true
Türkiye,73065029,"Precision steel tubes, welded, of circular cross-section, of alloy steel other than stainless (excl. cold-drawn or cold-rolled)",Iron and steel,2028,2.2438,,2.2438,2.91694,F,true
Türkiye,73065080,"Tubes, pipes and hollow profiles, welded, of circular cross-section, of alloy steel other than stainless (excl. tubes and pipes having internal and external circular cross-sections and an external diameter of > 406,4 mm, and line pipe of a kind used for oil or gas pipelines or casing and tubing of a kind used in drilling for oil or gas, and precision steel tubes)",Iron and steel,2026,2.2438,,2.2438,2.46818,F,true
Türkiye,73065080,"Tubes, pipes and hollow profiles, welded, of circular cross-section, of alloy steel other than stainless (excl. tubes and pipes having internal and external circular cross-sections and an external diameter of > 406,4 mm, and line pipe of a kind used for oil or gas pipelines or casing and tubing of a kind used in drilling for oil or gas, and precision steel tubes)",Iron and steel,2027,2.2438,,2.2438,2.69256,F,true
Türkiye,73065080,"Tubes, pipes and hollow profiles, welded, of circular cross-section, of alloy steel other than stainless (excl. tubes and pipes having internal and external circular cross-sections and an external diameter of > 406,4 mm, and line pipe of a kind used for oil or gas pipelines or casing and tubing of a kind used in drilling for oil or gas, and precision steel tubes)",Iron and steel,2028,2.2438,,2.2438,2.91694,F,true
Türkiye,73066110,"Tubes and pipes and hollow profiles, welded, of square or rectangular cross-section, of stainless steel",Iron and steel,2026,5.92,,5.92,6.512,,true
Türkiye,73066110,"Tubes and pipes and hollow profiles, welded, of square or rectangular cross-section, of stainless steel",Iron and steel,2027,5.92,,5.92,7.104,,true
Türkiye,73066110,"Tubes and pipes and hollow profiles, welded, of square or rectangular cross-section, of stainless steel",Iron and steel,2028,5.92,,5.92,7.696,,true
Türkiye,73066192,"Tubes and pipes and hollow profiles, welded, of square or rectangular cross-section, of iron or steel other than stainless steel, with a wall thickness of <= 2 mm",Iron and steel,2026,2.2438,,2.2438,2.46818,C,true
Türkiye,73066192,"Tubes and pipes and hollow profiles, welded, of square or rectangular cross-section, of iron or steel other than stainless steel, with a wall thickness of <= 2 mm",Iron and steel,2027,2.2438,,2.2438,2.69256,C,true
Türkiye,73066192,"Tubes and pipes and hollow profiles, welded, of square or rectangular cross-section, of iron or steel other than stainless steel, with a wall thickness of <= 2 mm",Iron and steel,2028,2.2438,,2.2438,2.91694,C,true
Türkiye,73066199,"Tubes and pipes and hollow profiles, welded, of square or rectangular cross-section, of iron or steel other than stainless steel, with a wall thickness of > 2 mm",Iron and steel,2026,2.2438,,2.2438,2.46818,C,true
Türkiye,73066199,"Tubes and pipes and hollow profiles, welded, of square or rectangular cross-section, of iron or steel other than stainless steel, with a wall thickness of > 2 mm",Iron and steel,2027,2.2438,,2.2438,2.69256,C,true
Türkiye,73066199,"Tubes and pipes and hollow profiles, welded, of square or rectangular cross-section, of iron or steel other than stainless steel, with a wall thickness of > 2 mm",Iron and steel,2028,2.2438,,2.2438,2.91694,C,true
Türkiye,73066910,"Tubes, pipes and hollow profiles, welded, of non-circular cross-section, of stainless steel (excl. tubes and pipes having internal and external circular cross-sections and an external diameter of > 406,4 mm, line pipe of a kind used for oil or gas pipelines or casing and tubing of a kind used in drilling for oil or gas, and tubes and pipes and hollow profiles of square or rectangular cross-section)",Iron and steel,2026,5.92,,5.92,6.512,,true
Türkiye,73066910,"Tubes, pipes and hollow profiles, welded, of non-circular cross-section, of stainless steel (excl. tubes and pipes having internal and external circular cross-sections and an external diameter of > 406,4 mm, line pipe of a kind used for oil or gas pipelines or casing and tubing of a kind used in drilling for oil or gas, and tubes and pipes and hollow profiles of square or rectangular cross-section)",Iron and steel,2027,5.92,,5.92,7.104,,true
Türkiye,73066910,"Tubes, pipes and hollow profiles, welded, of non-circular cross-section, of stainless steel (excl. tubes and pipes having internal and external circular cross-sections and an external diameter of > 406,4 mm, line pipe of a kind used for oil or gas pipelines or casing and tubing of a kind used in drilling for oil or gas, and tubes and pipes and hollow profiles of square or rectangular cross-section)",Iron and steel,2028,5.92,,5.92,7.696,,true
Türkiye,73066990,"Tubes, pipes and hollow profiles, welded, of non-circular cross-section, of iron or steel other than stainless steel (excl. tubes and pipes having internal and external circular cross-sections and an external diameter of > 406,4 mm, line pipe of a kind used for oil or gas pipelines or casing and tubing of a kind used in drilling for oil or gas, and tubes and pipes and hollow profiles of square or rectangular cross-section)",Iron and steel,2026,2.2438,,2.2438,2.46818,C,true
Türkiye,73066990,"Tubes, pipes and hollow profiles, welded, of non-circular cross-section, of iron or steel other than stainless steel (excl. tubes and pipes having internal and external circular cross-sections and an external diameter of > 406,4 mm, line pipe of a kind used for oil or gas pipelines or casing and tubing of a kind used in drilling for oil or gas, and tubes and pipes and hollow profiles of square or rectangular cross-section)",Iron and steel,2027,2.2438,,2.2438,2.69256,C,true
Türkiye,73066990,"Tubes, pipes and hollow profiles, welded, of non-circular cross-section, of iron or steel other than stainless steel (excl. tubes and pipes having internal and external circular cross-sections and an external diameter of > 406,4 mm, line pipe of a kind used for oil or gas pipelines or casing and tubing of a kind used in drilling for oil or gas, and tubes and pipes and hollow profiles of square or rectangular cross-section)",Iron and steel,2028,2.2438,,2.2438,2.91694,C,true
Türkiye,73069000,"Tubes, pipes and hollow profiles ""e.g., open seam, riveted or similarly closed"", of iron or steel (excl. of cast iron, seamless or welded tubes and pipes and tubes and pipes having internal and external circular cross-sections and an external diameter of > 406,4 mm)",Iron and steel,2026,2.2438,,2.2438,2.46818,C,true
Türkiye,73069000,"Tubes, pipes and hollow profiles ""e.g., open seam, riveted or similarly closed"", of iron or steel (excl. of cast iron, seamless or welded tubes and pipes and tubes and pipes having internal and external circular cross-sections and an external diameter of > 406,4 mm)",Iron and steel,2027,2.2438,,2.2438,2.69256,C,true
Türkiye,73069000,"Tubes, pipes and hollow profiles ""e.g., open seam, riveted or similarly closed"", of iron or steel (excl. of cast iron, seamless or welded tubes and pipes and tubes and pipes having internal and external circular cross-sections and an external diameter of > 406,4 mm)",Iron and steel,2028,2.2438,,2.2438,2.91694,C,true
Türkiye,7307,"Tube or pipe fittings ""e.g. couplings, elbows, sleeves"", of iron or steel",Iron and steel,2026,,,,,,false
Türkiye,7307,"Tube or pipe fittings ""e.g. couplings, elbows, sleeves"", of iron or steel",Iron and steel,2027,,,,,,false
Türkiye,7307,"Tube or pipe fittings ""e.g. couplings, elbows, sleeves"", of iron or steel",Iron and steel,2028,,,,,,false
Türkiye,730711,Tube or pipe fittings of non-malleable cast iron,Iron and steel,2026,3.151,,3.151,3.4661,,true
Türkiye,730711,Tube or pipe fittings of non-malleable cast iron,Iron and steel,2027,3.151,,3.151,3.7812,,true
Türkiye,730711,Tube or pipe fittings of non-malleable cast iron,Iron and steel,2028,3.151,,3.151,4.0963,,true
Türkiye,73071910,Tube or pipe fittings of cast iron (excl. of non-malleable),Iron and steel,2026,3.151,,3.151,3.4661,,true
Türkiye,73071910,Tube or pipe fittings of cast iron (excl. of non-malleable),Iron and steel,2027,3.151,,3.151,3.7812,,true
Türkiye,73071910,Tube or pipe fittings of cast iron (excl. of non-malleable),Iron and steel,2028,3.151,,3.151,4.0963,,true
Türkiye,73071990,Cast tube or pipe fittings of steel,Iron and steel,2026,3.151,,3.151,3.4661,C,true
Türkiye,73071990,Cast tube or pipe fittings of steel,Iron and steel,2027,3.151,,3.151,3.7812,C,true
Türkiye,73071990,Cast tube or pipe fittings of steel,Iron and steel,2028,3.151,,3.151,4.0963,C,true
Türkiye,73072100,Flanges of stainless steel (excl. cast products),Iron and steel,2026,3.71,,3.71,4.081,,true
Türkiye,73072100,Flanges of stainless steel (excl. cast products),Iron and steel,2027,3.71,,3.71,4.452,,true
Türkiye,73072100,Flanges of stainless steel (excl. cast products),Iron and steel,2028,3.71,,3.71,4.823,,true
Türkiye,730722,"Threaded elbows, bends and sleeves of stainless steel (excl. cast products)",Iron and steel,2026,3.71,,3.71,4.081,,true
Türkiye,730722,"Threaded elbows, bends and sleeves of stainless steel (excl. cast products)",Iron and steel,2027,3.71,,3.71,4.452,,true
Türkiye,730722,"Threaded elbows, bends and sleeves of stainless steel (excl. cast products)",Iron and steel,2028,3.71,,3.71,4.823,,true
Türkiye,730723,Butt welding tube or pipe fittings of stainless steel (excl. cast products),Iron and steel,2026,3.71,,3.71,4.081,,true
Türkiye,730723,Butt welding tube or pipe fittings of stainless steel (excl. cast products),Iron and steel,2027,3.71,,3.71,4.452,,true
Türkiye,730723,Butt welding tube or pipe fittings of stainless steel (excl. cast products),Iron and steel,2028,3.71,,3.71,4.823,,true
Türkiye,730729,"Tube or pipe fittings of stainless steel (excl. cast products, flanges, threaded elbows, bends and sleeves and butt weldings fittings)",Iron and steel,2026,3.71,,3.71,4.081,,true
Türkiye,730729,"Tube or pipe fittings of stainless steel (excl. cast products, flanges, threaded elbows, bends and sleeves and butt weldings fittings)",Iron and steel,2027,3.71,,3.71,4.452,,true
Türkiye,730729,"Tube or pipe fittings of stainless steel (excl. cast products, flanges, threaded elbows, bends and sleeves and butt weldings fittings)",Iron and steel,2028,3.71,,3.71,4.823,,true
Türkiye,73079100,Flanges of iron or steel (excl. cast or stainless products),Iron and steel,2026,3.151,,3.151,3.4661,C,true
Türkiye,73079100,Flanges of iron or steel (excl. cast or stainless products),Iron and steel,2027,3.151,,3.151,3.7812,C,true
Türkiye,73079100,Flanges of iron or steel (excl. cast or stainless products),Iron and steel,2028,3.151,,3.151,4.0963,C,true
Türkiye,730792,"Threaded elbows, bends and sleeves, of stainless steel (excl. cast or stainless products)",Iron and steel,2026,3.151,,3.151,3.4661,C,true
Türkiye,730792,"Threaded elbows, bends and sleeves, of stainless steel (excl. cast or stainless products)",Iron and steel,2027,3.151,,3.151,3.7812,C,true
Türkiye,730792,"Threaded elbows, bends and sleeves, of stainless steel (excl. cast or stainless products)",Iron and steel,2028,3.151,,3.151,4.0963,C,true
Türkiye,730793,"Butt welding fittings of iron or steel (excl. cast iron or stainless steel products, and flanges)",Iron and steel,2026,3.151,,3.151,3.4661,C,true
Türkiye,730793,"Butt welding fittings of iron or steel (excl. cast iron or stainless steel products, and flanges)",Iron and steel,2027,3.151,,3.151,3.7812,C,true
Türkiye,730793,"Butt welding fittings of iron or steel (excl. cast iron or stainless steel products, and flanges)",Iron and steel,2028,3.151,,3.151,4.0963,C,true
Türkiye,730799,"Tube or pipe fittings, of iron or steel (excl. cast iron or stainless steel products; flanges; threaded elbows, bends and sleeves; butt welding fittings)",Iron and steel,2026,3.151,,3.151,3.4661,C,true
Türkiye,730799,"Tube or pipe fittings, of iron or steel (excl. cast iron or stainless steel products; flanges; threaded elbows, bends and sleeves; butt welding fittings)",Iron and steel,2027,3.151,,3.151,3.7812,C,true
Türkiye,730799,"Tube or pipe fittings, of iron or steel (excl. cast iron or stainless steel products; flanges; threaded elbows, bends and sleeves; butt welding fittings)",Iron and steel,2028,3.151,,3.151,4.0963,C,true
Türkiye,7308,"Structures and parts of structures ""e.g., bridges and bridge-sections, lock-gates, towers, lattice masts, roofs, roofing frameworks, doors and windows and their frames and thresholds for doors, shutters, balustrades, pillars and columns"", of iron or steel; plates, rods, angles, shapes, sections, tubes and the like, prepared for use in structures, of iron or steel (excl. prefabricated buildings of heading 9406)",Iron and steel,2026,5.52,,5.52,6.072,C,true
Türkiye,7308,"Structures and parts of structures ""e.g., bridges and bridge-sections, lock-gates, towers, lattice masts, roofs, roofing frameworks, doors and windows and their frames and thresholds for doors, shutters, balustrades, pillars and columns"", of iron or steel; plates, rods, angles, shapes, sections, tubes and the like, prepared for use in structures, of iron or steel (excl. prefabricated buildings of heading 9406)",Iron and steel,2027,5.52,,5.52,6.624,C,true
Türkiye,7308,"Structures and parts of structures ""e.g., bridges and bridge-sections, lock-gates, towers, lattice masts, roofs, roofing frameworks, doors and windows and their frames and thresholds for doors, shutters, balustrades, pillars and columns"", of iron or steel; plates, rods, angles, shapes, sections, tubes and the like, prepared for use in structures, of iron or steel (excl. prefabricated buildings of heading 9406)",Iron and steel,2028,5.52,,5.52,7.176,C,true
Türkiye,7309,"Reservoirs, tanks, vats and similar containers, of iron or steel, for any material ""other than compressed or liquefied gas"", of a capacity of > 300 l, not fitted with mechanical or thermal equipment, whether or not lined or heat-insulated (excl. containers specifically constructed or equipped for one or more types of transport)",Iron and steel,2026,5.6,,5.6,6.16,C,true
Türkiye,7309,"Reservoirs, tanks, vats and similar containers, of iron or steel, for any material ""other than compressed or liquefied gas"", of a capacity of > 300 l, not fitted with mechanical or thermal equipment, whether or not lined or heat-insulated (excl. containers specifically constructed or equipped for one or more types of transport)",Iron and steel,2027,5.6,,5.6,6.72,C,true
Türkiye,7309,"Reservoirs, tanks, vats and similar containers, of iron or steel, for any material ""other than compressed or liquefied gas"", of a capacity of > 300 l, not fitted with mechanical or thermal equipment, whether or not lined or heat-insulated (excl. containers specifically constructed or equipped for one or more types of transport)",Iron and steel,2028,5.6,,5.6,7.28,C,true
Türkiye,7310,"Tanks, casks, drums, cans, boxes and similar containers, of iron or steel, for any material ""other than compressed or liquefied gas"", of a capacity of <= 300 l, not fitted with mechanical or thermal equipment, whether or not lined or heat-insulated, n.e.s.",Iron and steel,2026,3.03,,3.03,3.333,C,true
Türkiye,7310,"Tanks, casks, drums, cans, boxes and similar containers, of iron or steel, for any material ""other than compressed or liquefied gas"", of a capacity of <= 300 l, not fitted with mechanical or thermal equipment, whether or not lined or heat-insulated, n.e.s.",Iron and steel,2027,3.03,,3.03,3.636,C,true
Türkiye,7310,"Tanks, casks, drums, cans, boxes and similar containers, of iron or steel, for any material ""other than compressed or liquefied gas"", of a capacity of <= 300 l, not fitted with mechanical or thermal equipment, whether or not lined or heat-insulated, n.e.s.",Iron and steel,2028,3.03,,3.03,3.939,C,true
Türkiye,7311,"Containers of iron or steel, for compressed or liquefied gas (excl. containers specifically constructed or equipped for one or more types of transport)",Iron and steel,2026,,,,,,false
Türkiye,7311,"Containers of iron or steel, for compressed or liquefied gas (excl. containers specifically constructed or equipped for one or more types of transport)",Iron and steel,2027,,,,,,false
Türkiye,7311,"Containers of iron or steel, for compressed or liquefied gas (excl. containers specifically constructed or equipped for one or more types of transport)",Iron and steel,2028,,,,,,false
Türkiye,731100,"Containers of iron or steel, for compressed or liquefied gas (excl. containers specifically constructed or equipped for one or more types of transport)",Iron and steel,2026,5.43,,5.43,5.973,C,true
Türkiye,731100,"Containers of iron or steel, for compressed or liquefied gas (excl. containers specifically constructed or equipped for one or more types of transport)",Iron and steel,2027,5.43,,5.43,6.516,C,true
Türkiye,731100,"Containers of iron or steel, for compressed or liquefied gas (excl. containers specifically constructed or equipped for one or more types of transport)",Iron and steel,2028,5.43,,5.43,7.059,C,true
Türkiye,7318,"Screws, bolts, nuts, coach screws, screw hooks, rivets, cotters, cotter pins, washers, incl. spring washers, and similar articles, of iron or steel (excl. lag screws, stoppers, plugs and the like, threaded)",Iron and steel,2026,,,,,,false
Türkiye,7318,"Screws, bolts, nuts, coach screws, screw hooks, rivets, cotters, cotter pins, washers, incl. spring washers, and similar articles, of iron or steel (excl. lag screws, stoppers, plugs and the like, threaded)",Iron and steel,2027,,,,,,false
Türkiye,7318,"Screws, bolts, nuts, coach screws, screw hooks, rivets, cotters, cotter pins, washers, incl. spring washers, and similar articles, of iron or steel (excl. lag screws, stoppers, plugs and the like, threaded)",Iron and steel,2028,,,,,,false
Türkiye,73181100,Coach screws of iron or steel,Iron and steel,2026,2.832,,2.832,3.1152,C,true
Türkiye,73181100,Coach screws of iron or steel,Iron and steel,2027,2.832,,2.832,3.3984,C,true
Türkiye,73181100,Coach screws of iron or steel,Iron and steel,2028,2.832,,2.832,3.6816,C,true
Türkiye,73181210,Wood screws of stainless steel (excl. coach screws),Iron and steel,2026,5.69,,5.69,6.259,C,true
Türkiye,73181210,Wood screws of stainless steel (excl. coach screws),Iron and steel,2027,5.69,,5.69,6.828,C,true
Türkiye,73181210,Wood screws of stainless steel (excl. coach screws),Iron and steel,2028,5.69,,5.69,7.397,C,true
Türkiye,73181290,Wood screws of iron or steel other than stainless (excl. coach screws),Iron and steel,2026,2.832,,2.832,3.1152,C,true
Türkiye,73181290,Wood screws of iron or steel other than stainless (excl. coach screws),Iron and steel,2027,2.832,,2.832,3.3984,C,true
Türkiye,73181290,Wood screws of iron or steel other than stainless (excl. coach screws),Iron and steel,2028,2.832,,2.832,3.6816,C,true
Türkiye,73181300,"Screw hooks and screw rings, of iron or steel",Iron and steel,2026,2.832,,2.832,3.1152,C,true
Türkiye,73181300,"Screw hooks and screw rings, of iron or steel",Iron and steel,2027,2.832,,2.832,3.3984,C,true
Türkiye,73181300,"Screw hooks and screw rings, of iron or steel",Iron and steel,2028,2.832,,2.832,3.6816,C,true
Türkiye,73181410,"Self-tapping screws, of stainless steel (excl. wood screws)",Iron and steel,2026,5.69,,5.69,6.259,C,true
Türkiye,73181410,"Self-tapping screws, of stainless steel (excl. wood screws)",Iron and steel,2027,5.69,,5.69,6.828,C,true
Türkiye,73181410,"Self-tapping screws, of stainless steel (excl. wood screws)",Iron and steel,2028,5.69,,5.69,7.397,C,true
Türkiye,73181491,Spaced-thread screws of iron or steel other than stainless,Iron and steel,2026,2.832,,2.832,3.1152,C,true
Türkiye,73181491,Spaced-thread screws of iron or steel other than stainless,Iron and steel,2027,2.832,,2.832,3.3984,C,true
Türkiye,73181491,Spaced-thread screws of iron or steel other than stainless,Iron and steel,2028,2.832,,2.832,3.6816,C,true
Türkiye,73181499,Self-tapping screws of iron or steel other than stainless (excl. spaced-thread screws and wood screws),Iron and steel,2026,2.832,,2.832,3.1152,C,true
Türkiye,73181499,Self-tapping screws of iron or steel other than stainless (excl. spaced-thread screws and wood screws),Iron and steel,2027,2.832,,2.832,3.3984,C,true
Türkiye,73181499,Self-tapping screws of iron or steel other than stainless (excl. spaced-thread screws and wood screws),Iron and steel,2028,2.832,,2.832,3.6816,C,true
Türkiye,731815,"Threaded screws and bolts, of iron or steel, whether or not with their nuts and washers (excl. coach screws and other wood screws, screw hooks and screw rings, self-tapping screws, lag screws, stoppers, plugs and the like, threaded)",Iron and steel,2026,5.43,,5.43,5.973,C,true
Türkiye,731815,"Threaded screws and bolts, of iron or steel, whether or not with their nuts and washers (excl. coach screws and other wood screws, screw hooks and screw rings, self-tapping screws, lag screws, stoppers, plugs and the like, threaded)",Iron and steel,2027,5.43,,5.43,6.516,C,true
Türkiye,731815,"Threaded screws and bolts, of iron or steel, whether or not with their nuts and washers (excl. coach screws and other wood screws, screw hooks and screw rings, self-tapping screws, lag screws, stoppers, plugs and the like, threaded)",Iron and steel,2028,5.43,,5.43,7.059,C,true
Türkiye,731816,Nuts of iron or steel,Iron and steel,2026,3.79,,3.79,4.169,C,true
Türkiye,731816,Nuts of iron or steel,Iron and steel,2027,3.79,,3.79,4.548,C,true
Türkiye,731816,Nuts of iron or steel,Iron and steel,2028,3.79,,3.79,4.927,C,true
Türkiye,73181900,"Threaded articles, of iron or steel, n.e.s.",Iron and steel,2026,2.832,,2.832,3.1152,C,true
Türkiye,73181900,"Threaded articles, of iron or steel, n.e.s.",Iron and steel,2027,2.832,,2.832,3.3984,C,true
Türkiye,73181900,"Threaded articles, of iron or steel, n.e.s.",Iron and steel,2028,2.832,,2.832,3.6816,C,true
Türkiye,73182100,"Spring washers and other lock washers, of iron or steel",Iron and steel,2026,2.832,,2.832,3.1152,C,true
Türkiye,73182100,"Spring washers and other lock washers, of iron or steel",Iron and steel,2027,2.832,,2.832,3.3984,C,true
Türkiye,73182100,"Spring washers and other lock washers, of iron or steel",Iron and steel,2028,2.832,,2.832,3.6816,C,true
Türkiye,73182200,Washers of iron or steel (excl. spring washers and other lock washers),Iron and steel,2026,3.43,,3.43,3.773,C,true
Türkiye,73182200,Washers of iron or steel (excl. spring washers and other lock washers),Iron and steel,2027,3.43,,3.43,4.116,C,true
Türkiye,73182200,Washers of iron or steel (excl. spring washers and other lock washers),Iron and steel,2028,3.43,,3.43,4.459,C,true
Türkiye,73182300,Rivets of iron or steel (excl. tubular and bifurcated rivets for particular uses),Iron and steel,2026,2.832,,2.832,3.1152,C,true
Türkiye,73182300,Rivets of iron or steel (excl. tubular and bifurcated rivets for particular uses),Iron and steel,2027,2.832,,2.832,3.3984,C,true
Türkiye,73182300,Rivets of iron or steel (excl. tubular and bifurcated rivets for particular uses),Iron and steel,2028,2.832,,2.832,3.6816,C,true
Türkiye,73182400,"Cotters and cotter pins, of iron or steel",Iron and steel,2026,2.832,,2.832,3.1152,C,true
Türkiye,73182400,"Cotters and cotter pins, of iron or steel",Iron and steel,2027,2.832,,2.832,3.3984,C,true
Türkiye,73182400,"Cotters and cotter pins, of iron or steel",Iron and steel,2028,2.832,,2.832,3.6816,C,true
Türkiye,73182900,"Non-threaded articles, of iron or steel",Iron and steel,2026,2.832,,2.832,3.1152,C,true
Türkiye,73182900,"Non-threaded articles, of iron or steel",Iron and steel,2027,2.832,,2.832,3.3984,C,true
Türkiye,73182900,"Non-threaded articles, of iron or steel",Iron and steel,2028,2.832,,2.832,3.6816,C,true
Türkiye,7326,"Articles of iron or steel, n.e.s. (excl. cast articles)",Iron and steel,2026,,,,,,false
Türkiye,7326,"Articles of iron or steel, n.e.s. (excl. cast articles)",Iron and steel,2027,,,,,,false
Türkiye,7326,"Articles of iron or steel, n.e.s. (excl. cast articles)",Iron and steel,2028,,,,,,false
Türkiye,73261100,"Grinding balls and similar articles for mills, of iron or steel, forged or stamped, but not further worked",Iron and steel,2026,3,,3,3.3,C,true
Türkiye,73261100,"Grinding balls and similar articles for mills, of iron or steel, forged or stamped, but not further worked",Iron and steel,2027,3,,3,3.6,C,true
Türkiye,73261100,"Grinding balls and similar articles for mills, of iron or steel, forged or stamped, but not further worked",Iron and steel,2028,3,,3,3.9,C,true
Türkiye,732619,"Articles of iron or steel, forged or stamped, but not further worked, n.e.s. (excl. grinding balls and similar articles for mills)",Iron and steel,2026,3,,3,3.3,C,true
Türkiye,732619,"Articles of iron or steel, forged or stamped, but not further worked, n.e.s. (excl. grinding balls and similar articles for mills)",Iron and steel,2027,3,,3,3.6,C,true
Türkiye,732619,"Articles of iron or steel, forged or stamped, but not further worked, n.e.s. (excl. grinding balls and similar articles for mills)",Iron and steel,2028,3,,3,3.9,C,true
Türkiye,73262000,"Articles of iron or steel wire, n.e.s.",Iron and steel,2026,2.5831,,2.5831,2.84141,C,true
Türkiye,73262000,"Articles of iron or steel wire, n.e.s.",Iron and steel,2027,2.5831,,2.5831,3.09972,C,true
Türkiye,73262000,"Articles of iron or steel wire, n.e.s.",Iron and steel,2028,2.5831,,2.5831,3.35803,C,true
Türkiye,73269030,"Ladders and steps, of iron or steel",Iron and steel,2026,2.5831,,2.5831,2.84141,C,true
Türkiye,73269030,"Ladders and steps, of iron or steel",Iron and steel,2027,2.5831,,2.5831,3.09972,C,true
Türkiye,73269030,"Ladders and steps, of iron or steel",Iron and steel,2028,2.5831,,2.5831,3.35803,C,true
Türkiye,73269040,"Pallets and similar platforms for handling goods, of iron or steel",Iron and steel,2026,2.5831,,2.5831,2.84141,C,true
Türkiye,73269040,"Pallets and similar platforms for handling goods, of iron or steel",Iron and steel,2027,2.5831,,2.5831,3.09972,C,true
Türkiye,73269040,"Pallets and similar platforms for handling goods, of iron or steel",Iron and steel,2028,2.5831,,2.5831,3.35803,C,true
Türkiye,73269050,"Reels for cables, piping and the like, of iron or steel",Iron and steel,2026,2.5831,,2.5831,2.84141,C,true
Türkiye,73269050,"Reels for cables, piping and the like, of iron or steel",Iron and steel,2027,2.5831,,2.5831,3.09972,C,true
Türkiye,73269050,"Reels for cables, piping and the like, of iron or steel",Iron and steel,2028,2.5831,,2.5831,3.35803,C,true
Türkiye,73269060,"Ventilators, non-mechanical, guttering, hooks and like articles used in the building industry, n.e.s., of iron or steel",Iron and steel,2026,2.5831,,2.5831,2.84141,C,true
Türkiye,73269060,"Ventilators, non-mechanical, guttering, hooks and like articles used in the building industry, n.e.s., of iron or steel",Iron and steel,2027,2.5831,,2.5831,3.09972,C,true
Türkiye,73269060,"Ventilators, non-mechanical, guttering, hooks and like articles used in the building industry, n.e.s., of iron or steel",Iron and steel,2028,2.5831,,2.5831,3.35803,C,true
Türkiye,73269092,"Articles of iron or steel, open-die forged, n.e.s.",Iron and steel,2026,3,,3,3.3,C,true
Türkiye,73269092,"Articles of iron or steel, open-die forged, n.e.s.",Iron and steel,2027,3,,3,3.6,C,true
Türkiye,73269092,"Articles of iron or steel, open-die forged, n.e.s.",Iron and steel,2028,3,,3,3.9,C,true
Türkiye,73269094,"Articles of iron or steel, closed-die forged, n.e.s.",Iron and steel,2026,3,,3,3.3,C,true
Türkiye,73269094,"Articles of iron or steel, closed-die forged, n.e.s.",Iron and steel,2027,3,,3,3.6,C,true
Türkiye,73269094,"Articles of iron or steel, closed-die forged, n.e.s.",Iron and steel,2028,3,,3,3.9,C,true
Türkiye,73269096,"Sintered articles of iron or steel, n.e.s.",Iron and steel,2026,3,,3,3.3,C,true
Türkiye,73269096,"Sintered articles of iron or steel, n.e.s.",Iron and steel,2027,3,,3,3.6,C,true
Türkiye,73269096,"Sintered articles of iron or steel, n.e.s.",Iron and steel,2028,3,,3,3.9,C,true
Türkiye,73269098,"Articles of iron or steel, n.e.s.",Iron and steel,2026,2.5831,,2.5831,2.84141,C,true
Türkiye,73269098,"Articles of iron or steel, n.e.s.",Iron and steel,2027,2.5831,,2.5831,3.09972,C,true
Türkiye,73269098,"Articles of iron or steel, n.e.s.",Iron and steel,2028,2.5831,,2.5831,3.35803,C,true
